CN,eval_period,LAT,LON,v4_class,v5_class,silc_val,hagan_val
171137460020004,2014-2018,45.17267,-68.5063,Not LSOG,Not LSOG,,
171137461020004,2014-2018,44.501913,-69.149634,Not LSOG,Not LSOG,,
171137462020004,2014-2018,44.44746,-69.41475,Transitioning LS,Not LSOG,,
171137463020004,2014-2018,45.11954,-69.3846,Transitioning LS,Transitioning LS,,
171137464020004,2014-2018,45.05531,-69.41798,Not LSOG,Not LSOG,,
171137465020004,2014-2018,45.07827,-69.62557,Not LSOG,Not LSOG,,
171137466020004,2014-2018,44.86515,-69.77111,Transitioning LS,Transitioning LS,,
171137468020004,2014-2018,43.80892,-70.61034,Not LSOG,Not LSOG,,
171137469020004,2014-2018,43.64735,-70.55777,LS,Transitioning LS,,
171137471020004,2014-2018,46.07537,-68.95256,Not LSOG,Not LSOG,,1
171137473020004,2014-2018,43.75499,-70.82077,Transitioning LS,Transitioning LS,,
171137474020004,2014-2018,43.68409,-70.87732,Not LSOG,Not LSOG,,
171137475020004,2014-2018,45.25897,-69.12843,Transitioning LS,Transitioning LS,,
171137476020004,2014-2018,44.87902,-69.20877,Not LSOG,Not LSOG,,
171137477020004,2014-2018,44.89015,-69.22557,Not LSOG,Not LSOG,,
171137478020004,2014-2018,43.90703,-69.97304,Transitioning LS,Transitioning LS,,
171137479020004,2014-2018,43.82845,-70.21128,Transitioning LS,Transitioning LS,,
171137480020004,2014-2018,46.35269,-69.92032,Not LSOG,Not LSOG,,1
171137481020004,2014-2018,46.15046,-70.08663,Not LSOG,Not LSOG,,1
171137482020004,2014-2018,45.672,-68.2683,Not LSOG,Not LSOG,,1
171137483020004,2014-2018,45.70618,-69.67177,Not LSOG,Not LSOG,,1
171137484020004,2014-2018,45.542099,-69.598127,Not LSOG,Not LSOG,,1
171137485020004,2014-2018,45.489507,-69.835638,Not LSOG,Not LSOG,,2
171137486020004,2014-2018,44.56878,-68.35525,Not LSOG,Not LSOG,,
171137488020004,2014-2018,44.65971,-69.12684,Not LSOG,Not LSOG,,
171137489020004,2014-2018,44.49353,-69.30602,Not LSOG,Not LSOG,,
171137491020004,2014-2018,44.97382,-67.71196,Not LSOG,Not LSOG,,1
171137493020004,2014-2018,44.98175,-68.31046,LS,Transitioning LS,,1
171137495020004,2014-2018,45.65391,-68.14088,Not LSOG,Not LSOG,,1
171137496020004,2014-2018,45.00817,-68.47659,Not LSOG,Not LSOG,,1
171137497020004,2014-2018,44.49605,-68.72895,Not LSOG,Not LSOG,,
171137498020004,2014-2018,44.02668,-69.29658,Transitioning LS,Not LSOG,,
171137499020004,2014-2018,46.0967,-67.91861,Transitioning LS,Not LSOG,,
171137500020004,2014-2018,47.08529,-69.48739,Not LSOG,Not LSOG,1,1
171137501020004,2014-2018,46.5672,-69.7213,LS,LS,2,2
171137502020004,2014-2018,44.14712,-70.91165,Not LSOG,Not LSOG,,
171137503020004,2014-2018,47.21953,-68.76635,Not LSOG,Not LSOG,,1
171137504020004,2014-2018,47.00511,-68.94493,Not LSOG,Not LSOG,,2
171137505020004,2014-2018,46.98189,-69.24086,LS,LS,,3
171137506020004,2014-2018,46.35016,-69.30619,Not LSOG,Not LSOG,1,1
171137507020004,2014-2018,46.38465,-69.49819,Not LSOG,Not LSOG,1,1
171137508020004,2014-2018,46.0535,-69.95988,Not LSOG,Not LSOG,,1
171137509020004,2014-2018,45.82641,-69.72528,Not LSOG,Not LSOG,,1
171137510020004,2014-2018,45.73062,-68.53447,Not LSOG,Not LSOG,,
171137511020004,2014-2018,45.14584,-68.94638,Transitioning LS,Not LSOG,,2
171137512020004,2014-2018,44.89336,-69.34765,Not LSOG,Not LSOG,,
171137513020004,2014-2018,44.31165,-69.65106,Not LSOG,Not LSOG,,
171137516020004,2014-2018,46.95804,-67.93423,Not LSOG,Not LSOG,,3
171137517020004,2014-2018,45.77428,-69.01119,Not LSOG,Not LSOG,,1
171137518020004,2014-2018,45.07786,-68.43251,Not LSOG,Not LSOG,,2
171137519020004,2014-2018,44.19612,-69.35685,Not LSOG,Not LSOG,,
171137520020004,2014-2018,46.17085,-67.85595,Not LSOG,Not LSOG,,
171137521020004,2014-2018,45.86039,-68.10142,Not LSOG,Not LSOG,,1
171137522020004,2014-2018,45.27968,-68.65479,Not LSOG,Not LSOG,,
171137523020004,2014-2018,44.64059,-69.1839,Not LSOG,Not LSOG,,
171137524020004,2014-2018,44.33104,-69.23332,Not LSOG,Not LSOG,,
171137525020004,2014-2018,45.2794,-70.76312,Transitioning LS,Transitioning LS,,1
171137526020004,2014-2018,46.5179,-68.77071,Not LSOG,Not LSOG,,1
171137527020004,2014-2018,46.40589,-69.05846,Not LSOG,Not LSOG,,1
171137528020004,2014-2018,46.11802,-69.30708,Not LSOG,Not LSOG,,1
171137529020004,2014-2018,45.86939,-69.72761,Not LSOG,Not LSOG,,1
171137530020004,2014-2018,45.56468,-69.77216,Transitioning LS,Not LSOG,,1
171137531020004,2014-2018,45.05375,-70.01802,Not LSOG,Not LSOG,,1
171137532020004,2014-2018,44.72886,-70.4873,Not LSOG,Not LSOG,,
171137533020004,2014-2018,44.47701,-70.46535,Transitioning LS,Not LSOG,,
171137534020004,2014-2018,44.04445,-70.15552,Not LSOG,Not LSOG,,
171137535020004,2014-2018,43.65028,-70.72471,Not LSOG,Not LSOG,,
171137536020004,2014-2018,44.9337,-67.35585,Transitioning LS,Not LSOG,,1
171137537020004,2014-2018,44.95066,-67.53303,Not LSOG,Not LSOG,,1
171137538020004,2014-2018,44.64832,-67.60452,Not LSOG,Not LSOG,,
171137539020004,2014-2018,45.10091,-67.89125,Not LSOG,Not LSOG,,2
171137540020004,2014-2018,44.88406,-67.83771,Transitioning LS,Not LSOG,,2
171137541020004,2014-2018,45.44466,-67.69255,Not LSOG,Not LSOG,,1
171137542020004,2014-2018,45.02623,-68.18843,Not LSOG,Not LSOG,,2
171137543020004,2014-2018,45.47238,-67.88829,Not LSOG,Not LSOG,,1
171137544020004,2014-2018,45.4205,-68.11448,Not LSOG,Not LSOG,,1
171137545020004,2014-2018,46.16438,-69.67264,Not LSOG,Not LSOG,1,1
171137546020004,2014-2018,46.3148,-69.54612,Not LSOG,Not LSOG,1,1
171137547020004,2014-2018,46.09442,-69.7283,Not LSOG,Not LSOG,1,1
171137548020004,2014-2018,46.01182,-69.61386,Not LSOG,Not LSOG,,1
171137549020004,2014-2018,45.92388,-69.64079,Not LSOG,Not LSOG,,2
171137550020004,2014-2018,46.02128,-69.79833,Not LSOG,Not LSOG,,1
171137551020004,2014-2018,45.963,-69.85366,Not LSOG,Not LSOG,,2
171137552020004,2014-2018,45.8953,-69.88728,Not LSOG,Not LSOG,,
171137553020004,2014-2018,45.71254,-69.84744,Not LSOG,Not LSOG,,1
171137554020004,2014-2018,45.82038,-69.99844,Not LSOG,Not LSOG,,1
171137555020004,2014-2018,45.74391,-70.02394,Not LSOG,Not LSOG,,1
171137556020004,2014-2018,44.41771,-69.91411,Not LSOG,Not LSOG,,
171137557020004,2014-2018,44.35539,-69.99907,Transitioning LS,Transitioning LS,,
171137558020004,2014-2018,44.43576,-70.1141,Not LSOG,Not LSOG,,
171137559020004,2014-2018,44.28997,-70.01021,Transitioning LS,Transitioning LS,,
171137560020004,2014-2018,44.39405,-70.18732,Not LSOG,Not LSOG,,
171137561020004,2014-2018,44.29082,-70.22152,Not LSOG,Not LSOG,,
171137562020004,2014-2018,44.21095,-70.11499,Not LSOG,Not LSOG,,
171137564020004,2014-2018,44.22578,-70.28043,Not LSOG,Not LSOG,,
171137565020004,2014-2018,44.18396,-70.27684,Not LSOG,Not LSOG,,
171137566020004,2014-2018,44.16024,-70.34481,Not LSOG,Not LSOG,,
171137567020004,2014-2018,44.09586,-70.42465,Transitioning LS,Transitioning LS,,
171137568020004,2014-2018,43.84462,-70.32301,Transitioning LS,Transitioning LS,,
171137569020004,2014-2018,43.86452,-70.35046,Not LSOG,Not LSOG,,
171137570020004,2014-2018,44.03289,-70.44644,Not LSOG,Not LSOG,,
171137571020004,2014-2018,43.34346,-70.62373,Transitioning LS,Transitioning LS,,
171137572020004,2014-2018,43.27463,-70.67314,Not LSOG,Not LSOG,,
171137573020004,2014-2018,43.21555,-70.61081,Not LSOG,Not LSOG,,
171137574020004,2014-2018,43.19065,-70.70089,Transitioning LS,Transitioning LS,,
171137575020004,2014-2018,44.9374,-69.1312,Not LSOG,Not LSOG,,
171137576020004,2014-2018,44.97765,-69.31135,Not LSOG,Not LSOG,,
171137577020004,2014-2018,44.74937,-69.31992,Not LSOG,Not LSOG,,
171137578020004,2014-2018,44.65259,-69.35448,LS,LS,,
171137579020004,2014-2018,45.0069,-69.51714,Transitioning LS,Not LSOG,,
171137583020004,2014-2018,46.47353,-67.83011,Not LSOG,Not LSOG,,
171137585020004,2014-2018,46.70617,-67.78951,Not LSOG,Not LSOG,,
171137586020004,2014-2018,46.63095,-67.83811,Not LSOG,Not LSOG,,
171137587020004,2014-2018,43.93677,-70.30433,Not LSOG,Not LSOG,,
171137589020004,2014-2018,43.79887,-70.44832,Not LSOG,Not LSOG,,
171137590020004,2014-2018,43.72919,-70.52751,Not LSOG,Not LSOG,,
171137591020004,2014-2018,43.59024,-70.58731,Transitioning LS,Transitioning LS,,
171137592020004,2014-2018,43.50531,-70.66323,Not LSOG,Not LSOG,,
171137593020004,2014-2018,43.71061,-70.81737,Not LSOG,Not LSOG,,
171137594020004,2014-2018,43.43493,-70.7151,Transitioning LS,Not LSOG,,
171137595020004,2014-2018,43.54579,-70.84187,Not LSOG,Not LSOG,,
171137596020004,2014-2018,43.52978,-70.91152,Not LSOG,Not LSOG,,
171137597020004,2014-2018,43.3649,-70.75878,Not LSOG,Not LSOG,,
171137598020004,2014-2018,43.28716,-70.81988,Not LSOG,Not LSOG,,
171137599020004,2014-2018,45.54182,-69.01189,Not LSOG,Not LSOG,,1
171137600020004,2014-2018,45.62444,-69.15111,Transitioning LS,Not LSOG,,1
171137601020004,2014-2018,45.58707,-69.20221,Not LSOG,Not LSOG,,1
171137602020004,2014-2018,45.47299,-69.07309,Not LSOG,Not LSOG,,1
171137603020004,2014-2018,45.28316,-69.25412,Not LSOG,Not LSOG,,3
171137604020004,2014-2018,45.50276,-69.22726,Not LSOG,Not LSOG,,1
171137605020004,2014-2018,45.34045,-69.17598,Transitioning LS,Transitioning LS,,1
171137606020004,2014-2018,45.51996,-69.30073,Not LSOG,Not LSOG,,1
171137607020004,2014-2018,45.41257,-69.27837,Not LSOG,Not LSOG,,1
171137608020004,2014-2018,45.37153,-69.35662,Not LSOG,Not LSOG,,1
171137609020004,2014-2018,45.25597,-69.2544,Not LSOG,Not LSOG,,
171137610020004,2014-2018,45.17945,-69.29082,Not LSOG,Not LSOG,,
171137611020004,2014-2018,45.27763,-69.41725,LS,Transitioning LS,,2
171137612020004,2014-2018,45.23498,-69.49242,Not LSOG,Not LSOG,,3
171137613020004,2014-2018,45.14241,-69.49943,Not LSOG,Not LSOG,,
171137615020004,2014-2018,46.26196,-67.99806,Not LSOG,Not LSOG,,1
171137616020004,2014-2018,45.99459,-67.84537,Not LSOG,Not LSOG,,1
171137618020004,2014-2018,46.03014,-67.99657,Not LSOG,Not LSOG,,
171137619020004,2014-2018,45.96682,-68.04375,Not LSOG,Not LSOG,,1
171137620020004,2014-2018,46.0537,-68.17363,Transitioning LS,Transitioning LS,,
171137621020004,2014-2018,45.86872,-68.17836,Not LSOG,Not LSOG,,1
171137622020004,2014-2018,45.79221,-67.99894,Not LSOG,Not LSOG,,
171137623020004,2014-2018,45.73761,-68.05742,Transitioning LS,Transitioning LS,,2
171137624020004,2014-2018,45.81336,-68.16958,Not LSOG,Not LSOG,,1
171137625020004,2014-2018,45.73563,-68.22397,Not LSOG,Not LSOG,,1
171137626020004,2014-2018,45.84593,-68.3317,Not LSOG,Not LSOG,,1
171137627020004,2014-2018,44.3315,-69.12525,Not LSOG,Not LSOG,,
171137628020004,2014-2018,44.42173,-69.13169,Not LSOG,Not LSOG,,
171137630020004,2014-2018,44.12427,-69.16975,Not LSOG,Not LSOG,,
171137631020004,2014-2018,44.07625,-69.0576,Transitioning LS,Transitioning LS,,
171137633020004,2014-2018,44.10074,-69.2383,Not LSOG,Not LSOG,,
171137634020004,2014-2018,44.05677,-69.23601,Not LSOG,Not LSOG,,
171137635020004,2014-2018,43.98818,-69.51656,Not LSOG,Not LSOG,,
171137636020004,2014-2018,44.92615,-67.77464,Transitioning LS,Not LSOG,,1
171137637020004,2014-2018,45.01112,-67.91339,Not LSOG,Not LSOG,,1
171137638020004,2014-2018,46.55121,-67.79527,Not LSOG,Not LSOG,,
171137641020004,2014-2018,46.21535,-67.98039,Not LSOG,Not LSOG,,1
171137642020004,2014-2018,46.48788,-67.9661,Not LSOG,Not LSOG,,1
171137643020004,2014-2018,46.36405,-67.86238,Not LSOG,Not LSOG,,
171137644020004,2014-2018,46.35211,-68.12046,Not LSOG,Not LSOG,,1
171137645020004,2014-2018,46.1907,-68.04927,Not LSOG,Not LSOG,,
171137646020004,2014-2018,46.12074,-68.11501,Not LSOG,Not LSOG,,
171137647020004,2014-2018,46.26756,-68.33864,Not LSOG,Not LSOG,,1
171137648020004,2014-2018,46.14429,-68.16435,Not LSOG,Not LSOG,,
171137649020004,2014-2018,45.75766,-67.83538,Not LSOG,Not LSOG,,
171137650020004,2014-2018,45.84685,-67.92282,Not LSOG,Not LSOG,,
171137651020004,2014-2018,45.72897,-67.83048,Not LSOG,Not LSOG,,
171137652020004,2014-2018,45.6946,-67.85877,Not LSOG,Not LSOG,,
171137655020004,2014-2018,45.53197,-67.9556,Not LSOG,Not LSOG,,2
171137656020004,2014-2018,45.49019,-68.06919,Not LSOG,Not LSOG,,1
171137657020004,2014-2018,44.86221,-68.47808,Not LSOG,Not LSOG,,
171137658020004,2014-2018,44.54882,-68.47232,Not LSOG,Not LSOG,,
171137659020004,2014-2018,44.68255,-68.73187,Not LSOG,Not LSOG,,
171137660020004,2014-2018,44.39909,-68.57862,Transitioning LS,Not LSOG,,
171137662020004,2014-2018,44.46481,-69.15438,Not LSOG,Not LSOG,,
171137663020004,2014-2018,44.61915,-69.23531,Not LSOG,Not LSOG,,
171137664020004,2014-2018,44.55956,-69.2493,Not LSOG,Not LSOG,,
171137665020004,2014-2018,44.27866,-69.28741,Not LSOG,Not LSOG,,
171137666020004,2014-2018,44.38044,-69.36018,Transitioning LS,Not LSOG,,
171137667020004,2014-2018,44.37813,-69.59376,Not LSOG,Not LSOG,,
171137669020004,2014-2018,44.11048,-69.42583,Transitioning LS,Not LSOG,,
171137670020004,2014-2018,44.05184,-69.46112,Not LSOG,Not LSOG,,
171137671020004,2014-2018,44.1483,-69.59167,Not LSOG,Not LSOG,,
171137672020004,2014-2018,43.99969,-69.69451,Transitioning LS,Transitioning LS,,
171137673020004,2014-2018,44.02442,-69.63737,Transitioning LS,Transitioning LS,,
171137675020004,2014-2018,43.93328,-69.76058,Not LSOG,Not LSOG,,
171137676020004,2014-2018,43.8629,-69.78851,Not LSOG,Not LSOG,,
171137677020004,2014-2018,43.9567,-69.94797,Not LSOG,Not LSOG,,
171137678020004,2014-2018,43.74487,-69.86716,LS,Transitioning LS,,
171137680020004,2014-2018,45.60044,-68.18605,LS,Transitioning LS,,1
171137681020004,2014-2018,45.52283,-68.23083,Not LSOG,Not LSOG,,1
171137682020004,2014-2018,45.59761,-68.3375,Not LSOG,Not LSOG,,2
171137683020004,2014-2018,45.54666,-68.39389,Not LSOG,Not LSOG,,
171137684020004,2014-2018,45.63625,-68.52776,Transitioning LS,Not LSOG,,
171137685020004,2014-2018,45.47432,-68.47343,Not LSOG,Not LSOG,,
171137686020004,2014-2018,45.37931,-68.39461,Not LSOG,Not LSOG,,
171137687020004,2014-2018,45.31279,-68.43383,Not LSOG,Not LSOG,,
171137689020004,2014-2018,45.33956,-68.58089,OG,OG,,
171137690020004,2014-2018,45.50029,-68.6491,Not LSOG,Not LSOG,,
171137691020004,2014-2018,45.30151,-67.81397,Not LSOG,Not LSOG,,1
171137695020004,2014-2018,45.615083,-67.768481,Not LSOG,Not LSOG,,
171137696020004,2014-2018,47.01647,-69.56853,Not LSOG,Not LSOG,1,1
171137697020004,2014-2018,46.98444,-69.61657,Transitioning LS,Not LSOG,1,1
171137698020004,2014-2018,46.91904,-69.60625,Not LSOG,Not LSOG,,1
171137699020004,2014-2018,46.88847,-69.65114,Not LSOG,Not LSOG,,1
171137700020004,2014-2018,46.79398,-69.7389,Not LSOG,Not LSOG,,1
171137701020004,2014-2018,46.73312,-69.82278,Not LSOG,Not LSOG,,1
171137702020004,2014-2018,46.63551,-69.85749,Not LSOG,Not LSOG,,1
171137703020004,2014-2018,46.58196,-69.91342,Not LSOG,Not LSOG,,1
171137704020004,2014-2018,46.55786,-69.90897,Not LSOG,Not LSOG,,1
171137705020004,2014-2018,46.49862,-69.96287,Not LSOG,Not LSOG,,1
171137706020004,2014-2018,46.44946,-70.03276,Not LSOG,Not LSOG,,1
171137707020004,2014-2018,46.94999,-69.18779,Not LSOG,Not LSOG,,2
171137708020004,2014-2018,47.02332,-69.13902,Transitioning LS,Transitioning LS,,2
171137709020004,2014-2018,47.12838,-69.23685,Not LSOG,Not LSOG,,1
171137710020004,2014-2018,44.13854,-69.69594,Not LSOG,Not LSOG,,
171137711020004,2014-2018,45.39938,-67.94866,Not LSOG,Not LSOG,,1
171137713020004,2014-2018,45.16423,-67.93737,Transitioning LS,Not LSOG,,1
171137714020004,2014-2018,45.18849,-68.11492,Not LSOG,Not LSOG,,
171137715020004,2014-2018,45.02883,-68.06517,Not LSOG,Not LSOG,,1
171137716020004,2014-2018,44.95424,-68.13442,Not LSOG,Not LSOG,,1
171137717020004,2014-2018,44.82009,-68.21721,Transitioning LS,Transitioning LS,,1
171137718020004,2014-2018,44.30011,-68.32499,Not LSOG,Not LSOG,,
171137719020004,2014-2018,44.15078,-68.4252,Not LSOG,Not LSOG,,
171137720020004,2014-2018,44.23756,-68.53436,Not LSOG,Not LSOG,,
171137721020004,2014-2018,47.22813,-69.35207,Not LSOG,Not LSOG,,2
171137722020004,2014-2018,47.17293,-69.42864,Not LSOG,Not LSOG,,2
171137723020004,2014-2018,47.03883,-69.23779,Transitioning LS,Not LSOG,,1
171137724020004,2014-2018,47.00762,-69.36499,Not LSOG,Not LSOG,2,2
171137725020004,2014-2018,46.82682,-69.31542,Transitioning LS,Not LSOG,,2
171137726020004,2014-2018,46.74131,-69.3956,LS,LS,,1
171137727020004,2014-2018,46.85419,-69.49032,Not LSOG,Not LSOG,,2
171137728020004,2014-2018,46.77383,-69.55889,Not LSOG,Not LSOG,,3
171137729020004,2014-2018,46.69875,-69.44342,Not LSOG,Not LSOG,,1
171137730020004,2014-2018,46.5475,-69.54962,Not LSOG,Not LSOG,,1
171137731020004,2014-2018,46.70417,-69.61117,Transitioning LS,Not LSOG,1,1
171137732020004,2014-2018,46.64637,-69.66546,Transitioning LS,Not LSOG,,1
171137733020004,2014-2018,47.26549,-68.49581,Not LSOG,Not LSOG,,
171137734020004,2014-2018,47.21127,-68.568,Not LSOG,Not LSOG,,
171137735020004,2014-2018,47.15255,-68.8232,Transitioning LS,Transitioning LS,,3
171137736020004,2014-2018,47.00999,-68.70677,Not LSOG,Not LSOG,,1
171137737020004,2014-2018,46.98747,-68.72669,Not LSOG,Not LSOG,,1
171137738020004,2014-2018,47.07376,-68.87533,Not LSOG,Not LSOG,,1
171137739020004,2014-2018,47.10065,-69.06653,Not LSOG,Not LSOG,,2
171137740020004,2014-2018,46.98121,-68.88214,LS,LS,,1
171137741020004,2014-2018,46.94179,-68.97392,Not LSOG,Not LSOG,,1
171137742020004,2014-2018,46.81361,-68.8635,Not LSOG,Not LSOG,,1
171137743020004,2014-2018,46.77695,-68.95245,Not LSOG,Not LSOG,,2
171137744020004,2014-2018,46.87566,-69.0637,Not LSOG,Not LSOG,,1
171137745020004,2014-2018,46.80731,-69.14262,Not LSOG,Not LSOG,,1
171137746020004,2014-2018,44.38255,-70.92356,Not LSOG,Not LSOG,,
171137747020004,2014-2018,44.23523,-70.85192,Not LSOG,Not LSOG,,
171137748020004,2014-2018,44.06689,-70.82662,Not LSOG,Not LSOG,,
171137749020004,2014-2018,43.98435,-70.8458,Not LSOG,Not LSOG,,
171137751020004,2014-2018,43.85099,-70.96729,Not LSOG,Not LSOG,,
171137752020004,2014-2018,44.61627,-70.93195,Transitioning LS,Not LSOG,,2
171137753020004,2014-2018,44.52978,-70.81161,Not LSOG,Not LSOG,,
171137754020004,2014-2018,44.73726,-71.0085,Transitioning LS,Transitioning LS,,1
171137755020004,2014-2018,44.52411,-70.98813,Transitioning LS,Transitioning LS,,
171137756020004,2014-2018,44.45127,-70.99455,Not LSOG,Not LSOG,,1
171137757020004,2014-2018,44.30993,-70.98529,Not LSOG,Not LSOG,,3
171137758020004,2014-2018,45.11822,-70.45211,Not LSOG,Not LSOG,,1
171137759020004,2014-2018,44.85752,-70.3763,Not LSOG,Not LSOG,,
171137760020004,2014-2018,44.80971,-70.41845,Not LSOG,Not LSOG,,
171137761020004,2014-2018,44.64276,-70.29702,Not LSOG,Not LSOG,,
171137762020004,2014-2018,44.95182,-70.24935,Not LSOG,Not LSOG,,1
171137763020004,2014-2018,44.8059,-70.59916,LS,Transitioning LS,,1
171137764020004,2014-2018,44.64429,-70.5331,Not LSOG,Not LSOG,,
171137765020004,2014-2018,44.5782,-70.58568,Not LSOG,Not LSOG,,
171137766020004,2014-2018,44.41243,-70.52797,Not LSOG,Not LSOG,,
171137768020004,2014-2018,44.58306,-70.75826,Not LSOG,Not LSOG,,
171137769020004,2014-2018,44.43861,-70.70176,Not LSOG,Not LSOG,,
171137770020004,2014-2018,44.36171,-70.74604,Not LSOG,Not LSOG,,
171137771020004,2014-2018,44.29253,-70.64487,Not LSOG,Not LSOG,,
171137772020004,2014-2018,44.19921,-70.68856,Not LSOG,Not LSOG,,
171137773020004,2014-2018,44.28933,-70.80872,Transitioning LS,Not LSOG,,2
171137774020004,2014-2018,46.46835,-69.00275,Not LSOG,Not LSOG,,1
171137775020004,2014-2018,46.4982,-68.93607,Not LSOG,Not LSOG,1,1
171137776020004,2014-2018,46.44025,-69.24455,Not LSOG,Not LSOG,,1
171137777020004,2014-2018,46.3331,-69.12721,Not LSOG,Not LSOG,1,1
171137778020004,2014-2018,46.26266,-69.19094,Not LSOG,Not LSOG,,1
171137779020004,2014-2018,46.16035,-69.0679,Transitioning LS,Transitioning LS,,2
171137780020004,2014-2018,46.10584,-69.11782,Not LSOG,Not LSOG,,1
171137781020004,2014-2018,46.16743,-69.43229,Not LSOG,Not LSOG,,1
171137782020004,2014-2018,46.2895,-69.24199,Not LSOG,Not LSOG,,2
171137783020004,2014-2018,46.31191,-69.36544,Transitioning LS,Transitioning LS,,2
171137784020004,2014-2018,46.05301,-69.3699,Not LSOG,Not LSOG,,2
171137785020004,2014-2018,45.95068,-69.24463,Not LSOG,Not LSOG,,1
171137786020004,2014-2018,45.15779,-70.71784,Not LSOG,Not LSOG,,1
171137787020004,2014-2018,45.14929,-70.87762,Transitioning LS,Transitioning LS,1,1
171137788020004,2014-2018,45.08606,-70.95869,Not LSOG,Not LSOG,,2
171137789020004,2014-2018,44.94339,-70.87161,Transitioning LS,Transitioning LS,,2
171137790020004,2014-2018,44.86613,-70.96858,Not LSOG,Not LSOG,1,1
171137791020004,2014-2018,45.27172,-69.84795,Not LSOG,Not LSOG,,2
171137792020004,2014-2018,45.35295,-69.94923,Not LSOG,Not LSOG,,2
171137794020004,2014-2018,45.20769,-70.06942,Not LSOG,Not LSOG,,2
171137795020004,2014-2018,45.13094,-70.12514,Not LSOG,Not LSOG,,2
171137796020004,2014-2018,45.22663,-70.2544,Not LSOG,Not LSOG,,1
171137797020004,2014-2018,45.08327,-70.1799,Not LSOG,Not LSOG,,2
171137798020004,2014-2018,44.9116,-70.12261,Not LSOG,Not LSOG,,
171137799020004,2014-2018,44.73544,-70.52928,LS,LS,,1
171137800020004,2014-2018,45.02173,-70.29526,Transitioning LS,Transitioning LS,,1
171137801020004,2014-2018,45.839,-70.1523,Not LSOG,Not LSOG,,1
171137802020004,2014-2018,45.71618,-69.96426,Not LSOG,Not LSOG,,1
171137803020004,2014-2018,45.67807,-70.08242,Not LSOG,Not LSOG,,1
171137804020004,2014-2018,45.58115,-69.96186,Not LSOG,Not LSOG,,1
171137805020004,2014-2018,45.52005,-70.03688,Not LSOG,Not LSOG,,1
171137806020004,2014-2018,45.61954,-70.13451,Not LSOG,Not LSOG,,1
171137807020004,2014-2018,45.55245,-70.20073,Not LSOG,Not LSOG,,1
171137808020004,2014-2018,45.73978,-70.38813,Not LSOG,Not LSOG,,
171137809020004,2014-2018,45.47383,-70.28064,Not LSOG,Not LSOG,,1
171137810020004,2014-2018,45.37149,-70.13441,Not LSOG,Not LSOG,,1
171137811020004,2014-2018,45.30436,-70.1845,Not LSOG,Not LSOG,,1
171137812020004,2014-2018,45.40718,-70.32434,Transitioning LS,Transitioning LS,,2
171137813020004,2014-2018,45.25196,-70.43739,Not LSOG,Not LSOG,,1
171137814020004,2014-2018,45.42945,-70.51838,LS,Transitioning LS,,1
171137815020004,2014-2018,45.30214,-70.31325,Not LSOG,Not LSOG,,1
171137816020004,2014-2018,45.324,-70.36065,Not LSOG,Not LSOG,,1
171137818020004,2014-2018,45.99335,-69.46348,Not LSOG,Not LSOG,,1
171137819020004,2014-2018,46.07783,-69.55849,Not LSOG,Not LSOG,,1
171137820020004,2014-2018,45.92666,-69.46837,Not LSOG,Not LSOG,,1
171137821020004,2014-2018,45.84281,-69.54525,Not LSOG,Not LSOG,,1
171137822020004,2014-2018,45.74918,-69.39915,Not LSOG,Not LSOG,,1
171137823020004,2014-2018,45.70227,-69.4735,Not LSOG,Not LSOG,,1
171137824020004,2014-2018,45.77118,-69.59881,Not LSOG,Not LSOG,,3
171137825020004,2014-2018,45.64326,-69.75657,Not LSOG,Not LSOG,,1
171137826020004,2014-2018,45.49564,-69.66084,Transitioning LS,Transitioning LS,,1
171137827020004,2014-2018,45.65625,-69.89377,Not LSOG,Not LSOG,,1
171137828020004,2014-2018,45.41774,-69.89531,Not LSOG,Not LSOG,,1
171137829020004,2014-2018,45.34155,-69.73649,Not LSOG,Not LSOG,,1
171137830020004,2014-2018,47.30131,-68.25556,Not LSOG,Not LSOG,,
171137831020004,2014-2018,47.20893,-68.13661,Not LSOG,Not LSOG,,
171137832020004,2014-2018,46.93604,-68.158,Not LSOG,Not LSOG,,
171137835020004,2014-2018,47.07815,-68.43281,Not LSOG,Not LSOG,,1
171137836020004,2014-2018,47.00281,-68.32146,Not LSOG,Not LSOG,,1
171137837020004,2014-2018,46.93648,-68.38852,Not LSOG,Not LSOG,,1
171137838020004,2014-2018,46.32744,-70.10409,Not LSOG,Not LSOG,,1
171137839020004,2014-2018,46.30474,-70.15374,Not LSOG,Not LSOG,,1
171137840020004,2014-2018,46.24489,-70.20995,Not LSOG,Not LSOG,,1
171137841020004,2014-2018,45.33212,-70.95529,Not LSOG,Not LSOG,,1
171137842020004,2014-2018,45.29734,-70.99558,Not LSOG,Not LSOG,,1
171137843020004,2014-2018,45.25144,-71.02234,Not LSOG,Not LSOG,,1
171137845020004,2014-2018,44.18285,-70.50684,Not LSOG,Not LSOG,,
171137846020004,2014-2018,44.09506,-70.57712,Not LSOG,Not LSOG,,
171137847020004,2014-2018,44.15608,-70.70581,Transitioning LS,Transitioning LS,,
171137848020004,2014-2018,44.03985,-70.6403,Transitioning LS,Transitioning LS,,
171137849020004,2014-2018,43.95661,-70.66054,Not LSOG,Not LSOG,,
171137850020004,2014-2018,43.90212,-70.74017,Not LSOG,Not LSOG,,
171137851020004,2014-2018,43.91643,-70.91001,Not LSOG,Not LSOG,,
171137852020004,2014-2018,44.90344,-69.51262,Transitioning LS,Not LSOG,,
171137853020004,2014-2018,45.00711,-69.64585,Not LSOG,Not LSOG,,
171137855020004,2014-2018,45.02929,-69.42343,Not LSOG,Not LSOG,,
171137856020004,2014-2018,44.77651,-69.67994,Not LSOG,Not LSOG,,
171137857020004,2014-2018,44.70345,-69.69609,Not LSOG,Not LSOG,,
171137860020004,2014-2018,44.65454,-69.94899,Not LSOG,Not LSOG,,
171137861020004,2014-2018,44.44814,-69.97718,Not LSOG,Not LSOG,,
171137862020004,2014-2018,44.58862,-70.00058,Not LSOG,Not LSOG,,
171137863020004,2014-2018,44.51859,-70.0525,Not LSOG,Not LSOG,,
171137864020004,2014-2018,46.58278,-68.08921,Not LSOG,Not LSOG,,
171137865020004,2014-2018,46.77074,-68.0663,Not LSOG,Not LSOG,,
171137866020004,2014-2018,46.68475,-68.21526,Not LSOG,Not LSOG,,
171137867020004,2014-2018,46.6165,-68.27824,Transitioning LS,Not LSOG,,1
171137868020004,2014-2018,46.50304,-68.12421,Not LSOG,Not LSOG,,1
171137869020004,2014-2018,46.5716,-68.16323,Not LSOG,Not LSOG,1,
171137870020004,2014-2018,46.54581,-68.33313,Not LSOG,Not LSOG,,
171137871020004,2014-2018,46.40012,-68.28823,Not LSOG,Not LSOG,,1
171137872020004,2014-2018,46.47873,-68.40534,Not LSOG,Not LSOG,,
171137873020004,2014-2018,46.39286,-68.48542,Not LSOG,Not LSOG,,1
171137874020004,2014-2018,46.29017,-68.33259,Not LSOG,Not LSOG,,1
171137875020004,2014-2018,46.23428,-68.39933,Not LSOG,Not LSOG,,1
171137876020004,2014-2018,46.32703,-68.51906,Not LSOG,Not LSOG,,1
171137877020004,2014-2018,46.14671,-68.47632,Not LSOG,Not LSOG,,2
171137879020004,2014-2018,46.1944,-68.65395,Not LSOG,Not LSOG,,1
171137880020004,2014-2018,44.93013,-67.95938,Not LSOG,Not LSOG,,1
171137881020004,2014-2018,44.857,-67.8914,Not LSOG,Not LSOG,,2
171137882020004,2014-2018,44.76173,-67.88135,Not LSOG,Not LSOG,,1
171137883020004,2014-2018,44.86236,-68.01613,Transitioning LS,Not LSOG,,2
171137884020004,2014-2018,44.69997,-67.94882,Not LSOG,Not LSOG,,1
171137885020004,2014-2018,44.79812,-68.07063,Transitioning LS,Transitioning LS,,2
171137886020004,2014-2018,44.72547,-68.16763,Not LSOG,Not LSOG,,1
171137887020004,2014-2018,44.61349,-68.0002,Not LSOG,Not LSOG,,2
171137888020004,2014-2018,44.56048,-68.06313,Transitioning LS,Not LSOG,,1
171137889020004,2014-2018,44.65336,-68.19299,Not LSOG,Not LSOG,,
171137890020004,2014-2018,44.49637,-68.12756,Not LSOG,Not LSOG,,
171137891020004,2014-2018,44.66203,-68.30597,Not LSOG,Not LSOG,,
171137892020004,2014-2018,44.50902,-68.31112,Not LSOG,Not LSOG,,
171137895020004,2014-2018,44.74763,-67.72403,Not LSOG,Not LSOG,,1
171137896020004,2014-2018,45.67397,-67.80914,Not LSOG,Not LSOG,,
171137897020004,2014-2018,44.50905,-67.71106,Not LSOG,Not LSOG,,
171137898020004,2014-2018,44.47163,-67.94997,Not LSOG,Not LSOG,,
171137899020004,2014-2018,44.52416,-67.87414,Not LSOG,Not LSOG,,
171137902020004,2014-2018,46.38701,-69.6936,Not LSOG,Not LSOG,,1
171137903020004,2014-2018,46.20233,-69.84011,Not LSOG,Not LSOG,,1
171137904020004,2014-2018,46.11696,-69.91095,Transitioning LS,Transitioning LS,,1
171137905020004,2014-2018,46.24249,-70.09658,Not LSOG,Not LSOG,,2
171137906020004,2014-2018,45.99779,-69.99222,Not LSOG,Not LSOG,,1
171137907020004,2014-2018,45.9125,-70.09974,Not LSOG,Not LSOG,,1
171137908020004,2014-2018,45.08834,-70.37138,Not LSOG,Not LSOG,,1
171137909020004,2014-2018,45.18428,-70.48805,Not LSOG,Not LSOG,,2
171137911020004,2014-2018,45.37795,-69.5415,Not LSOG,Not LSOG,,2
171137912020004,2014-2018,45.4145,-69.71715,Not LSOG,Not LSOG,,1
171137913020004,2014-2018,45.32253,-69.58801,Transitioning LS,Not LSOG,,4
171137914020004,2014-2018,45.24978,-69.60052,Not LSOG,Not LSOG,,1
171137915020004,2014-2018,45.16008,-69.7295,Not LSOG,Not LSOG,,1
171137916020004,2014-2018,45.19177,-69.88966,Not LSOG,Not LSOG,,1
171137919020004,2014-2018,44.99126,-70.08135,Not LSOG,Not LSOG,,1
171137920020004,2014-2018,44.82142,-70.00662,Not LSOG,Not LSOG,,
171137921020004,2014-2018,46.02847,-68.58569,Not LSOG,Not LSOG,,1
171137922020004,2014-2018,46.13315,-68.73202,Not LSOG,Not LSOG,,1
171137923020004,2014-2018,45.969,-68.66199,Not LSOG,Not LSOG,,1
171137924020004,2014-2018,45.89075,-68.70738,Not LSOG,Not LSOG,,1
171137925020004,2014-2018,45.98575,-68.83408,Transitioning LS,Transitioning LS,,2
171137926020004,2014-2018,46.04882,-68.77131,Not LSOG,Not LSOG,,1
171137927020004,2014-2018,45.90548,-68.88698,Not LSOG,Not LSOG,,
171137928020004,2014-2018,45.85004,-68.93975,LS,LS,,1
171137929020004,2014-2018,45.7565,-68.95179,LS,LS,,3
171137930020004,2014-2018,45.60854,-68.93729,Not LSOG,Not LSOG,,1
171137931020004,2014-2018,45.70015,-69.05067,Not LSOG,Not LSOG,,1
171137932020004,2014-2018,44.46617,-69.60057,Not LSOG,Not LSOG,,
171137933020004,2014-2018,44.46972,-69.70766,LS,LS,,
171137934020004,2014-2018,44.24101,-69.70095,Not LSOG,Not LSOG,,
171137936020004,2014-2018,44.09692,-69.80331,Transitioning LS,Transitioning LS,,
171137937020004,2014-2018,44.02199,-69.87054,Not LSOG,Not LSOG,,
171137941020004,2014-2018,44.03527,-70.05233,Transitioning LS,Transitioning LS,,
171137942020004,2014-2018,46.07938,-68.2316,Not LSOG,Not LSOG,,
171137943020004,2014-2018,45.98693,-68.22394,Not LSOG,Not LSOG,,
171137944020004,2014-2018,45.72868,-68.41295,Not LSOG,Not LSOG,,1
171137945020004,2014-2018,46.01262,-68.4113,Not LSOG,Not LSOG,,
171137946020004,2014-2018,45.93035,-68.46755,Not LSOG,Not LSOG,,
171137947020004,2014-2018,45.77291,-68.41086,Transitioning LS,Not LSOG,,1
171137948020004,2014-2018,45.70065,-68.46628,Not LSOG,Not LSOG,,2
171137949020004,2014-2018,45.86837,-68.52064,Not LSOG,Not LSOG,,
171137950020004,2014-2018,45.79375,-68.59949,Not LSOG,Not LSOG,,2
171137951020004,2014-2018,45.74006,-68.65342,Not LSOG,Not LSOG,,1
171137952020004,2014-2018,45.21035,-70.66663,Not LSOG,Not LSOG,,
171137953020004,2014-2018,44.85558,-70.66316,Not LSOG,Not LSOG,,1
171137954020004,2014-2018,44.94878,-70.47427,Not LSOG,Not LSOG,,
171137955020004,2014-2018,44.96667,-70.65435,Not LSOG,Not LSOG,,1
171137956020004,2014-2018,44.90474,-70.73456,Not LSOG,Not LSOG,,2
171137957020004,2014-2018,44.873132,-70.647853,Not LSOG,Not LSOG,,1
171137958020004,2014-2018,44.91214,-70.67039,Not LSOG,Not LSOG,,1
171137959020004,2014-2018,44.65729,-70.77369,Transitioning LS,Transitioning LS,,
171137960020004,2014-2018,44.66366,-70.70668,Transitioning LS,Transitioning LS,,
171137961020004,2014-2018,44.6806,-70.88241,Not LSOG,Not LSOG,,1
171137962020004,2014-2018,44.76234,-70.81347,Not LSOG,Not LSOG,1,1
171137963020004,2014-2018,44.7584,-70.94845,Not LSOG,Not LSOG,1,1
171137964020004,2014-2018,46.73308,-69.1809,Not LSOG,Not LSOG,,1
171137965020004,2014-2018,46.64052,-69.06755,Not LSOG,Not LSOG,,1
171137966020004,2014-2018,46.40829,-69.15936,Not LSOG,Not LSOG,1,1
171137967020004,2014-2018,46.65206,-69.23662,Transitioning LS,Not LSOG,,1
171137968020004,2014-2018,46.62009,-69.25164,Not LSOG,Not LSOG,,1
171137969020004,2014-2018,46.60689,-69.48944,Not LSOG,Not LSOG,,1
171137970020004,2014-2018,46.52264,-69.36951,Not LSOG,Not LSOG,,1
171137971020004,2014-2018,46.56787,-69.23178,Not LSOG,Not LSOG,,1
171137972020004,2014-2018,46.50243,-69.17875,Not LSOG,Not LSOG,,1
171137973020004,2014-2018,47.03375,-68.4753,Not LSOG,Not LSOG,,1
171137975020004,2014-2018,44.76643,-70.19418,Not LSOG,Not LSOG,,
171137976020004,2014-2018,44.55177,-70.23636,Not LSOG,Not LSOG,,
171137977020004,2014-2018,44.57668,-70.41198,Not LSOG,Not LSOG,,
171137978020004,2014-2018,44.45568,-70.27107,Transitioning LS,Not LSOG,,
171137980020004,2014-2018,44.34538,-70.40581,Not LSOG,Not LSOG,,
171137981020004,2014-2018,46.432,-68.63638,Transitioning LS,Not LSOG,1,1
171137982020004,2014-2018,46.38415,-68.93598,Not LSOG,Not LSOG,,2
171137984020004,2014-2018,46.33356,-68.83147,Not LSOG,Not LSOG,,1
171137985020004,2014-2018,46.24273,-69.00174,Not LSOG,Not LSOG,,1
171137986020004,2014-2018,46.14397,-68.89571,Transitioning LS,Transitioning LS,,4
171137987020004,2014-2018,46.01533,-69.00075,Not LSOG,Not LSOG,,1
171137988020004,2014-2018,46.03798,-69.19352,Not LSOG,Not LSOG,,1
171137989020004,2014-2018,45.87333,-69.11964,Transitioning LS,Not LSOG,,1
171137990020004,2014-2018,47.022,-67.8997,Transitioning LS,Transitioning LS,,1
171137991020004,2014-2018,46.84378,-67.86186,Transitioning LS,Transitioning LS,,
171137994020004,2014-2018,46.81786,-68.08173,Not LSOG,Not LSOG,,
171137995020004,2014-2018,46.73387,-67.97707,LS,Transitioning LS,,
171137997020004,2014-2018,46.74777,-68.14588,Not LSOG,Not LSOG,,
171137998020004,2014-2018,45.33015,-68.00112,Not LSOG,Not LSOG,,
171137999020004,2014-2018,45.282852,-68.040238,Not LSOG,Not LSOG,,1
171138000020004,2014-2018,45.35346,-68.17171,Not LSOG,Not LSOG,,1
171138001020004,2014-2018,45.39322,-68.26523,LS,LS,,
171138002020004,2014-2018,45.28229,-68.12337,Not LSOG,Not LSOG,,
171138003020004,2014-2018,45.12159,-68.29552,Not LSOG,Not LSOG,,4
171138004020004,2014-2018,45.208,-68.31131,Not LSOG,Not LSOG,,
171138005020004,2014-2018,45.12068,-68.17936,Transitioning LS,Not LSOG,,2
171138006020004,2014-2018,45.04645,-68.24393,Not LSOG,Not LSOG,,1
171138007020004,2014-2018,45.14139,-68.36429,Transitioning LS,Not LSOG,,1
171138008020004,2014-2018,45.24076,-68.47567,Transitioning LS,Not LSOG,,
171138009020004,2014-2018,44.91191,-68.36571,Not LSOG,Not LSOG,,1
171138010020004,2014-2018,44.85619,-68.40268,Not LSOG,Not LSOG,,
171138011020004,2014-2018,47.13247,-68.62846,Not LSOG,Not LSOG,,
171138012020004,2014-2018,46.98475,-68.56301,Not LSOG,Not LSOG,,1
171138013020004,2014-2018,46.89571,-68.64395,Not LSOG,Not LSOG,,2
171138014020004,2014-2018,46.80677,-68.5165,Transitioning LS,Transitioning LS,,1
171138015020004,2014-2018,46.67247,-68.58681,Not LSOG,Not LSOG,,1
171138016020004,2014-2018,46.81758,-68.70829,Not LSOG,Not LSOG,1,1
171138017020004,2014-2018,46.91839,-68.81493,Not LSOG,Not LSOG,,1
171138018020004,2014-2018,46.7762,-68.7377,Not LSOG,Not LSOG,,1
171138019020004,2014-2018,46.78433,-68.83443,Not LSOG,Not LSOG,,4
171138020020004,2014-2018,46.67914,-68.70853,Not LSOG,Not LSOG,,1
171138021020004,2014-2018,46.59575,-68.87192,Not LSOG,Not LSOG,1,1
171138022020004,2014-2018,46.70687,-69.00405,Not LSOG,Not LSOG,,1
171138023020004,2014-2018,46.53893,-68.95357,Not LSOG,Not LSOG,1,1
171138024020004,2014-2018,45.80121,-69.18783,Transitioning LS,Transitioning LS,,2
171138025020004,2014-2018,45.834844,-69.367412,Not LSOG,Not LSOG,,1
171138026020004,2014-2018,45.72653,-69.24309,Not LSOG,Not LSOG,,1
171138027020004,2014-2018,45.6559,-69.31083,Transitioning LS,Not LSOG,,1
171138028020004,2014-2018,45.53569,-69.38613,Not LSOG,Not LSOG,,1
171138029020004,2014-2018,45.608795,-69.538179,Not LSOG,Not LSOG,,2
171138030020004,2014-2018,45.39674,-69.49171,Not LSOG,Not LSOG,,1
171138031020004,2014-2018,47.12343,-68.01779,Not LSOG,Not LSOG,,2
171138032020004,2014-2018,47.04074,-68.08214,Not LSOG,Not LSOG,,
171138033020004,2014-2018,43.89498,-70.15922,Not LSOG,Not LSOG,,
171138036020004,2014-2018,43.62318,-70.40477,Transitioning LS,Not LSOG,,
171138038020004,2014-2018,45.10318,-68.58572,Not LSOG,Not LSOG,,
171138039020004,2014-2018,45.19268,-68.71502,Not LSOG,Not LSOG,,
171138040020004,2014-2018,44.72188,-67.54791,Not LSOG,Not LSOG,,1
171138041020004,2014-2018,45.56521,-68.58842,Not LSOG,Not LSOG,,1
171138042020004,2014-2018,45.45256,-68.71903,Not LSOG,Not LSOG,,
171138043020004,2014-2018,47.43062,-69.18252,Not LSOG,Not LSOG,,2
171138044020004,2014-2018,47.39644,-69.23129,Not LSOG,Not LSOG,,1
171138045020004,2014-2018,47.35895,-69.23292,Not LSOG,Not LSOG,,1
171138046020004,2014-2018,47.28723,-69.31072,Not LSOG,Not LSOG,,1
171138047020004,2014-2018,46.0766,-70.03258,Not LSOG,Not LSOG,,1
171138048020004,2014-2018,46.00728,-70.20356,Not LSOG,Not LSOG,,1
171138049020004,2014-2018,47.07187,-68.25152,Not LSOG,Not LSOG,,1
171138050020004,2014-2018,46.9889,-68.13383,LS,Transitioning LS,,
171138051020004,2014-2018,46.91348,-68.21075,Transitioning LS,Not LSOG,,
171138052020004,2014-2018,46.8508,-68.2732,Transitioning LS,Transitioning LS,,
171138053020004,2014-2018,46.87133,-68.44309,Not LSOG,Not LSOG,,1
171138054020004,2014-2018,46.70056,-68.39982,Transitioning LS,Transitioning LS,,
171138055020004,2014-2018,46.63089,-68.4574,Not LSOG,Not LSOG,,1
171138056020004,2014-2018,46.65395,-68.64062,Not LSOG,Not LSOG,2,2
171138057020004,2014-2018,46.57114,-68.52345,Transitioning LS,Not LSOG,,1
171138058020004,2014-2018,46.49154,-68.57405,LS,Transitioning LS,1,1
171138059020004,2014-2018,45.20345,-68.75708,Not LSOG,Not LSOG,,
171138060020004,2014-2018,45.20788,-68.90967,Not LSOG,Not LSOG,,1
171138061020004,2014-2018,45.06078,-68.83787,Not LSOG,Not LSOG,,
171138065020004,2014-2018,44.92017,-68.94388,Not LSOG,Not LSOG,,
171138067020004,2014-2018,44.84323,-69.01446,Not LSOG,Not LSOG,,
171138068020004,2014-2018,44.82038,-68.9504,Not LSOG,Not LSOG,,
171138070020004,2014-2018,44.77345,-69.04898,Not LSOG,Not LSOG,,
171138071020004,2014-2018,44.80449,-69.2259,Not LSOG,Not LSOG,,
171138072020004,2014-2018,45.61068,-68.7567,Not LSOG,Not LSOG,,1
171138073020004,2014-2018,45.5365,-68.83023,Not LSOG,Not LSOG,,
171138074020004,2014-2018,45.26752,-68.84901,Not LSOG,Not LSOG,,
171138075020004,2014-2018,45.40733,-68.89498,Not LSOG,Not LSOG,,1
171138076020004,2014-2018,45.30455,-68.88495,Not LSOG,Not LSOG,,
171138077020004,2014-2018,45.30931,-69.00697,Not LSOG,Not LSOG,,1
171138078020004,2014-2018,45.09047,-69.00536,Not LSOG,Not LSOG,,
171138079020004,2014-2018,45.22542,-69.07463,Not LSOG,Not LSOG,,
171138080020004,2014-2018,45.0987,-69.30976,Not LSOG,Not LSOG,,
171138081020004,2014-2018,44.9346,-68.52751,Not LSOG,Not LSOG,,
171138082020004,2014-2018,45.77101,-70.2336,Not LSOG,Not LSOG,,1
171138083020004,2014-2018,45.71139,-70.25781,Not LSOG,Not LSOG,,1
171138084020004,2014-2018,45.80178,-70.36866,LS,LS,,1
171138085020004,2014-2018,45.57392,-70.36778,Not LSOG,Not LSOG,,1
171138086020004,2014-2018,45.46594,-70.42978,Not LSOG,Not LSOG,,1
171138087020004,2014-2018,45.41208,-70.61329,Transitioning LS,Not LSOG,,
171138088020004,2014-2018,45.51165,-70.61921,Transitioning LS,Transitioning LS,,2
171138089020004,2014-2018,45.34188,-70.54911,Not LSOG,Not LSOG,,1
171138090020004,2014-2018,45.26475,-70.59991,Not LSOG,Not LSOG,,
171138091020004,2014-2018,45.38196,-70.73913,Not LSOG,Not LSOG,,1
171138092020004,2014-2018,47.17396,-69.04018,Not LSOG,Not LSOG,,2
171138094020004,2014-2018,47.27486,-69.12861,Not LSOG,Not LSOG,,1
171138095020004,2014-2018,47.1897,-69.19628,LS,LS,,2
171138096020004,2014-2018,46.21406,-69.42924,Not LSOG,Not LSOG,1,1
171138098020004,2014-2018,43.37922,-70.93282,Transitioning LS,Transitioning LS,,
171138099020004,2014-2018,45.41226,-67.54035,Not LSOG,Not LSOG,,1
171138100020004,2014-2018,45.3415,-67.57952,Not LSOG,Not LSOG,,1
171138101020004,2014-2018,45.29761,-67.47939,Transitioning LS,Not LSOG,,1
171138102020004,2014-2018,45.24966,-67.46716,Not LSOG,Not LSOG,,
171138103020004,2014-2018,45.19996,-67.52267,Not LSOG,Not LSOG,,
171138104020004,2014-2018,45.28115,-67.65695,Transitioning LS,Transitioning LS,,
171138105020004,2014-2018,45.12483,-67.57684,Not LSOG,Not LSOG,,
171138106020004,2014-2018,45.20663,-67.71854,Not LSOG,Not LSOG,,1
171138107020004,2014-2018,45.11721,-67.70254,Not LSOG,Not LSOG,,1
171138108020004,2014-2018,45.04936,-67.65003,Not LSOG,Not LSOG,,
171138109020004,2014-2018,44.98891,-68.6527,Not LSOG,Not LSOG,,
171138110020004,2014-2018,44.88859,-68.53756,Not LSOG,Not LSOG,,
171138111020004,2014-2018,44.86027,-68.59539,Not LSOG,Not LSOG,,
171138112020004,2014-2018,44.78988,-68.65281,Not LSOG,Not LSOG,,
171138113020004,2014-2018,44.69964,-68.53143,Not LSOG,Not LSOG,,
171138114020004,2014-2018,44.65671,-68.60702,Not LSOG,Not LSOG,,
171138115020004,2014-2018,44.72891,-68.71284,Not LSOG,Not LSOG,,
171138116020004,2014-2018,44.81375,-69.00352,Not LSOG,Not LSOG,,
171138117020004,2014-2018,44.6555,-68.76525,Not LSOG,Not LSOG,,
171138118020004,2014-2018,44.42365,-68.76891,Not LSOG,Not LSOG,,
171138119020004,2014-2018,44.53642,-68.89995,Not LSOG,Not LSOG,,
171138120020004,2014-2018,44.62922,-69.01646,OG,OG,,
171138121020004,2014-2018,44.46919,-68.88707,Not LSOG,Not LSOG,,
171138122020004,2014-2018,44.37374,-69.00124,Transitioning LS,Not LSOG,,
171138123020004,2014-2018,44.79974,-67.04813,Transitioning LS,Transitioning LS,,
171138126020004,2014-2018,44.897999,-67.22222,Transitioning LS,Not LSOG,,1
171138127020004,2014-2018,44.99234,-67.28043,Not LSOG,Not LSOG,,
171138129020004,2014-2018,44.80271,-67.1854,Not LSOG,Not LSOG,,
171138130020004,2014-2018,44.85901,-67.30806,Not LSOG,Not LSOG,,1
171138131020004,2014-2018,44.67453,-67.18799,Not LSOG,Not LSOG,,
171138132020004,2014-2018,44.76005,-67.30038,Transitioning LS,Not LSOG,,
171138133020004,2014-2018,44.69076,-67.35831,Not LSOG,Not LSOG,,
171138134020004,2014-2018,44.80905,-67.54819,Not LSOG,Not LSOG,,
171138136020004,2014-2018,44.59372,-67.6771,Not LSOG,Not LSOG,,
171138137020004,2014-2018,45.13732,-67.20386,Not LSOG,Not LSOG,,
171138138020004,2014-2018,45.0709,-67.23852,Not LSOG,Not LSOG,,
171138139020004,2014-2018,45.10218,-67.39723,Not LSOG,Not LSOG,,
171138140020004,2014-2018,44.83859,-67.42162,LS,Transitioning LS,,1
171138141020004,2014-2018,45.02512,-67.47284,Not LSOG,Not LSOG,,
171138142020004,2014-2018,44.8362,-67.60076,Transitioning LS,Not LSOG,,
171138143020004,2014-2018,44.49083,-68.17901,Not LSOG,Not LSOG,,
171138144020004,2014-2018,44.57404,-68.82427,Not LSOG,Not LSOG,,
171138145020004,2014-2018,44.43332,-68.96937,Transitioning LS,Not LSOG,,
171138147020004,2014-2018,44.2769,-69.471,Not LSOG,Not LSOG,,
171138148020004,2014-2018,44.07762,-69.64104,Not LSOG,Not LSOG,,
171138149020004,2014-2018,45.35886,-68.78687,Not LSOG,Not LSOG,,1
171138150020004,2014-2018,44.11271,-69.98548,Not LSOG,Not LSOG,,
171138151020004,2014-2018,46.10399,-68.52436,Not LSOG,Not LSOG,,1
171138152020004,2014-2018,45.81073,-68.7614,Not LSOG,Not LSOG,,1
171138153020004,2014-2018,45.7505,-68.8225,Not LSOG,Not LSOG,,3
171138154020004,2014-2018,44.81241,-69.83823,Not LSOG,Not LSOG,,
171138155020004,2014-2018,44.62494,-69.77413,Not LSOG,Not LSOG,,
171138156020004,2014-2018,44.60316,-70.17245,Not LSOG,Not LSOG,,
171138157020004,2014-2018,43.60995,-70.93634,LS,LS,,
171138158020004,2014-2018,46.3844,-68.88022,Not LSOG,Not LSOG,,1
171138159020004,2014-2018,45.44847,-70.07944,Not LSOG,Not LSOG,,1
171138160020004,2014-2018,45.12563,-69.9471,Not LSOG,Not LSOG,,3
171138161020004,2014-2018,44.94159,-70.34794,Not LSOG,Not LSOG,,1
171138162020004,2014-2018,44.68945,-70.24505,Not LSOG,Not LSOG,,
171138163020004,2014-2018,46.44496,-69.42312,Not LSOG,Not LSOG,1,1
171138164020004,2014-2018,46.46888,-69.60767,Not LSOG,Not LSOG,,2
171138165020004,2014-2018,46.14499,-69.60428,Transitioning LS,Transitioning LS,,1
171138166020004,2014-2018,46.24338,-69.59812,Not LSOG,Not LSOG,1,1
171138167020004,2014-2018,46.26143,-69.78756,Not LSOG,Not LSOG,,1
171138168020004,2014-2018,45.16218,-70.29936,Transitioning LS,Transitioning LS,,2
171138169020004,2014-2018,44.88171,-70.54855,Not LSOG,Not LSOG,,1
171138171020004,2014-2018,46.32155,-69.75412,Not LSOG,Not LSOG,,2
171138172020004,2014-2018,46.42263,-69.84904,Not LSOG,Not LSOG,,1
171138173020004,2014-2018,45.06038,-70.7814,Transitioning LS,Not LSOG,1,1
171138174020004,2014-2018,44.343124,-70.886137,Not LSOG,Not LSOG,,1
171138175020004,2014-2018,44.282811,-70.964341,Not LSOG,Not LSOG,,1
171138176020004,2014-2018,44.334465,-70.934067,Not LSOG,Not LSOG,,1
243882379489998,2014-2018,45.1688,-69.48444,Transitioning LS,Not LSOG,,
243882380489998,2014-2018,44.9542,-69.6616,Not LSOG,Not LSOG,,
243882382489998,2014-2018,45.1312,-69.7078,Not LSOG,Not LSOG,,1
243882383489998,2014-2018,45.05179,-69.76824,Not LSOG,Not LSOG,,
243882384489998,2014-2018,45.08643,-69.98097,Not LSOG,Not LSOG,,1
243882385489998,2014-2018,44.99898,-70.00388,Not LSOG,Not LSOG,,1
243882386489998,2014-2018,43.54356,-70.9434,Not LSOG,Not LSOG,,
243882387489998,2014-2018,45.05495,-69.19359,Not LSOG,Not LSOG,,
243882388489998,2014-2018,45.54872,-70.14176,Not LSOG,Not LSOG,,1
243882389489998,2014-2018,45.11335,-70.30611,Transitioning LS,Transitioning LS,,2
243882390489998,2014-2018,46.38199,-69.85379,Not LSOG,Not LSOG,,1
243882391489998,2014-2018,46.15568,-69.86035,Not LSOG,Not LSOG,,1
243882392489998,2014-2018,46.25875,-70.15833,Not LSOG,Not LSOG,,1
243882393489998,2014-2018,44.864634,-70.892107,Not LSOG,Not LSOG,1,1
243882394489998,2014-2018,43.94869,-70.27517,Not LSOG,Not LSOG,,
243882395489998,2014-2018,45.79138,-69.531,Not LSOG,Not LSOG,,1
243882396489998,2014-2018,45.79257,-69.78716,Not LSOG,Not LSOG,,1
243882397489998,2014-2018,44.32569,-70.74654,Not LSOG,Not LSOG,,1
243882398489998,2014-2018,44.67178,-68.36026,Not LSOG,Not LSOG,,
243882399489998,2014-2018,44.12189,-69.28764,LS,Transitioning LS,,
243882400489998,2014-2018,44.70491,-69.15141,Transitioning LS,Transitioning LS,,
243882401489998,2014-2018,44.50047,-69.07206,Not LSOG,Not LSOG,,
243882402489998,2014-2018,46.95922,-69.54266,Not LSOG,Not LSOG,,1
243882403489998,2014-2018,44.92279,-70.45558,Transitioning LS,Not LSOG,,1
243882404489998,2014-2018,46.23244,-69.96568,Not LSOG,Not LSOG,,1
243882405489998,2014-2018,44.11266,-70.90496,Not LSOG,Not LSOG,,
243882406489998,2014-2018,46.89833,-68.99668,Not LSOG,Not LSOG,,2
243882407489998,2014-2018,45.98286,-69.21076,Not LSOG,Not LSOG,,1
243882408489998,2014-2018,46.54702,-69.31433,Not LSOG,Not LSOG,,1
243882409489998,2014-2018,46.26209,-69.55364,Not LSOG,Not LSOG,1,1
243882410489998,2014-2018,46.06582,-69.73787,Not LSOG,Not LSOG,,1
243882412489998,2014-2018,45.47416,-68.83668,LS,LS,,
243882413489998,2014-2018,44.06725,-69.98594,Not LSOG,Not LSOG,,
243882415489998,2014-2018,43.14884,-70.69929,Transitioning LS,Not LSOG,,
243882416489998,2014-2018,46.91761,-67.95825,Not LSOG,Not LSOG,,
243882417489998,2014-2018,46.53808,-68.09265,Not LSOG,Not LSOG,,1
243882419489998,2014-2018,45.51768,-69.08082,Not LSOG,Not LSOG,,1
243882420489998,2014-2018,44.77232,-68.84506,Not LSOG,Not LSOG,,
243882421489998,2014-2018,46.04712,-67.91838,Not LSOG,Not LSOG,,
243882422489998,2014-2018,45.43654,-68.65379,Not LSOG,Not LSOG,,
243882423489998,2014-2018,45.16997,-68.72078,Not LSOG,Not LSOG,,
243882424489998,2014-2018,45.10166,-68.72112,Transitioning LS,Transitioning LS,,
243882425489998,2014-2018,44.80764,-69.18926,LS,LS,,
243882426489998,2014-2018,43.84062,-69.74197,Not LSOG,Not LSOG,,
243882427489998,2014-2018,45.91106,-70.03139,Transitioning LS,Not LSOG,,1
243882428489998,2014-2018,45.95632,-70.20548,Not LSOG,Not LSOG,,1
243882429489998,2014-2018,45.80856,-70.3259,Not LSOG,Not LSOG,,1
243882430489998,2014-2018,45.51217,-70.36464,Not LSOG,Not LSOG,,1
243882431489998,2014-2018,45.5371,-70.55496,Transitioning LS,Not LSOG,,1
243882432489998,2014-2018,45.1993,-71.01079,Not LSOG,Not LSOG,,1
243882434489998,2014-2018,45.75008,-69.18274,Not LSOG,Not LSOG,,2
243882435489998,2014-2018,45.47296,-69.4191,Not LSOG,Not LSOG,,1
243882436489998,2014-2018,45.18746,-69.66117,Not LSOG,Not LSOG,,1
243882437489998,2014-2018,44.92586,-69.87757,Not LSOG,Not LSOG,,
243882438489998,2014-2018,44.34508,-70.33731,Not LSOG,Not LSOG,,
243882439489998,2014-2018,44.06808,-70.57963,Transitioning LS,Transitioning LS,,
243882440489998,2014-2018,44.08064,-70.96429,Not LSOG,Not LSOG,,
243882441489998,2014-2018,45.52294,-69.77424,Not LSOG,Not LSOG,,1
243882442489998,2014-2018,45.22479,-70.01768,Not LSOG,Not LSOG,,1
243882443489998,2014-2018,44.66386,-70.45436,Not LSOG,Not LSOG,,
243882445489998,2014-2018,44.24305,-70.20974,Not LSOG,Not LSOG,,
243882447489998,2014-2018,46.82481,-68.46208,Not LSOG,Not LSOG,,1
243882448489998,2014-2018,46.75173,-68.51246,Not LSOG,Not LSOG,,1
243882449489998,2014-2018,46.49241,-68.69426,Not LSOG,Not LSOG,1,1
243882450489998,2014-2018,46.31426,-68.70365,Not LSOG,Not LSOG,,2
243882451489998,2014-2018,44.33788,-68.36566,LS,LS,,
243882452489998,2014-2018,45.34848,-67.93686,Not LSOG,Not LSOG,,1
243882453489998,2014-2018,45.07582,-68.18345,Not LSOG,Not LSOG,,1
243882454489998,2014-2018,44.91783,-68.12008,Transitioning LS,Not LSOG,,1
243882455489998,2014-2018,45.37311,-68.12139,Not LSOG,Not LSOG,,1
243882456489998,2014-2018,44.81661,-67.42427,Not LSOG,Not LSOG,,
243882457489998,2014-2018,46.28598,-69.72599,Not LSOG,Not LSOG,,1
243882458489998,2014-2018,46.11708,-69.68917,Not LSOG,Not LSOG,1,1
243882459489998,2014-2018,45.96855,-69.60189,Not LSOG,Not LSOG,,1
243882460489998,2014-2018,45.96274,-69.6971,Not LSOG,Not LSOG,,1
243882461489998,2014-2018,45.9832,-69.79527,Not LSOG,Not LSOG,,1
243882462489998,2014-2018,46.07092,-69.77859,Not LSOG,Not LSOG,,1
243882463489998,2014-2018,46.07932,-69.92123,Not LSOG,Not LSOG,,1
243882464489998,2014-2018,45.91235,-69.84845,Not LSOG,Not LSOG,,1
243882465489998,2014-2018,45.84856,-69.91982,Not LSOG,Not LSOG,,1
243882467489998,2014-2018,45.6793,-69.84523,Not LSOG,Not LSOG,,1
243882468489998,2014-2018,45.78054,-69.95835,Not LSOG,Not LSOG,,1
243882469489998,2014-2018,46.92277,-69.17927,Not LSOG,Not LSOG,,1
243882471489998,2014-2018,44.28274,-70.05684,Not LSOG,Not LSOG,,
243882472489998,2014-2018,44.23313,-70.05025,Not LSOG,Not LSOG,,
243882473489998,2014-2018,44.3924,-70.13072,Not LSOG,Not LSOG,,
243882477489998,2014-2018,44.01651,-70.21773,Not LSOG,Not LSOG,,
243882478489998,2014-2018,44.10059,-70.34882,Not LSOG,Not LSOG,,
243882479489998,2014-2018,44.03487,-70.4058,Not LSOG,Not LSOG,,
243882480489998,2014-2018,43.86411,-70.32554,Not LSOG,Not LSOG,,
243882486489998,2014-2018,44.90818,-69.13698,Transitioning LS,Not LSOG,,
243882487489998,2014-2018,44.98208,-69.24308,Not LSOG,Not LSOG,,
243882488489998,2014-2018,44.91249,-69.30802,Not LSOG,Not LSOG,,
243882489489998,2014-2018,44.8443,-69.59663,Not LSOG,Not LSOG,,
243882490489998,2014-2018,44.84805,-69.36138,Transitioning LS,Transitioning LS,,
243882492489998,2014-2018,44.68512,-69.29506,Not LSOG,Not LSOG,,
243882493489998,2014-2018,44.76969,-69.43195,Not LSOG,Not LSOG,,
243882494489998,2014-2018,44.70218,-69.4597,Not LSOG,Not LSOG,,
243882495489998,2014-2018,45.575648,-69.909774,Not LSOG,Not LSOG,,1
243882496489998,2014-2018,44.6198,-69.56332,Not LSOG,Not LSOG,,
243882497489998,2014-2018,44.54682,-69.42177,Not LSOG,Not LSOG,,
243882498489998,2014-2018,44.4833,-69.47485,Not LSOG,Not LSOG,,
243882499489998,2014-2018,46.18789,-67.81133,Not LSOG,Not LSOG,,
243882501489998,2014-2018,43.81747,-70.37078,Transitioning LS,Not LSOG,,
243882502489998,2014-2018,43.90288,-70.50806,Not LSOG,Not LSOG,,
243882504489998,2014-2018,43.436998,-70.669376,Not LSOG,Not LSOG,,
243882505489998,2014-2018,43.60049,-70.55544,Not LSOG,Not LSOG,,
243882506489998,2014-2018,43.87629,-70.66532,Not LSOG,Not LSOG,,
243882507489998,2014-2018,43.69492,-70.66222,Not LSOG,Not LSOG,,
243882508489998,2014-2018,43.4461,-70.67164,Not LSOG,Not LSOG,,
243882509489998,2014-2018,43.39737,-70.69134,Not LSOG,Not LSOG,,
243882510489998,2014-2018,43.47718,-70.83618,Not LSOG,Not LSOG,,
243882511489998,2014-2018,45.65511,-69.0644,Not LSOG,Not LSOG,,1
243882512489998,2014-2018,45.59997,-69.11612,Not LSOG,Not LSOG,,1
243882513489998,2014-2018,45.55084,-69.14559,Not LSOG,Not LSOG,,1
243882515489998,2014-2018,45.27323,-69.18032,Not LSOG,Not LSOG,,1
243882516489998,2014-2018,45.39482,-69.3401,Transitioning LS,Transitioning LS,,2
243882517489998,2014-2018,45.31035,-69.36275,Transitioning LS,Not LSOG,,1
243882518489998,2014-2018,45.16473,-69.32268,Transitioning LS,Not LSOG,,
243882519489998,2014-2018,45.08183,-69.39266,Not LSOG,Not LSOG,,
243882520489998,2014-2018,45.10172,-69.42132,Not LSOG,Not LSOG,,
243882521489998,2014-2018,45.0958,-69.55222,Not LSOG,Not LSOG,,
243882522489998,2014-2018,46.26662,-67.93396,Transitioning LS,Not LSOG,,1
243882523489998,2014-2018,46.11585,-67.87589,Not LSOG,Not LSOG,,
243882524489998,2014-2018,45.94891,-67.81113,Not LSOG,Not LSOG,,
243882525489998,2014-2018,45.89297,-67.87575,Not LSOG,Not LSOG,,
243882526489998,2014-2018,45.97559,-67.97933,Not LSOG,Not LSOG,,1
243882527489998,2014-2018,46.09703,-68.11337,Not LSOG,Not LSOG,,
243882528489998,2014-2018,45.9265,-67.99792,Not LSOG,Not LSOG,,1
243882529489998,2014-2018,45.90468,-68.07095,Not LSOG,Not LSOG,,1
243882530489998,2014-2018,45.83179,-68.09863,Not LSOG,Not LSOG,,1
243882531489998,2014-2018,45.73827,-67.98425,Not LSOG,Not LSOG,,1
243882532489998,2014-2018,45.76459,-68.19303,Not LSOG,Not LSOG,,1
243882533489998,2014-2018,45.6769,-68.04535,Not LSOG,Not LSOG,,1
243882534489998,2014-2018,45.865,-68.28712,LS,Transitioning LS,,2
243882535489998,2014-2018,45.71847,-68.21529,Transitioning LS,Not LSOG,,1
243882537489998,2014-2018,44.35503,-69.16473,Not LSOG,Not LSOG,,
243882538489998,2014-2018,44.17277,-69.17372,Not LSOG,Not LSOG,,
243882539489998,2014-2018,44.14014,-69.35554,Not LSOG,Not LSOG,,
243882540489998,2014-2018,43.971,-69.30389,Not LSOG,Not LSOG,,
243882541489998,2014-2018,44.00512,-69.58592,Not LSOG,Not LSOG,,
243882542489998,2014-2018,44.87458,-67.79359,Not LSOG,Not LSOG,,1
243882543489998,2014-2018,45.1077,-67.92661,Not LSOG,Not LSOG,,1
243882545489998,2014-2018,46.51995,-67.90513,Not LSOG,Not LSOG,,
243882546489998,2014-2018,46.4301,-67.79668,Not LSOG,Not LSOG,,
243882547489998,2014-2018,46.42511,-68.03427,Not LSOG,Not LSOG,,1
243882548489998,2014-2018,46.44778,-67.96154,Not LSOG,Not LSOG,,1
243882549489998,2014-2018,46.37942,-68.04589,Not LSOG,Not LSOG,,2
243882550489998,2014-2018,46.46491,-68.15795,Not LSOG,Not LSOG,,1
243882551489998,2014-2018,46.31334,-68.09916,Not LSOG,Not LSOG,,1
243882552489998,2014-2018,46.3245,-67.92176,Not LSOG,Not LSOG,,1
243882553489998,2014-2018,46.14214,-68.0557,Not LSOG,Not LSOG,,
243882554489998,2014-2018,46.23486,-68.16879,Not LSOG,Not LSOG,,4
243882555489998,2014-2018,46.16975,-68.23045,Not LSOG,Not LSOG,,
243882556489998,2014-2018,46.22046,-68.2208,Not LSOG,Not LSOG,,1
243882557489998,2014-2018,45.88243,-67.99577,Not LSOG,Not LSOG,,1
243882558489998,2014-2018,45.65081,-67.88312,Not LSOG,Not LSOG,,
243882559489998,2014-2018,45.55615,-67.85714,Not LSOG,Not LSOG,,1
243882560489998,2014-2018,45.60064,-68.13275,Not LSOG,Not LSOG,,1
243882561489998,2014-2018,45.44996,-68.05625,Not LSOG,Not LSOG,,1
243882562489998,2014-2018,44.88963,-68.34915,Transitioning LS,Not LSOG,,
243882563489998,2014-2018,44.70615,-68.29887,Not LSOG,Not LSOG,,
243882564489998,2014-2018,44.79647,-68.41937,Transitioning LS,Transitioning LS,,
243882565489998,2014-2018,44.73033,-68.47001,Not LSOG,Not LSOG,,
243882566489998,2014-2018,44.63132,-68.33485,Not LSOG,Not LSOG,,1
243882567489998,2014-2018,44.5636,-68.42448,Transitioning LS,Transitioning LS,,
243882569489998,2014-2018,44.38638,-68.77107,Transitioning LS,Not LSOG,,
243882571489998,2014-2018,44.5186,-68.64644,Not LSOG,Not LSOG,,
243882572489998,2014-2018,44.42647,-68.56209,Transitioning LS,Transitioning LS,,
243882573489998,2014-2018,44.35167,-68.59968,Not LSOG,Not LSOG,,
243882574489998,2014-2018,44.43527,-68.66147,Not LSOG,Not LSOG,,
243882576489998,2014-2018,44.59864,-69.16441,Not LSOG,Not LSOG,,
243882577489998,2014-2018,44.41631,-69.18842,Not LSOG,Not LSOG,,
243882578489998,2014-2018,44.52209,-69.24376,Not LSOG,Not LSOG,,
243882579489998,2014-2018,44.61764,-69.38702,Transitioning LS,Not LSOG,,
243882580489998,2014-2018,44.45166,-69.29301,Transitioning LS,Transitioning LS,,
243882581489998,2014-2018,44.3494,-69.4005,Not LSOG,Not LSOG,,
243882584489998,2014-2018,44.31028,-69.41364,Not LSOG,Not LSOG,,
243882585489998,2014-2018,44.40633,-69.52773,Not LSOG,Not LSOG,,
243882586489998,2014-2018,44.27206,-69.42054,Not LSOG,Not LSOG,,
243882587489998,2014-2018,44.18782,-69.528,Transitioning LS,Not LSOG,,
243882588489998,2014-2018,44.06939,-69.4333,Not LSOG,Not LSOG,,
243882589489998,2014-2018,44.00116,-69.48395,Not LSOG,Not LSOG,,
243882591489998,2014-2018,44.22442,-68.69366,Transitioning LS,Not LSOG,,
243882592489998,2014-2018,43.92882,-69.63913,Not LSOG,Not LSOG,,
243882597489998,2014-2018,43.77978,-69.87271,Transitioning LS,Not LSOG,,
243882599489998,2014-2018,45.63567,-68.29952,Not LSOG,Not LSOG,,1
243882600489998,2014-2018,45.54282,-68.17694,Not LSOG,Not LSOG,,1
243882601489998,2014-2018,45.46874,-68.23752,Not LSOG,Not LSOG,,1
243882602489998,2014-2018,45.56144,-68.34312,Transitioning LS,Not LSOG,,
243882603489998,2014-2018,45.67554,-68.46871,Not LSOG,Not LSOG,,1
243882604489998,2014-2018,45.51379,-68.35824,Not LSOG,Not LSOG,,
243882605489998,2014-2018,45.49741,-68.42309,Not LSOG,Not LSOG,,
243882606489998,2014-2018,45.42558,-68.49297,Not LSOG,Not LSOG,,
243882607489998,2014-2018,45.32794,-68.35854,Transitioning LS,Transitioning LS,,
243882608489998,2014-2018,45.34899,-68.53106,Not LSOG,Not LSOG,,
243882609489998,2014-2018,45.28132,-68.62187,Not LSOG,Not LSOG,,
243882610489998,2014-2018,45.21192,-68.65362,Not LSOG,Not LSOG,,
243882611489998,2014-2018,45.36693,-67.86655,Not LSOG,Not LSOG,,1
243882612489998,2014-2018,45.4085,-67.8984,Not LSOG,Not LSOG,,1
243882613489998,2014-2018,44.08043,-68.82491,Not LSOG,Not LSOG,,
243882614489998,2014-2018,45.5422,-67.58145,Not LSOG,Not LSOG,,1
243882615489998,2014-2018,45.62286,-67.70094,Not LSOG,Not LSOG,,2
243882616489998,2014-2018,45.57463,-67.75595,Not LSOG,Not LSOG,,1
243882617489998,2014-2018,45.5126,-67.64817,Not LSOG,Not LSOG,,2
243882618489998,2014-2018,45.46467,-67.65426,Not LSOG,Not LSOG,,1
243882619489998,2014-2018,45.39769,-67.70963,Not LSOG,Not LSOG,,1
243882621489998,2014-2018,47.03107,-69.48578,Not LSOG,Not LSOG,1,1
243882622489998,2014-2018,46.77202,-69.68414,Not LSOG,Not LSOG,1,1
243882623489998,2014-2018,46.7451,-69.74393,Not LSOG,Not LSOG,,1
243882624489998,2014-2018,46.78645,-69.89205,Not LSOG,Not LSOG,,1
243882625489998,2014-2018,46.60638,-69.87677,Not LSOG,Not LSOG,,1
243882626489998,2014-2018,46.57224,-69.96892,Not LSOG,Not LSOG,,1
243882627489998,2014-2018,46.41051,-70.0432,Not LSOG,Not LSOG,,1
243882628489998,2014-2018,46.36738,-70.1045,Not LSOG,Not LSOG,,1
243882629489998,2014-2018,47.05911,-69.05222,Not LSOG,Not LSOG,,2
243882630489998,2014-2018,46.99059,-69.12012,Not LSOG,Not LSOG,,2
243882631489998,2014-2018,47.09565,-69.24722,Not LSOG,Not LSOG,,1
243882632489998,2014-2018,44.33366,-69.70729,Not LSOG,Not LSOG,,
243882633489998,2014-2018,43.91202,-69.57787,Not LSOG,Not LSOG,,
243882634489998,2014-2018,45.25432,-67.82581,Not LSOG,Not LSOG,,1
243882635489998,2014-2018,45.19106,-67.881,Not LSOG,Not LSOG,,1
243882637489998,2014-2018,44.96406,-67.89265,Not LSOG,Not LSOG,,1
243882638489998,2014-2018,45.19825,-68.08475,Not LSOG,Not LSOG,,
243882639489998,2014-2018,45.13729,-68.12206,Not LSOG,Not LSOG,,2
243882640489998,2014-2018,45.09627,-68.00227,Not LSOG,Not LSOG,,3
243882641489998,2014-2018,45.0503,-68.00425,Not LSOG,Not LSOG,,3
243882642489998,2014-2018,44.97263,-68.06596,Not LSOG,Not LSOG,,1
243882643489998,2014-2018,44.85355,-68.18763,Not LSOG,Not LSOG,,2
243882644489998,2014-2018,44.99897,-68.24815,Not LSOG,Not LSOG,,1
243882645489998,2014-2018,44.95112,-68.27733,Transitioning LS,Not LSOG,,2
243882646489998,2014-2018,44.78709,-68.27666,Not LSOG,Not LSOG,,2
243882647489998,2014-2018,44.31384,-68.24276,LS,LS,,
243882648489998,2014-2018,44.23277,-68.31645,Not LSOG,Not LSOG,,
243882651489998,2014-2018,44.05251,-68.65305,Not LSOG,Not LSOG,,
243882652489998,2014-2018,47.00931,-69.30159,Not LSOG,Not LSOG,,2
243882653489998,2014-2018,47.16177,-69.34293,Not LSOG,Not LSOG,,1
243882654489998,2014-2018,47.10704,-69.43177,Not LSOG,Not LSOG,,1
243882655489998,2014-2018,46.9463,-69.3732,Not LSOG,Not LSOG,1,1
243882656489998,2014-2018,46.83997,-69.24452,Not LSOG,Not LSOG,,1
243882657489998,2014-2018,46.79072,-69.32578,Not LSOG,Not LSOG,,2
243882658489998,2014-2018,46.89032,-69.41343,Not LSOG,Not LSOG,,2
243882659489998,2014-2018,46.79733,-69.46608,Transitioning LS,Transitioning LS,,1
243882660489998,2014-2018,46.88827,-69.61144,Transitioning LS,Not LSOG,,1
243882661489998,2014-2018,46.76486,-69.44525,Not LSOG,Not LSOG,,1
243882662489998,2014-2018,46.73591,-69.54678,Not LSOG,Not LSOG,,1
243882663489998,2014-2018,46.71218,-69.48633,Not LSOG,Not LSOG,,1
243882664489998,2014-2018,46.56949,-69.48178,Not LSOG,Not LSOG,,1
243882665489998,2014-2018,46.64265,-69.62402,Not LSOG,Not LSOG,,1
243882666489998,2014-2018,46.57234,-69.65291,Not LSOG,Not LSOG,1,1
243882667489998,2014-2018,47.17376,-68.51613,Not LSOG,Not LSOG,,
243882669489998,2014-2018,47.2234,-68.68509,Transitioning LS,Transitioning LS,,
243882670489998,2014-2018,47.18576,-68.75271,Not LSOG,Not LSOG,,2
243882671489998,2014-2018,47.09877,-68.81756,Not LSOG,Not LSOG,,2
243882672489998,2014-2018,47.05223,-68.70067,Not LSOG,Not LSOG,,2
243882673489998,2014-2018,46.93538,-68.76076,Not LSOG,Not LSOG,,2
243882674489998,2014-2018,47.01808,-68.89018,Not LSOG,Not LSOG,,2
243882675489998,2014-2018,47.1223,-69.00171,Transitioning LS,Transitioning LS,,2
243882676489998,2014-2018,46.97184,-68.92821,Not LSOG,Not LSOG,,2
243882677489998,2014-2018,46.83778,-68.89738,Transitioning LS,Transitioning LS,,1
243882678489998,2014-2018,46.72347,-68.92581,Not LSOG,Not LSOG,,1
243882679489998,2014-2018,46.822,-69.06665,Not LSOG,Not LSOG,,2
243882680489998,2014-2018,44.32299,-70.91269,Transitioning LS,Transitioning LS,,2
243882681489998,2014-2018,44.25917,-70.8118,Not LSOG,Not LSOG,,1
243882682489998,2014-2018,44.16925,-70.86683,Not LSOG,Not LSOG,,
243882683489998,2014-2018,44.4907,-70.83018,Not LSOG,Not LSOG,,
243882684489998,2014-2018,44.40032,-70.87026,Transitioning LS,Not LSOG,,
243882685489998,2014-2018,44.50094,-70.98479,Transitioning LS,Not LSOG,,
243882686489998,2014-2018,44.27202,-70.98409,Not LSOG,Not LSOG,,
243882687489998,2014-2018,45.04224,-70.36553,Not LSOG,Not LSOG,,
243882688489998,2014-2018,44.81202,-70.35068,Transitioning LS,Transitioning LS,,
243882689489998,2014-2018,44.72713,-70.43236,Not LSOG,Not LSOG,,
243882690489998,2014-2018,44.775436,-70.584064,Transitioning LS,Transitioning LS,,1
243882691489998,2014-2018,44.60746,-70.50866,Not LSOG,Not LSOG,,
243882692489998,2014-2018,44.5356,-70.57272,Not LSOG,Not LSOG,,
243882693489998,2014-2018,44.55285,-70.72784,Not LSOG,Not LSOG,,
243882694489998,2014-2018,44.38813,-70.69547,Not LSOG,Not LSOG,,
243882695489998,2014-2018,46.31311,-68.93147,Not LSOG,Not LSOG,,2
243882696489998,2014-2018,46.43114,-69.01306,Not LSOG,Not LSOG,,1
243882697489998,2014-2018,46.45562,-69.18368,Not LSOG,Not LSOG,,1
243882698489998,2014-2018,46.37094,-69.07512,Not LSOG,Not LSOG,1,1
243882699489998,2014-2018,46.21393,-69.18118,Not LSOG,Not LSOG,,2
243882700489998,2014-2018,46.23792,-69.38814,Transitioning LS,Not LSOG,2,2
243882701489998,2014-2018,46.0665,-69.31842,Not LSOG,Not LSOG,,1
243882702489998,2014-2018,45.32053,-70.72414,LS,Transitioning LS,,2
243882703489998,2014-2018,45.26267,-70.76192,Not LSOG,Not LSOG,,1
243882704489998,2014-2018,45.1581,-70.66548,Not LSOG,Not LSOG,,1
243882706489998,2014-2018,45.18419,-70.84089,Transitioning LS,Transitioning LS,1,1
243882707489998,2014-2018,45.08464,-70.82722,Not LSOG,Not LSOG,2,2
243882708489998,2014-2018,45.03737,-70.94288,Not LSOG,Not LSOG,,1
243882709489998,2014-2018,44.95857,-71.00817,Not LSOG,Not LSOG,1,1
243882710489998,2014-2018,44.45911,-70.87847,Not LSOG,Not LSOG,,
243882711489998,2014-2018,45.36129,-69.88,Not LSOG,Not LSOG,,1
243882712489998,2014-2018,45.3937,-70.07536,Not LSOG,Not LSOG,,1
243882713489998,2014-2018,45.15451,-70.05561,Not LSOG,Not LSOG,,1
243882714489998,2014-2018,45.09139,-70.12847,Not LSOG,Not LSOG,,1
243882715489998,2014-2018,45.01012,-70.18594,Not LSOG,Not LSOG,,1
243882716489998,2014-2018,44.62555,-70.37295,Not LSOG,Not LSOG,,1
243882717489998,2014-2018,45.86831,-70.07728,Not LSOG,Not LSOG,,1
243882718489998,2014-2018,45.71467,-69.99451,Not LSOG,Not LSOG,,1
243882719489998,2014-2018,45.60863,-70.03105,Not LSOG,Not LSOG,,2
243882720489998,2014-2018,45.49461,-69.96186,Not LSOG,Not LSOG,,1
243882721489998,2014-2018,45.4598,-70.03184,Not LSOG,Not LSOG,,1
243882723489998,2014-2018,45.49871,-70.20124,Not LSOG,Not LSOG,,1
243882724489998,2014-2018,45.42378,-70.25797,LS,Transitioning LS,,1
243882725489998,2014-2018,45.32899,-70.14198,LS,LS,,2
243882726489998,2014-2018,45.24093,-70.20392,Not LSOG,Not LSOG,,1
243882727489998,2014-2018,45.33553,-70.2953,Not LSOG,Not LSOG,,1
243882728489998,2014-2018,45.44027,-70.42746,Transitioning LS,Not LSOG,,1
243882729489998,2014-2018,45.27443,-70.37922,Not LSOG,Not LSOG,,1
243882730489998,2014-2018,45.20222,-70.42389,Not LSOG,Not LSOG,,1
243882731489998,2014-2018,46.00932,-69.3711,Not LSOG,Not LSOG,,2
243882732489998,2014-2018,46.0265,-69.53093,Not LSOG,Not LSOG,,1
243882733489998,2014-2018,45.94282,-69.43355,Not LSOG,Not LSOG,,1
243882734489998,2014-2018,45.86676,-69.45904,Transitioning LS,Not LSOG,,1
243882736489998,2014-2018,45.59922,-69.72204,Not LSOG,Not LSOG,,1
243882737489998,2014-2018,45.5879,-69.87441,Transitioning LS,Not LSOG,,1
243882738489998,2014-2018,45.44653,-69.84903,Not LSOG,Not LSOG,,1
243882739489998,2014-2018,47.31568,-68.20309,Not LSOG,Not LSOG,,
243882740489998,2014-2018,47.28213,-68.26912,Not LSOG,Not LSOG,,
243882741489998,2014-2018,47.19139,-68.3219,Not LSOG,Not LSOG,,1
243882742489998,2014-2018,47.13514,-68.3715,Not LSOG,Not LSOG,,1
243882743489998,2014-2018,46.20547,-70.19741,Transitioning LS,Transitioning LS,,2
243882744489998,2014-2018,45.26618,-70.95966,Not LSOG,Not LSOG,,1
243882745489998,2014-2018,44.34095,-70.52676,Not LSOG,Not LSOG,,
243882746489998,2014-2018,44.22614,-70.47738,Not LSOG,Not LSOG,,
243882747489998,2014-2018,44.13265,-70.50243,Not LSOG,Not LSOG,,
243882748489998,2014-2018,44.21009,-70.60946,Not LSOG,Not LSOG,,
243882749489998,2014-2018,44.12603,-70.7623,Not LSOG,Not LSOG,,
243882752489998,2014-2018,43.92767,-70.69615,Not LSOG,Not LSOG,,
243882753489998,2014-2018,44.00868,-70.79448,Not LSOG,Not LSOG,,
243882754489998,2014-2018,43.85854,-70.72608,Not LSOG,Not LSOG,,
243882755489998,2014-2018,43.95981,-70.7962,Not LSOG,Not LSOG,,
243882757489998,2014-2018,43.73432,-70.78043,Not LSOG,Not LSOG,,
243882758489998,2014-2018,43.60084,-70.78157,Not LSOG,Not LSOG,,
243882759489998,2014-2018,43.81046,-70.95045,Not LSOG,Not LSOG,,
243882760489998,2014-2018,43.64121,-70.89002,Not LSOG,Not LSOG,,
243882761489998,2014-2018,44.93599,-69.46091,Not LSOG,Not LSOG,,
243882762489998,2014-2018,44.86694,-69.50583,Not LSOG,Not LSOG,,
243882763489998,2014-2018,45.04629,-69.58722,Not LSOG,Not LSOG,,
243882764489998,2014-2018,44.86958,-69.7069,Transitioning LS,Not LSOG,,
243882765489998,2014-2018,44.72715,-69.64251,Not LSOG,Not LSOG,,
243882766489998,2014-2018,44.65794,-69.70405,Not LSOG,Not LSOG,,
243882767489998,2014-2018,44.75927,-69.83442,Not LSOG,Not LSOG,,
243882768489998,2014-2018,44.68007,-69.87821,Not LSOG,Not LSOG,,
243882770489998,2014-2018,44.54402,-70.01314,Not LSOG,Not LSOG,,
243882771489998,2014-2018,46.60428,-68.03609,Not LSOG,Not LSOG,,
243882772489998,2014-2018,46.63037,-68.20784,Not LSOG,Not LSOG,,2
243882773489998,2014-2018,46.55488,-68.26244,Transitioning LS,Transitioning LS,,2
243882774489998,2014-2018,46.40141,-68.21316,Not LSOG,Not LSOG,,1
243882775489998,2014-2018,46.33144,-68.31273,Not LSOG,Not LSOG,,1
243882776489998,2014-2018,46.41645,-68.40221,Transitioning LS,Transitioning LS,1,1
243882777489998,2014-2018,46.34162,-68.34068,Not LSOG,Not LSOG,,1
243882778489998,2014-2018,46.33797,-68.45009,Not LSOG,Not LSOG,,1
243882779489998,2014-2018,46.16996,-68.38927,Transitioning LS,Transitioning LS,,1
243882780489998,2014-2018,46.04395,-68.47015,Not LSOG,Not LSOG,,1
243882781489998,2014-2018,46.19539,-68.53055,Not LSOG,Not LSOG,,1
243882782489998,2014-2018,46.21599,-68.58457,Not LSOG,Not LSOG,,1
243882783489998,2014-2018,44.88765,-67.97553,Not LSOG,Not LSOG,,1
243882784489998,2014-2018,44.72209,-67.8981,Not LSOG,Not LSOG,,1
243882785489998,2014-2018,44.6484,-67.94928,Not LSOG,Not LSOG,,
243882787489998,2014-2018,44.75522,-68.07263,Not LSOG,Not LSOG,,1
243882788489998,2014-2018,44.67243,-68.13577,Not LSOG,Not LSOG,,1
243882789489998,2014-2018,44.49739,-68.06573,Transitioning LS,Not LSOG,,
243882790489998,2014-2018,44.53344,-68.25439,Not LSOG,Not LSOG,,
243882791489998,2014-2018,44.47307,-68.30146,Transitioning LS,Not LSOG,,
243882792489998,2014-2018,44.59422,-67.60013,Not LSOG,Not LSOG,,
243882793489998,2014-2018,44.64004,-67.71678,Transitioning LS,Not LSOG,,
243882794489998,2014-2018,44.70192,-67.72064,Not LSOG,Not LSOG,,
243882795489998,2014-2018,44.79063,-67.82123,Not LSOG,Not LSOG,,1
243882796489998,2014-2018,44.67146,-67.65375,Not LSOG,Not LSOG,,
243882797489998,2014-2018,44.63426,-67.78206,Not LSOG,Not LSOG,,
243882800489998,2014-2018,44.48842,-67.89922,Not LSOG,Not LSOG,,
243882801489998,2014-2018,44.59003,-68.02241,Not LSOG,Not LSOG,,2
243882804489998,2014-2018,44.4883,-69.64933,Not LSOG,Not LSOG,,
243882805489998,2014-2018,46.68631,-69.78942,Not LSOG,Not LSOG,,1
243882806489998,2014-2018,46.49192,-69.82552,Not LSOG,Not LSOG,,1
243882808489998,2014-2018,46.34071,-69.66566,Not LSOG,Not LSOG,,1
243882809489998,2014-2018,46.45799,-69.78733,Not LSOG,Not LSOG,,2
243882810489998,2014-2018,46.40673,-69.97767,Transitioning LS,Not LSOG,,1
243882811489998,2014-2018,46.34126,-69.8101,Not LSOG,Not LSOG,,1
243882812489998,2014-2018,46.21177,-69.78497,Not LSOG,Not LSOG,,1
243882813489998,2014-2018,46.32405,-69.88291,Not LSOG,Not LSOG,,1
243882814489998,2014-2018,46.16494,-70.02283,Not LSOG,Not LSOG,,1
243882815489998,2014-2018,46.09818,-70.08753,Not LSOG,Not LSOG,,1
243882816489998,2014-2018,45.98229,-70.01601,Not LSOG,Not LSOG,,1
243882817489998,2014-2018,44.95544,-70.43096,Transitioning LS,Transitioning LS,,1
243882818489998,2014-2018,45.1418,-70.48494,Not LSOG,Not LSOG,,1
243882819489998,2014-2018,45.35359,-69.50312,Transitioning LS,Transitioning LS,,2
243882820489998,2014-2018,45.44768,-69.65956,Not LSOG,Not LSOG,,2
243882821489998,2014-2018,45.33423,-69.76888,Not LSOG,Not LSOG,,1
243882822489998,2014-2018,45.23733,-69.62878,Not LSOG,Not LSOG,,1
243882823489998,2014-2018,45.27704,-69.78087,Not LSOG,Not LSOG,,1
243882824489998,2014-2018,45.12038,-69.84447,Transitioning LS,Transitioning LS,,1
243882825489998,2014-2018,45.15956,-69.89181,Transitioning LS,Transitioning LS,,1
243882826489998,2014-2018,45.21803,-69.83324,LS,Transitioning LS,,1
243882827489998,2014-2018,44.97093,-69.80711,Not LSOG,Not LSOG,,
243882828489998,2014-2018,44.93762,-70.05752,Not LSOG,Not LSOG,,
243882829489998,2014-2018,44.83627,-69.92924,Not LSOG,Not LSOG,,
243882830489998,2014-2018,44.78406,-69.99187,Not LSOG,Not LSOG,,
243882831489998,2014-2018,44.85954,-70.11602,Not LSOG,Not LSOG,,
243882832489998,2014-2018,46.15269,-68.67162,Not LSOG,Not LSOG,,2
243882833489998,2014-2018,45.98439,-68.58307,Not LSOG,Not LSOG,,1
243882834489998,2014-2018,45.91522,-68.63739,Not LSOG,Not LSOG,,1
243882835489998,2014-2018,46.00207,-68.76783,Not LSOG,Not LSOG,,2
243882836489998,2014-2018,45.94118,-68.71186,Not LSOG,Not LSOG,,2
243882837489998,2014-2018,45.93652,-68.83087,Transitioning LS,Transitioning LS,,1
243882838489998,2014-2018,45.78118,-68.77081,Not LSOG,Not LSOG,,3
243882839489998,2014-2018,45.68578,-68.8245,Transitioning LS,Transitioning LS,,1
243882840489998,2014-2018,45.79976,-68.92433,Transitioning LS,Not LSOG,,2
243882841489998,2014-2018,45.57872,-68.9502,Not LSOG,Not LSOG,,2
243882842489998,2014-2018,45.50129,-69.01055,Not LSOG,Not LSOG,,1
243882845489998,2014-2018,44.32812,-69.58053,Transitioning LS,Not LSOG,,
243882847489998,2014-2018,44.39492,-69.76012,Not LSOG,Not LSOG,,
243882848489998,2014-2018,44.35842,-69.72985,Not LSOG,Not LSOG,,
243882849489998,2014-2018,44.28067,-69.84102,Not LSOG,Not LSOG,,
243882850489998,2014-2018,44.37255,-69.93709,Not LSOG,Not LSOG,,
243882854489998,2014-2018,44.166785,-70.130984,Not LSOG,Not LSOG,,
243882855489998,2014-2018,44.00838,-70.07511,Not LSOG,Not LSOG,,
243882856489998,2014-2018,43.81082,-69.92932,Not LSOG,Not LSOG,,
243882857489998,2014-2018,46.09574,-68.29176,Transitioning LS,Not LSOG,,
243882858489998,2014-2018,46.00657,-68.17811,Not LSOG,Not LSOG,,
243882859489998,2014-2018,45.950198,-68.232116,Not LSOG,Not LSOG,,
243882860489998,2014-2018,46.02603,-68.36098,Not LSOG,Not LSOG,,
243882863489998,2014-2018,45.8731,-68.58612,Not LSOG,Not LSOG,,1
243882864489998,2014-2018,45.7989,-68.34523,Not LSOG,Not LSOG,,1
243882865489998,2014-2018,45.91528,-68.28411,Not LSOG,Not LSOG,,1
243882866489998,2014-2018,45.83927,-68.53994,Transitioning LS,Not LSOG,,1
243882867489998,2014-2018,45.75287,-68.58804,Transitioning LS,Transitioning LS,,1
243882868489998,2014-2018,45.84448,-68.71334,Not LSOG,Not LSOG,,1
243882869489998,2014-2018,45.67829,-68.65639,Not LSOG,Not LSOG,,4
243882870489998,2014-2018,45.06557,-70.55538,Not LSOG,Not LSOG,,1
243882871489998,2014-2018,44.8424,-70.53065,Not LSOG,Not LSOG,,1
243882872489998,2014-2018,44.83611,-70.7604,Not LSOG,Not LSOG,,1
243882873489998,2014-2018,45.0046,-70.7896,Not LSOG,Not LSOG,,1
243882874489998,2014-2018,44.85473,-70.71088,Not LSOG,Not LSOG,,1
243882875489998,2014-2018,44.78802,-70.76412,Transitioning LS,Not LSOG,,
243882876489998,2014-2018,44.695787,-70.62246,Not LSOG,Not LSOG,,
243882877489998,2014-2018,44.60864,-70.68342,Not LSOG,Not LSOG,,
243882878489998,2014-2018,44.70832,-70.80507,Not LSOG,Not LSOG,,3
243882879489998,2014-2018,44.81973,-70.8222,Not LSOG,Not LSOG,1,1
243882880489998,2014-2018,44.80314,-70.92975,Not LSOG,Not LSOG,2,2
243882881489998,2014-2018,44.64416,-70.87964,Not LSOG,Not LSOG,,4
243882882489998,2014-2018,44.575,-70.93548,Transitioning LS,Transitioning LS,,2
243882883489998,2014-2018,46.71272,-69.25261,Not LSOG,Not LSOG,,2
243882884489998,2014-2018,46.68326,-69.30082,Not LSOG,Not LSOG,,1
243882885489998,2014-2018,46.58905,-69.06006,Not LSOG,Not LSOG,,1
243882887489998,2014-2018,46.58585,-69.31681,Not LSOG,Not LSOG,,1
243882888489998,2014-2018,46.71074,-69.37414,Not LSOG,Not LSOG,,1
243882889489998,2014-2018,46.47327,-69.37062,Not LSOG,Not LSOG,1,1
243882890489998,2014-2018,46.38093,-69.23875,Not LSOG,Not LSOG,1,1
243882891489998,2014-2018,46.31344,-69.31453,Not LSOG,Not LSOG,,3
243882892489998,2014-2018,46.37727,-69.4281,Not LSOG,Not LSOG,1,1
243882893489998,2014-2018,46.49763,-69.54873,Not LSOG,Not LSOG,,1
243882894489998,2014-2018,46.3347,-69.49109,Not LSOG,Not LSOG,,2
243882895489998,2014-2018,47.05744,-68.44787,Not LSOG,Not LSOG,,1
243882896489998,2014-2018,44.70803,-70.03827,Not LSOG,Not LSOG,,
243882897489998,2014-2018,44.80804,-70.16711,Not LSOG,Not LSOG,,
243882899489998,2014-2018,44.56755,-70.17514,Not LSOG,Not LSOG,,
243882900489998,2014-2018,44.69929,-70.30754,Not LSOG,Not LSOG,,
243882901489998,2014-2018,44.504,-70.18336,Not LSOG,Not LSOG,,
243882902489998,2014-2018,44.58817,-70.36367,Not LSOG,Not LSOG,,
243882903489998,2014-2018,44.50959,-70.40632,Not LSOG,Not LSOG,,
243882905489998,2014-2018,44.43824,-70.44051,Transitioning LS,Transitioning LS,,
243882906489998,2014-2018,44.27208,-70.40336,Transitioning LS,Transitioning LS,,
243882907489998,2014-2018,44.35921,-70.50482,Not LSOG,Not LSOG,,
243882908489998,2014-2018,46.45124,-68.56609,Not LSOG,Not LSOG,,1
243882909489998,2014-2018,46.54732,-68.69721,Not LSOG,Not LSOG,,1
243882910489998,2014-2018,46.38169,-68.65299,Transitioning LS,Not LSOG,1,1
243882911489998,2014-2018,46.57574,-68.8951,Not LSOG,Not LSOG,,1
243882912489998,2014-2018,46.48168,-68.88512,Not LSOG,Not LSOG,1,1
243882913489998,2014-2018,46.24277,-68.76845,Transitioning LS,Transitioning LS,,1
243882914489998,2014-2018,46.25742,-68.94913,Transitioning LS,Transitioning LS,,1
243882915489998,2014-2018,46.19013,-68.98693,Not LSOG,Not LSOG,,2
243882916489998,2014-2018,46.09809,-68.88909,Transitioning LS,Not LSOG,,2
243882917489998,2014-2018,46.02677,-68.94596,Not LSOG,Not LSOG,,1
243882918489998,2014-2018,46.10443,-69.23798,Not LSOG,Not LSOG,,1
243882919489998,2014-2018,45.95143,-69.02337,Not LSOG,Not LSOG,,1
243882920489998,2014-2018,47.05047,-67.83827,Not LSOG,Not LSOG,,2
243882921489998,2014-2018,46.98745,-67.89786,Transitioning LS,Not LSOG,,1
243882924489998,2014-2018,46.71336,-68.09687,Not LSOG,Not LSOG,,
243882926489998,2014-2018,46.69482,-68.15461,Not LSOG,Not LSOG,,
243882927489998,2014-2018,45.4375,-68.29281,Transitioning LS,Not LSOG,,
243882928489998,2014-2018,45.24056,-68.23477,Not LSOG,Not LSOG,,1
243882929489998,2014-2018,45.3375,-68.12356,Transitioning LS,Transitioning LS,,1
243882930489998,2014-2018,45.18975,-68.48159,Not LSOG,Not LSOG,,
243882931489998,2014-2018,45.01208,-68.42725,Not LSOG,Not LSOG,,1
243882932489998,2014-2018,47.07449,-68.63632,Not LSOG,Not LSOG,,
243882933489998,2014-2018,46.9178,-68.5737,Not LSOG,Not LSOG,,2
243882934489998,2014-2018,46.91936,-68.70313,Not LSOG,Not LSOG,,1
243882935489998,2014-2018,46.87088,-68.81856,Not LSOG,Not LSOG,,1
243882936489998,2014-2018,46.78041,-68.71333,LS,Transitioning LS,,1
243882937489998,2014-2018,46.70314,-68.75984,Transitioning LS,Transitioning LS,,1
243882938489998,2014-2018,46.67243,-68.78471,Not LSOG,Not LSOG,,1
243882939489998,2014-2018,46.65066,-69.01534,Not LSOG,Not LSOG,,1
243882940489998,2014-2018,45.82255,-69.13431,LS,Transitioning LS,,3
243882942489998,2014-2018,45.77459,-69.38539,Not LSOG,Not LSOG,,1
243882943489998,2014-2018,45.67711,-69.23451,Not LSOG,Not LSOG,,1
243882944489998,2014-2018,45.61054,-69.31389,Transitioning LS,Not LSOG,,1
243882945489998,2014-2018,45.69624,-69.45265,Not LSOG,Not LSOG,,1
243882946489998,2014-2018,45.43093,-69.43045,Not LSOG,Not LSOG,,1
243882947489998,2014-2018,45.65185,-69.51433,Not LSOG,Not LSOG,,1
243882948489998,2014-2018,45.57633,-69.54603,Not LSOG,Not LSOG,,1
243882949489998,2014-2018,45.44591,-69.46682,Not LSOG,Not LSOG,,1
243882951489998,2014-2018,47.23805,-68.06199,Not LSOG,Not LSOG,,
243882953489998,2014-2018,47.08,-68.02391,Not LSOG,Not LSOG,,1
243882954489998,2014-2018,47.16048,-68.14136,Transitioning LS,Not LSOG,,1
243882955489998,2014-2018,47.00992,-68.08601,Transitioning LS,Not LSOG,,
243882956489998,2014-2018,47.07276,-68.15055,Not LSOG,Not LSOG,,
243882957489998,2014-2018,47.03513,-68.26564,Not LSOG,Not LSOG,,2
243882958489998,2014-2018,43.93006,-70.06589,Not LSOG,Not LSOG,,
243882959489998,2014-2018,43.85847,-70.13638,Not LSOG,Not LSOG,,
243882960489998,2014-2018,43.78676,-70.21991,Not LSOG,Not LSOG,,
243882962489998,2014-2018,43.71407,-70.27282,Not LSOG,Not LSOG,,
243882965489998,2014-2018,43.57482,-70.35642,Not LSOG,Not LSOG,,
243882967489998,2014-2018,43.43512,-70.59906,Not LSOG,Not LSOG,,
243882968489998,2014-2018,45.1271,-68.53389,Not LSOG,Not LSOG,,1
243882969489998,2014-2018,45.05211,-68.61022,Transitioning LS,Not LSOG,,
243882970489998,2014-2018,45.58811,-68.53504,Not LSOG,Not LSOG,,
243882971489998,2014-2018,45.40382,-68.65664,Not LSOG,Not LSOG,,
243882972489998,2014-2018,47.38816,-69.18323,Not LSOG,Not LSOG,,1
243882973489998,2014-2018,47.24776,-69.29964,Not LSOG,Not LSOG,,4
243882974489998,2014-2018,46.03622,-70.15448,Not LSOG,Not LSOG,,1
243882975489998,2014-2018,47.14986,-68.20537,Not LSOG,Not LSOG,,1
243882976489998,2014-2018,46.86661,-68.22145,Not LSOG,Not LSOG,,
243882977489998,2014-2018,46.96745,-68.34945,Transitioning LS,Transitioning LS,,1
243882978489998,2014-2018,46.79362,-68.27629,Not LSOG,Not LSOG,,
243882979489998,2014-2018,46.88912,-68.39238,Not LSOG,Not LSOG,1,1
243882980489998,2014-2018,47.28904,-68.20422,Transitioning LS,Transitioning LS,,
243882981489998,2014-2018,46.68161,-68.38681,Not LSOG,Not LSOG,,
243882982489998,2014-2018,46.59012,-68.46228,Not LSOG,Not LSOG,,1
243882983489998,2014-2018,46.72693,-68.57857,Not LSOG,Not LSOG,,1
243882984489998,2014-2018,46.61638,-68.63716,Not LSOG,Not LSOG,2,2
243882985489998,2014-2018,46.51287,-68.5047,Not LSOG,Not LSOG,,1
243882986489998,2014-2018,45.23916,-68.80495,Not LSOG,Not LSOG,,
243882987489998,2014-2018,45.093,-68.77171,Not LSOG,Not LSOG,,
243882988489998,2014-2018,45.01758,-68.81479,Transitioning LS,Transitioning LS,,
243882989489998,2014-2018,44.93182,-68.71935,Not LSOG,Not LSOG,,
243882990489998,2014-2018,44.84774,-68.77911,Not LSOG,Not LSOG,,
243882991489998,2014-2018,44.96076,-68.77748,Not LSOG,Not LSOG,,
243882993489998,2014-2018,44.86872,-68.94883,Not LSOG,Not LSOG,,
243882994489998,2014-2018,44.83029,-68.83903,Not LSOG,Not LSOG,,
243882995489998,2014-2018,44.70706,-68.87987,Not LSOG,Not LSOG,,
243882996489998,2014-2018,44.63043,-68.94583,Not LSOG,Not LSOG,,
243882997489998,2014-2018,44.72271,-69.06343,Transitioning LS,Not LSOG,,
243882998489998,2014-2018,44.68313,-69.0832,Not LSOG,Not LSOG,,
243882999489998,2014-2018,45.66812,-68.73888,Not LSOG,Not LSOG,,1
243883000489998,2014-2018,45.61615,-68.74602,Not LSOG,Not LSOG,,1
243883001489998,2014-2018,45.53084,-68.75972,Not LSOG,Not LSOG,,
243883002489998,2014-2018,45.648424,-68.898649,Not LSOG,Not LSOG,,1
243883003489998,2014-2018,45.39849,-68.73404,Not LSOG,Not LSOG,,2
243883004489998,2014-2018,45.29131,-68.76294,Not LSOG,Not LSOG,,
243883005489998,2014-2018,45.37713,-68.95013,Not LSOG,Not LSOG,,1
243883006489998,2014-2018,45.35372,-68.97725,Not LSOG,Not LSOG,,1
243883007489998,2014-2018,45.43017,-69.06412,Transitioning LS,Transitioning LS,,1
243883008489998,2014-2018,45.2589,-69.03057,Not LSOG,Not LSOG,,
243883009489998,2014-2018,45.17567,-68.8849,Not LSOG,Not LSOG,,1
243883010489998,2014-2018,45.19181,-69.06884,Not LSOG,Not LSOG,,1
243883011489998,2014-2018,45.12663,-69.13098,Not LSOG,Not LSOG,,
243883012489998,2014-2018,45.21952,-69.2365,Not LSOG,Not LSOG,,
243883013489998,2014-2018,44.97533,-69.0752,Transitioning LS,Transitioning LS,,
243883014489998,2014-2018,44.93999,-68.47616,Not LSOG,Not LSOG,,1
243883015489998,2014-2018,45.92897,-70.14035,Not LSOG,Not LSOG,,2
243883016489998,2014-2018,45.861585,-70.254538,Not LSOG,Not LSOG,,1
243883017489998,2014-2018,45.79634,-70.14661,Not LSOG,Not LSOG,,1
243883018489998,2014-2018,45.83799,-70.25938,Not LSOG,Not LSOG,,1
243883019489998,2014-2018,45.63034,-70.32566,Transitioning LS,Not LSOG,,1
243883020489998,2014-2018,45.67786,-70.42815,Not LSOG,Not LSOG,,1
243883021489998,2014-2018,45.58316,-70.31122,Not LSOG,Not LSOG,,1
243883022489998,2014-2018,45.60325,-70.48582,Not LSOG,Not LSOG,,2
243883023489998,2014-2018,45.48977,-70.50823,Not LSOG,Not LSOG,,1
243883024489998,2014-2018,45.46179,-70.60826,Not LSOG,Not LSOG,,1
243883025489998,2014-2018,45.3619,-70.47551,Not LSOG,Not LSOG,,1
243883026489998,2014-2018,45.30881,-70.53428,Not LSOG,Not LSOG,,1
243883027489998,2014-2018,47.17776,-68.91043,Not LSOG,Not LSOG,,3
243883028489998,2014-2018,47.28464,-69.05391,Not LSOG,Not LSOG,,1
243883029489998,2014-2018,47.22365,-69.12478,Not LSOG,Not LSOG,,3
243883030489998,2014-2018,47.31141,-69.24333,Not LSOG,Not LSOG,,1
243883031489998,2014-2018,47.19134,-69.04324,Transitioning LS,Not LSOG,,1
243883032489998,2014-2018,47.15031,-69.1931,Not LSOG,Not LSOG,,2
243883033489998,2014-2018,46.19914,-69.26147,Not LSOG,Not LSOG,,2
243883035489998,2014-2018,43.39659,-70.8864,Not LSOG,Not LSOG,,
243883036489998,2014-2018,43.24452,-70.82171,Not LSOG,Not LSOG,,
243883037489998,2014-2018,45.3713,-67.52713,Not LSOG,Not LSOG,,1
243883038489998,2014-2018,45.30206,-67.5947,Not LSOG,Not LSOG,,
243883039489998,2014-2018,45.1367,-67.53475,Not LSOG,Not LSOG,,
243883040489998,2014-2018,45.06146,-67.59299,Not LSOG,Not LSOG,,
243883041489998,2014-2018,45.233549,-67.680593,Not LSOG,Not LSOG,,
243883043489998,2014-2018,45.11164,-67.76797,Not LSOG,Not LSOG,,1
243883044489998,2014-2018,44.92661,-67.68635,Not LSOG,Not LSOG,,
243883045489998,2014-2018,43.36366,-70.52262,Not LSOG,Not LSOG,,
243883046489998,2014-2018,45.03093,-68.65941,Not LSOG,Not LSOG,,
243883047489998,2014-2018,44.82447,-68.59932,Not LSOG,Not LSOG,,
243883049489998,2014-2018,44.60918,-68.78236,Transitioning LS,Transitioning LS,,
243883050489998,2014-2018,44.54139,-68.80749,LS,LS,,
243883053489998,2014-2018,44.75108,-67.09148,LS,Transitioning LS,,1
243883054489998,2014-2018,44.99025,-67.06332,Not LSOG,Not LSOG,,
243883055489998,2014-2018,44.81457,-67.01218,Not LSOG,Not LSOG,,
243883057489998,2014-2018,45.03101,-67.25971,Not LSOG,Not LSOG,,
243883058489998,2014-2018,44.84404,-67.17601,Not LSOG,Not LSOG,,1
243883059489998,2014-2018,44.77695,-67.24746,Not LSOG,Not LSOG,,
243883060489998,2014-2018,44.70966,-67.32711,Transitioning LS,Not LSOG,,
243883061489998,2014-2018,44.66992,-67.53598,Not LSOG,Not LSOG,,
243883062489998,2014-2018,45.08628,-67.16894,Transitioning LS,Not LSOG,,
243883064489998,2014-2018,45.20147,-67.47041,Not LSOG,Not LSOG,,
243883065489998,2014-2018,45.08764,-67.28885,Transitioning LS,Transitioning LS,,3
243883066489998,2014-2018,45.03469,-67.43781,Not LSOG,Not LSOG,,
243883067489998,2014-2018,44.89425,-67.3617,Not LSOG,Not LSOG,,1
243883068489998,2014-2018,44.95757,-67.45689,Transitioning LS,Transitioning LS,,
243883069489998,2014-2018,44.90271,-67.53495,Transitioning LS,Transitioning LS,,1
243883070489998,2014-2018,44.97595,-67.59516,Not LSOG,Not LSOG,,1
243883071489998,2014-2018,44.87733,-67.59722,Not LSOG,Not LSOG,,
243883072489998,2014-2018,44.74144,-67.50243,Transitioning LS,Transitioning LS,,
243883075489998,2014-2018,45.25995,-68.41762,Not LSOG,Not LSOG,,
243883076489998,2014-2018,44.24538,-69.4841,Transitioning LS,Transitioning LS,,
243883077489998,2014-2018,45.09823,-68.95209,Not LSOG,Not LSOG,,
243883079489998,2014-2018,43.90182,-69.92309,Not LSOG,Not LSOG,,
243883080489998,2014-2018,44.9378,-67.31825,Not LSOG,Not LSOG,,1
243883081489998,2014-2018,44.46686,-69.86864,Not LSOG,Not LSOG,,
243883082489998,2014-2018,43.63518,-70.64147,Not LSOG,Not LSOG,,
243883083489998,2014-2018,43.40323,-70.60862,Not LSOG,Not LSOG,,
243883084489998,2014-2018,46.32952,-68.89253,Not LSOG,Not LSOG,,1
243883085489998,2014-2018,46.05295,-69.25199,Not LSOG,Not LSOG,,1
243883086489998,2014-2018,45.88621,-69.09635,Transitioning LS,Transitioning LS,,1
243883087489998,2014-2018,45.90443,-69.16933,Transitioning LS,Transitioning LS,,1
243883089489998,2014-2018,46.29408,-69.14978,Not LSOG,Not LSOG,,1
243883091489998,2014-2018,46.08889,-69.46885,Not LSOG,Not LSOG,,1
243883092489998,2014-2018,45.24068,-70.61045,Not LSOG,Not LSOG,,
243883093489998,2014-2018,44.99184,-70.61773,Not LSOG,Not LSOG,,1
243883094489998,2014-2018,45.10497,-70.99718,Not LSOG,Not LSOG,,
243883095489998,2014-2018,45.13169,-71.05672,Not LSOG,Not LSOG,,1
243883096489998,2014-2018,43.545218,-70.664794,Not LSOG,Not LSOG,,
243883097489998,2014-2018,43.465527,-70.695216,Not LSOG,Not LSOG,,
243883098489998,2014-2018,44.370983,-70.985586,Not LSOG,Not LSOG,,2
243883099489998,2014-2018,44.226462,-71.006388,Not LSOG,Not LSOG,,
243883100489998,2014-2018,44.358635,-70.907409,LS,LS,,1
243883101489998,2014-2018,44.284109,-70.934391,Not LSOG,Not LSOG,,
304029998489998,2014-2018,44.89901,-70.99609,Not LSOG,Not LSOG,,1
304029999489998,2014-2018,44.69262,-71.00278,Not LSOG,Not LSOG,,2
304030000489998,2014-2018,44.88828,-69.6018,Not LSOG,Not LSOG,,
304030002489998,2014-2018,44.90182,-70.05053,Not LSOG,Not LSOG,,
304030003489998,2014-2018,43.77001,-70.58133,Not LSOG,Not LSOG,,
304030004489998,2014-2018,43.88424,-70.10715,Not LSOG,Not LSOG,,
304030006489998,2014-2018,45.43864,-70.19878,Transitioning LS,Transitioning LS,,2
304030007489998,2014-2018,45.43478,-70.29388,Not LSOG,Not LSOG,,1
304030008489998,2014-2018,45.40239,-70.40425,Not LSOG,Not LSOG,,1
304030009489998,2014-2018,45.24122,-70.395269,Not LSOG,Not LSOG,,1
304030012489998,2014-2018,45.52341,-69.90645,Transitioning LS,Not LSOG,,1
304030013489998,2014-2018,44.43767,-70.58331,Transitioning LS,Transitioning LS,,
304030014489998,2014-2018,44.50591,-70.75322,LS,Transitioning LS,,
304030015489998,2014-2018,44.42113,-70.63443,Not LSOG,Not LSOG,,
304030016489998,2014-2018,44.22489,-70.98483,Not LSOG,Not LSOG,,
304030017489998,2014-2018,44.20286,-70.79794,Not LSOG,Not LSOG,,
304030018489998,2014-2018,44.74863,-68.39926,Not LSOG,Not LSOG,,
304030019489998,2014-2018,44.68689,-68.47882,Not LSOG,Not LSOG,,
304030020489998,2014-2018,44.06897,-69.18369,Not LSOG,Not LSOG,,
304030022489998,2014-2018,43.8876,-69.52854,Transitioning LS,Transitioning LS,,
304030023489998,2014-2018,44.47049,-69.25047,Transitioning LS,Transitioning LS,,
304030025489998,2014-2018,46.64171,-69.78292,Not LSOG,Not LSOG,,2
304030026489998,2014-2018,46.67638,-69.9742,Not LSOG,Not LSOG,,1
304030027489998,2014-2018,47.02192,-69.07818,Not LSOG,Not LSOG,,4
304030028489998,2014-2018,46.73852,-69.30243,Not LSOG,Not LSOG,,1
304030029489998,2014-2018,46.52097,-69.49337,Not LSOG,Not LSOG,,1
304030030489998,2014-2018,46.13914,-70.01639,Not LSOG,Not LSOG,,2
304030031489998,2014-2018,46.93255,-69.10096,Not LSOG,Not LSOG,,1
304030032489998,2014-2018,46.2751,-68.15895,Transitioning LS,Transitioning LS,,1
304030033489998,2014-2018,45.68206,-68.39775,Not LSOG,Not LSOG,,1
304030034489998,2014-2018,44.84858,-69.10212,Not LSOG,Not LSOG,,
304030035489998,2014-2018,44.51696,-69.5722,Not LSOG,Not LSOG,,
304030038489998,2014-2018,46.50961,-68.30877,Transitioning LS,Transitioning LS,,
304030039489998,2014-2018,46.24597,-68.52709,LS,Transitioning LS,,1
304030040489998,2014-2018,45.94203,-68.58674,Not LSOG,Not LSOG,,1
304030042489998,2014-2018,45.1062,-69.19777,Not LSOG,Not LSOG,,
304030043489998,2014-2018,45.12435,-69.49011,Transitioning LS,Not LSOG,,
304030045489998,2014-2018,44.15788,-69.10778,Not LSOG,Not LSOG,,
304030046489998,2014-2018,45.9849,-67.92213,Not LSOG,Not LSOG,,1
304030047489998,2014-2018,45.70211,-70.37636,Not LSOG,Not LSOG,,1
304030048489998,2014-2018,45.5803,-70.56213,Not LSOG,Not LSOG,,2
304030049489998,2014-2018,45.93404,-69.21528,Not LSOG,Not LSOG,,1
304030050489998,2014-2018,45.32502,-69.52836,Transitioning LS,Transitioning LS,,1
304030051489998,2014-2018,45.37656,-69.66889,Not LSOG,Not LSOG,,1
304030052489998,2014-2018,45.10676,-69.9256,Not LSOG,Not LSOG,,2
304030053489998,2014-2018,44.48976,-70.23028,Not LSOG,Not LSOG,,
304030054489998,2014-2018,44.54463,-70.38641,Not LSOG,Not LSOG,,
304030056489998,2014-2018,46.87097,-68.56659,Not LSOG,Not LSOG,,1
304030057489998,2014-2018,46.61825,-69.00774,Not LSOG,Not LSOG,,1
304030058489998,2014-2018,45.14059,-70.25242,Transitioning LS,Transitioning LS,,2
304030059489998,2014-2018,44.84473,-69.70488,Not LSOG,Not LSOG,,
304030061489998,2014-2018,44.26711,-70.15145,Not LSOG,Not LSOG,,
304030062489998,2014-2018,43.42874,-70.82437,Transitioning LS,Transitioning LS,,
304030063489998,2014-2018,46.76363,-68.44279,Not LSOG,Not LSOG,,1
304030065489998,2014-2018,45.4202,-67.6433,Not LSOG,Not LSOG,,2
304030066489998,2014-2018,45.16408,-67.47579,Not LSOG,Not LSOG,,
304030069489998,2014-2018,45.30333,-67.9659,Not LSOG,Not LSOG,,1
304030070489998,2014-2018,44.73563,-68.24532,Not LSOG,Not LSOG,,
304030072489998,2014-2018,44.55443,-67.59905,Not LSOG,Not LSOG,,
304030073489998,2014-2018,46.2545,-69.70783,Not LSOG,Not LSOG,,2
304030074489998,2014-2018,46.00776,-69.72445,Not LSOG,Not LSOG,,1
304030075489998,2014-2018,46.07753,-69.66465,Not LSOG,Not LSOG,,1
304030076489998,2014-2018,46.01056,-69.90327,Not LSOG,Not LSOG,,1
304030077489998,2014-2018,45.8653,-69.85159,Not LSOG,Not LSOG,,1
304030078489998,2014-2018,45.79361,-69.90989,Not LSOG,Not LSOG,,1
304030080489998,2014-2018,44.47166,-69.94202,Not LSOG,Not LSOG,,
304030081489998,2014-2018,44.41027,-70.01851,Transitioning LS,Not LSOG,,
304030082489998,2014-2018,44.32523,-69.93921,Not LSOG,Not LSOG,,
304030083489998,2014-2018,44.37232,-70.12394,Not LSOG,Not LSOG,,
304030084489998,2014-2018,44.35106,-70.29816,Not LSOG,Not LSOG,,
304030085489998,2014-2018,44.18814,-70.22256,Not LSOG,Not LSOG,,
304030087489998,2014-2018,44.06477,-70.214,Transitioning LS,Transitioning LS,,
304030088489998,2014-2018,44.14226,-70.28198,Not LSOG,Not LSOG,,
304030089489998,2014-2018,44.06327,-70.32928,Transitioning LS,Transitioning LS,,
304030090489998,2014-2018,44.1635,-70.45272,Not LSOG,Not LSOG,,
304030091489998,2014-2018,44.03853,-70.26729,Not LSOG,Not LSOG,,
304030092489998,2014-2018,43.99274,-70.41488,Not LSOG,Not LSOG,,
304030093489998,2014-2018,43.89967,-70.26691,Not LSOG,Not LSOG,,
304030095489998,2014-2018,43.33135,-70.71099,LS,LS,,
304030096489998,2014-2018,43.17316,-70.65182,Not LSOG,Not LSOG,,
304030097489998,2014-2018,43.10658,-70.70857,LS,Transitioning LS,,
304030099489998,2014-2018,44.94257,-69.24329,Not LSOG,Not LSOG,,
304030100489998,2014-2018,45.02373,-69.25336,Not LSOG,Not LSOG,,
304030101489998,2014-2018,45.03393,-69.3524,Not LSOG,Not LSOG,,
304030102489998,2014-2018,44.8076,-69.31492,Not LSOG,Not LSOG,,
304030103489998,2014-2018,44.79267,-69.35292,Not LSOG,Not LSOG,,
304030104489998,2014-2018,44.71339,-69.21687,Not LSOG,Not LSOG,,
304030106489998,2014-2018,44.72134,-69.36513,Not LSOG,Not LSOG,,
304030107489998,2014-2018,44.81879,-69.54517,Not LSOG,Not LSOG,,
304030108489998,2014-2018,44.65998,-69.47637,LS,Transitioning LS,,
304030109489998,2014-2018,44.58753,-69.52732,Not LSOG,Not LSOG,,
304030111489998,2014-2018,44.31073,-69.51776,Not LSOG,Not LSOG,,
304030112489998,2014-2018,46.60153,-67.81256,Not LSOG,Not LSOG,,
304030113489998,2014-2018,43.98886,-70.27223,Not LSOG,Not LSOG,,
304030114489998,2014-2018,43.92265,-70.44789,Not LSOG,Not LSOG,,
304030115489998,2014-2018,43.87089,-70.44135,Not LSOG,Not LSOG,,
304030117489998,2014-2018,43.78658,-70.56202,Transitioning LS,Transitioning LS,,
304030118489998,2014-2018,43.70218,-70.4345,Not LSOG,Not LSOG,,
304030119489998,2014-2018,43.61581,-70.49803,Transitioning LS,Not LSOG,,
304030120489998,2014-2018,43.70891,-70.60473,Transitioning LS,Transitioning LS,,
304030121489998,2014-2018,43.61317,-70.7149,Transitioning LS,Transitioning LS,,
304030122489998,2014-2018,43.61287,-70.60871,Not LSOG,Not LSOG,,
304030123489998,2014-2018,43.57787,-70.73885,Not LSOG,Not LSOG,,
304030124489998,2014-2018,43.45241,-70.61275,Not LSOG,Not LSOG,,
304030125489998,2014-2018,43.40458,-70.65636,Not LSOG,Not LSOG,,
304030126489998,2014-2018,43.51354,-70.94778,Transitioning LS,Transitioning LS,,
304030127489998,2014-2018,45.63211,-69.09796,Not LSOG,Not LSOG,,1
304030128489998,2014-2018,45.52951,-69.16526,Not LSOG,Not LSOG,,1
304030129489998,2014-2018,45.63534,-69.24754,Not LSOG,Not LSOG,,1
304030130489998,2014-2018,45.46619,-69.18815,Transitioning LS,Not LSOG,,1
304030131489998,2014-2018,45.39328,-69.05082,Not LSOG,Not LSOG,,
304030132489998,2014-2018,45.31121,-69.11988,Not LSOG,Not LSOG,,2
304030133489998,2014-2018,45.40686,-69.24335,Not LSOG,Not LSOG,,1
304030134489998,2014-2018,45.33283,-69.30614,Not LSOG,Not LSOG,,1
304030135489998,2014-2018,45.54095,-69.37129,Not LSOG,Not LSOG,,1
304030136489998,2014-2018,45.322766,-69.21521,Not LSOG,Not LSOG,,1
304030137489998,2014-2018,45.26203,-69.36687,Transitioning LS,Not LSOG,,1
304030138489998,2014-2018,45.18801,-69.26473,Not LSOG,Not LSOG,,
304030139489998,2014-2018,45.21249,-69.42249,Not LSOG,Not LSOG,,
304030140489998,2014-2018,45.22097,-69.58483,Not LSOG,Not LSOG,,1
304030141489998,2014-2018,46.23137,-67.92595,Not LSOG,Not LSOG,,1
304030142489998,2014-2018,46.14358,-67.80277,Not LSOG,Not LSOG,,
304030143489998,2014-2018,46.09406,-67.89141,Not LSOG,Not LSOG,,
304030144489998,2014-2018,46.02926,-68.11126,Not LSOG,Not LSOG,,1
304030145489998,2014-2018,45.86227,-68.05683,Transitioning LS,Not LSOG,,1
304030146489998,2014-2018,45.7972,-68.1139,Not LSOG,Not LSOG,,1
304030147489998,2014-2018,45.81762,-68.29299,Not LSOG,Not LSOG,,2
304030148489998,2014-2018,45.7219,-68.16827,Not LSOG,Not LSOG,,1
304030149489998,2014-2018,44.27969,-69.00958,Not LSOG,Not LSOG,,
304030150489998,2014-2018,44.30545,-69.17782,LS,LS,,
304030151489998,2014-2018,44.37289,-69.10449,Transitioning LS,Transitioning LS,,
304030153489998,2014-2018,44.24299,-69.24219,Not LSOG,Not LSOG,,
304030154489998,2014-2018,44.20696,-69.23231,LS,Transitioning LS,,
304030156489998,2014-2018,44.10956,-69.33483,Transitioning LS,Not LSOG,,
304030160489998,2014-2018,44.97395,-67.84085,Not LSOG,Not LSOG,,1
304030161489998,2014-2018,44.90817,-67.87588,Not LSOG,Not LSOG,,1
304030162489998,2014-2018,46.71151,-67.89401,Not LSOG,Not LSOG,,
304030163489998,2014-2018,46.55316,-67.85543,Not LSOG,Not LSOG,,
304030164489998,2014-2018,46.46626,-67.90871,Not LSOG,Not LSOG,,
304030165489998,2014-2018,46.37707,-67.79849,Not LSOG,Not LSOG,,
304030166489998,2014-2018,46.30272,-67.86764,Not LSOG,Not LSOG,,
304030167489998,2014-2018,46.39825,-67.97758,Not LSOG,Not LSOG,,2
304030168489998,2014-2018,46.48781,-68.10027,Transitioning LS,Not LSOG,,1
304030169489998,2014-2018,46.3273,-68.04897,Not LSOG,Not LSOG,,1
304030170489998,2014-2018,46.24489,-68.10447,Not LSOG,Not LSOG,,1
304030171489998,2014-2018,46.17445,-68.014,Not LSOG,Not LSOG,,
304030172489998,2014-2018,46.21453,-68.10889,Not LSOG,Not LSOG,,1
304030173489998,2014-2018,46.19692,-68.17979,Not LSOG,Not LSOG,,
304030174489998,2014-2018,46.34889,-68.21983,Not LSOG,Not LSOG,,1
304030175489998,2014-2018,46.11759,-68.20632,Not LSOG,Not LSOG,,
304030176489998,2014-2018,45.93307,-67.80911,Not LSOG,Not LSOG,,
304030177489998,2014-2018,45.8437,-67.85374,Transitioning LS,Not LSOG,,
304030178489998,2014-2018,45.72448,-67.93451,Transitioning LS,Transitioning LS,,1
304030179489998,2014-2018,45.67605,-67.83971,Not LSOG,Not LSOG,,
304030180489998,2014-2018,45.61058,-67.87988,Not LSOG,Not LSOG,,
304030181489998,2014-2018,45.71514,-68.01725,Not LSOG,Not LSOG,,1
304030182489998,2014-2018,45.58954,-67.9935,Not LSOG,Not LSOG,,2
304030183489998,2014-2018,45.62759,-68.07324,Not LSOG,Not LSOG,,1
304030184489998,2014-2018,45.35999,-68.29198,Not LSOG,Not LSOG,,
304030185489998,2014-2018,45.40609,-68.04512,Not LSOG,Not LSOG,,1
304030187489998,2014-2018,45.50868,-68.12791,Not LSOG,Not LSOG,,1
304030188489998,2014-2018,45.00778,-68.35777,Not LSOG,Not LSOG,,2
304030189489998,2014-2018,44.58691,-68.25428,Not LSOG,Not LSOG,,
304030190489998,2014-2018,44.53534,-68.42031,Not LSOG,Not LSOG,,
304030191489998,2014-2018,44.60652,-68.52457,Not LSOG,Not LSOG,,
304030192489998,2014-2018,44.52146,-68.58225,LS,Transitioning LS,,
304030193489998,2014-2018,44.47333,-68.52466,Not LSOG,Not LSOG,,
304030194489998,2014-2018,44.47146,-68.66479,Not LSOG,Not LSOG,,
304030195489998,2014-2018,44.31132,-68.61042,Not LSOG,Not LSOG,,
304030196489998,2014-2018,44.22299,-68.64521,Not LSOG,Not LSOG,,
304030198489998,2014-2018,44.53538,-69.17913,LS,LS,,
304030199489998,2014-2018,44.5721,-69.35717,Not LSOG,Not LSOG,,
304030200489998,2014-2018,44.41405,-69.30076,Not LSOG,Not LSOG,,
304030201489998,2014-2018,44.34058,-69.33722,Not LSOG,Not LSOG,,
304030204489998,2014-2018,44.12594,-69.5234,Not LSOG,Not LSOG,,
304030205489998,2014-2018,43.9083,-69.67561,Not LSOG,Not LSOG,,
304030207489998,2014-2018,43.7657,-69.81068,Not LSOG,Not LSOG,,
304030208489998,2014-2018,45.65948,-68.24093,Not LSOG,Not LSOG,,1
304030209489998,2014-2018,45.54319,-68.2987,Not LSOG,Not LSOG,,
304030210489998,2014-2018,45.60511,-68.47807,Transitioning LS,Not LSOG,,
304030211489998,2014-2018,45.4026,-68.42331,Not LSOG,Not LSOG,,
304030212489998,2014-2018,45.37105,-68.46969,Transitioning LS,Not LSOG,,
304030213489998,2014-2018,45.52217,-68.59631,Transitioning LS,Not LSOG,,2
304030214489998,2014-2018,45.30739,-68.52858,Not LSOG,Not LSOG,,
304030215489998,2014-2018,45.2445,-68.5942,Not LSOG,Not LSOG,,
304030216489998,2014-2018,45.2681,-67.77027,Not LSOG,Not LSOG,,1
304030217489998,2014-2018,45.31953,-67.76109,Transitioning LS,Transitioning LS,,1
304030218489998,2014-2018,45.56105,-67.54799,Not LSOG,Not LSOG,,1
304030219489998,2014-2018,45.49106,-67.5895,Not LSOG,Not LSOG,,1
304030220489998,2014-2018,45.58685,-67.66938,Not LSOG,Not LSOG,,2
304030221489998,2014-2018,45.51359,-67.74733,Not LSOG,Not LSOG,,3
304030222489998,2014-2018,45.35132,-67.69607,Not LSOG,Not LSOG,,1
304030223489998,2014-2018,47.06968,-69.42737,Not LSOG,Not LSOG,,3
304030224489998,2014-2018,46.9861,-69.47961,Not LSOG,Not LSOG,,1
304030225489998,2014-2018,47.07932,-69.6085,Not LSOG,Not LSOG,1,1
304030226489998,2014-2018,47.00741,-69.674,Not LSOG,Not LSOG,1,1
304030227489998,2014-2018,46.94489,-69.73681,Not LSOG,Not LSOG,1,1
304030228489998,2014-2018,46.8485,-69.64057,Not LSOG,Not LSOG,,1
304030229489998,2014-2018,46.8186,-69.67602,Not LSOG,Not LSOG,1,1
304030230489998,2014-2018,46.88748,-69.79652,Not LSOG,Not LSOG,,1
304030231489998,2014-2018,46.80111,-69.85543,Not LSOG,Not LSOG,,1
304030233489998,2014-2018,46.58386,-69.85438,Not LSOG,Not LSOG,,1
304030234489998,2014-2018,46.47633,-69.96576,Not LSOG,Not LSOG,,1
304030235489998,2014-2018,46.35542,-70.03437,Not LSOG,Not LSOG,,1
304030236489998,2014-2018,46.84256,-69.00188,Not LSOG,Not LSOG,,3
304030237489998,2014-2018,47.05324,-69.32373,Not LSOG,Not LSOG,,2
304030238489998,2014-2018,44.15329,-69.74767,Not LSOG,Not LSOG,,
304030239489998,2014-2018,44.04818,-69.58023,Not LSOG,Not LSOG,,
304030240489998,2014-2018,43.97257,-69.63276,Not LSOG,Not LSOG,,
304030241489998,2014-2018,45.37317,-67.75631,Not LSOG,Not LSOG,,1
304030242489998,2014-2018,45.13575,-67.8916,Not LSOG,Not LSOG,,1
304030243489998,2014-2018,45.06238,-67.9771,Not LSOG,Not LSOG,,4
304030244489998,2014-2018,45.23999,-68.00135,Not LSOG,Not LSOG,,
304030245489998,2014-2018,45.16209,-68.0693,Not LSOG,Not LSOG,,2
304030246489998,2014-2018,45.09412,-68.12723,Not LSOG,Not LSOG,,2
304030247489998,2014-2018,44.94077,-68.06066,Not LSOG,Not LSOG,,1
304030248489998,2014-2018,44.86279,-68.12886,Not LSOG,Not LSOG,,2
304030249489998,2014-2018,44.94943,-68.28033,Not LSOG,Not LSOG,,1
304030250489998,2014-2018,44.91997,-68.2397,Transitioning LS,Transitioning LS,,
304030252489998,2014-2018,44.44345,-68.13504,LS,Transitioning LS,,
304030253489998,2014-2018,44.28846,-68.41808,Not LSOG,Not LSOG,,
304030258489998,2014-2018,47.19684,-69.30477,Not LSOG,Not LSOG,,1
304030259489998,2014-2018,47.12236,-69.3603,Not LSOG,Not LSOG,,1
304030260489998,2014-2018,46.89753,-69.24879,Not LSOG,Not LSOG,,1
304030261489998,2014-2018,46.96615,-69.30667,Not LSOG,Not LSOG,,1
304030262489998,2014-2018,46.82768,-69.34194,Not LSOG,Not LSOG,,1
304030263489998,2014-2018,46.7996,-69.25069,Not LSOG,Not LSOG,,2
304030264489998,2014-2018,46.82439,-69.43764,Not LSOG,Not LSOG,,3
304030265489998,2014-2018,46.91219,-69.53314,Transitioning LS,Not LSOG,,1
304030266489998,2014-2018,46.75827,-69.48578,Not LSOG,Not LSOG,,2
304030267489998,2014-2018,46.66695,-69.37462,Not LSOG,Not LSOG,,1
304030268489998,2014-2018,46.56755,-69.41343,Not LSOG,Not LSOG,,1
304030269489998,2014-2018,46.60372,-69.61589,Not LSOG,Not LSOG,,1
304030270489998,2014-2018,46.66818,-69.72825,Not LSOG,Not LSOG,,1
304030271489998,2014-2018,47.14026,-68.74039,Not LSOG,Not LSOG,,2
304030272489998,2014-2018,47.05932,-68.82457,Not LSOG,Not LSOG,,1
304030273489998,2014-2018,47.08024,-69.02275,Not LSOG,Not LSOG,,1
304030274489998,2014-2018,46.92165,-68.94711,LS,Transitioning LS,,1
304030276489998,2014-2018,44.28948,-70.91551,Not LSOG,Not LSOG,,
304030277489998,2014-2018,44.25212,-70.74229,Transitioning LS,Transitioning LS,,1
304030278489998,2014-2018,44.43388,-70.8132,Not LSOG,Not LSOG,,
304030279489998,2014-2018,44.06374,-70.90474,Not LSOG,Not LSOG,,
304030281489998,2014-2018,43.98881,-70.97631,Not LSOG,Not LSOG,,
304030282489998,2014-2018,44.52604,-70.92836,Not LSOG,Not LSOG,,2
304030283489998,2014-2018,44.92425,-70.42177,Not LSOG,Not LSOG,,1
304030285489998,2014-2018,44.83273,-70.3025,LS,Transitioning LS,,
304030287489998,2014-2018,44.85334,-70.47712,Not LSOG,Not LSOG,,1
304030289489998,2014-2018,44.78588,-70.52608,Transitioning LS,Transitioning LS,,
304030290489998,2014-2018,44.72045,-70.59116,Not LSOG,Not LSOG,,
304030292489998,2014-2018,44.55796,-70.52229,Not LSOG,Not LSOG,,
304030293489998,2014-2018,44.62879,-70.65019,Not LSOG,Not LSOG,,
304030294489998,2014-2018,44.58985,-70.67986,Not LSOG,Not LSOG,,
304030295489998,2014-2018,44.51263,-70.52344,Transitioning LS,Transitioning LS,,
304030296489998,2014-2018,44.34385,-70.69479,Transitioning LS,Transitioning LS,,
304030297489998,2014-2018,44.13285,-70.86344,Not LSOG,Not LSOG,,
304030298489998,2014-2018,46.45684,-68.94827,Transitioning LS,Transitioning LS,1,1
304030299489998,2014-2018,46.54713,-69.06057,Not LSOG,Not LSOG,2,2
304030300489998,2014-2018,46.463304,-69.130526,Not LSOG,Not LSOG,,2
304030301489998,2014-2018,46.31318,-69.06065,Not LSOG,Not LSOG,1,1
304030302489998,2014-2018,46.23376,-69.12078,Not LSOG,Not LSOG,,1
304030303489998,2014-2018,46.32962,-69.26521,Not LSOG,Not LSOG,1,1
304030304489998,2014-2018,46.17401,-69.19629,Not LSOG,Not LSOG,,1
304030306489998,2014-2018,46.20923,-69.3931,Not LSOG,Not LSOG,,1
304030307489998,2014-2018,46.15654,-69.25493,Not LSOG,Not LSOG,,1
304030308489998,2014-2018,46.12872,-69.09635,Not LSOG,Not LSOG,,1
304030309489998,2014-2018,46.0349,-69.30639,Not LSOG,Not LSOG,,1
304030310489998,2014-2018,46.12867,-69.42748,Not LSOG,Not LSOG,,1
304030311489998,2014-2018,45.284,-70.68817,Not LSOG,Not LSOG,,
304030312489998,2014-2018,45.27178,-70.71538,LS,LS,,
304030313489998,2014-2018,45.19737,-70.7693,Not LSOG,Not LSOG,,1
304030314489998,2014-2018,45.10882,-70.65291,Not LSOG,Not LSOG,,
304030315489998,2014-2018,45.0446,-70.73691,Not LSOG,Not LSOG,1,1
304030316489998,2014-2018,45.12736,-70.84171,Not LSOG,Not LSOG,1,1
304030317489998,2014-2018,45.15738,-71.02041,Not LSOG,Not LSOG,,2
304030318489998,2014-2018,44.99668,-70.95385,Not LSOG,Not LSOG,2,2
304030320489998,2014-2018,44.83355,-70.88553,Not LSOG,Not LSOG,1,1
304030321489998,2014-2018,44.86985,-71.00227,Not LSOG,Not LSOG,,1
304030322489998,2014-2018,45.34226,-69.9113,Not LSOG,Not LSOG,,1
304030323489998,2014-2018,45.42565,-70.00095,Not LSOG,Not LSOG,,2
304030324489998,2014-2018,45.28884,-70.14845,Not LSOG,Not LSOG,,1
304030325489998,2014-2018,45.3017,-69.93826,Not LSOG,Not LSOG,,1
304030326489998,2014-2018,45.25932,-69.96082,Not LSOG,Not LSOG,,2
304030327489998,2014-2018,45.35556,-70.06657,Not LSOG,Not LSOG,,1
304030328489998,2014-2018,45.13035,-70.0261,Not LSOG,Not LSOG,,1
304030330489998,2014-2018,45.05516,-70.13309,Not LSOG,Not LSOG,,1
304030331489998,2014-2018,44.98186,-70.18271,Not LSOG,Not LSOG,,1
304030332489998,2014-2018,45.07816,-70.30052,Transitioning LS,Not LSOG,,1
304030333489998,2014-2018,44.90976,-70.24556,Not LSOG,Not LSOG,,1
304030334489998,2014-2018,45.00295,-70.37043,Not LSOG,Not LSOG,,
304030335489998,2014-2018,45.7444,-70.14431,Not LSOG,Not LSOG,,1
304030336489998,2014-2018,45.65312,-70.01838,Not LSOG,Not LSOG,,1
304030337489998,2014-2018,45.59917,-70.10334,Not LSOG,Not LSOG,,1
304030338489998,2014-2018,45.60325,-70.27662,LS,LS,,3
304030339489998,2014-2018,45.37836,-70.25442,Not LSOG,Not LSOG,,2
304030341489998,2014-2018,46.0559,-69.48728,Not LSOG,Not LSOG,,1
304030342489998,2014-2018,45.99164,-69.53972,Not LSOG,Not LSOG,,1
304030343489998,2014-2018,45.88886,-69.42873,Not LSOG,Not LSOG,,1
304030344489998,2014-2018,45.82713,-69.49318,Not LSOG,Not LSOG,,1
304030345489998,2014-2018,45.93109,-69.55067,Not LSOG,Not LSOG,,1
304030346489998,2014-2018,45.7638,-69.56354,Not LSOG,Not LSOG,,1
304030348489998,2014-2018,45.72532,-69.60327,Not LSOG,Not LSOG,,1
304030352489998,2014-2018,45.63216,-69.8385,Not LSOG,Not LSOG,,1
304030353489998,2014-2018,45.47414,-69.78884,Not LSOG,Not LSOG,,1
304030354489998,2014-2018,45.4055,-69.84236,Not LSOG,Not LSOG,,1
304030355489998,2014-2018,45.54392,-69.95032,Not LSOG,Not LSOG,,1
304030356489998,2014-2018,46.74492,-68.35004,Not LSOG,Not LSOG,1,1
304030359489998,2014-2018,47.13265,-68.32317,Not LSOG,Not LSOG,,1
304030361489998,2014-2018,47.21404,-68.51551,Not LSOG,Not LSOG,,
304030362489998,2014-2018,46.19533,-70.15048,Not LSOG,Not LSOG,,1
304030363489998,2014-2018,46.13869,-70.20454,LS,LS,,1
304030364489998,2014-2018,45.23212,-70.95943,Not LSOG,Not LSOG,,1
304030365489998,2014-2018,45.08934,-71.04744,Not LSOG,Not LSOG,,1
304030366489998,2014-2018,44.25132,-70.58121,Not LSOG,Not LSOG,,
304030368489998,2014-2018,44.01874,-70.56226,Not LSOG,Not LSOG,,
304030369489998,2014-2018,44.17181,-70.60624,Not LSOG,Not LSOG,,
304030372489998,2014-2018,43.80322,-70.72017,Not LSOG,Not LSOG,,
304030373489998,2014-2018,43.89155,-70.85565,Not LSOG,Not LSOG,,
304030374489998,2014-2018,43.84999,-70.90666,Not LSOG,Not LSOG,,
304030376489998,2014-2018,43.58899,-70.89078,Not LSOG,Not LSOG,,
304030377489998,2014-2018,45.04142,-69.51703,Not LSOG,Not LSOG,,
304030378489998,2014-2018,44.96834,-69.42089,Not LSOG,Not LSOG,,
304030379489998,2014-2018,44.89677,-69.47199,Not LSOG,Not LSOG,,
304030380489998,2014-2018,44.98419,-69.59391,Not LSOG,Not LSOG,,
304030382489998,2014-2018,44.99632,-69.74142,Transitioning LS,Transitioning LS,,
304030383489998,2014-2018,44.7164,-69.57249,Not LSOG,Not LSOG,,
304030384489998,2014-2018,44.68684,-69.65809,Not LSOG,Not LSOG,,
304030385489998,2014-2018,44.76372,-69.79032,Not LSOG,Not LSOG,,
304030386489998,2014-2018,44.68923,-69.81646,Not LSOG,Not LSOG,,
304030387489998,2014-2018,44.79371,-69.95741,Not LSOG,Not LSOG,,
304030388489998,2014-2018,44.54321,-69.77288,Not LSOG,Not LSOG,,
304030390489998,2014-2018,44.562,-69.94385,Not LSOG,Not LSOG,,
304030391489998,2014-2018,44.48926,-69.99883,Not LSOG,Not LSOG,,
304030392489998,2014-2018,46.55641,-68.03197,Not LSOG,Not LSOG,,
304030393489998,2014-2018,46.65339,-68.14847,Not LSOG,Not LSOG,,
304030394489998,2014-2018,46.59034,-68.21472,Transitioning LS,Transitioning LS,,1
304030395489998,2014-2018,46.68129,-68.3567,Not LSOG,Not LSOG,,
304030396489998,2014-2018,46.46283,-68.22101,Not LSOG,Not LSOG,,1
304030397489998,2014-2018,46.42162,-68.16168,Not LSOG,Not LSOG,,1
304030398489998,2014-2018,46.28472,-68.26242,Not LSOG,Not LSOG,,1
304030399489998,2014-2018,46.46026,-68.34563,Not LSOG,Not LSOG,1,1
304030400489998,2014-2018,46.38081,-68.39545,Not LSOG,Not LSOG,,2
304030401489998,2014-2018,46.49453,-68.52583,Not LSOG,Not LSOG,,1
304030402489998,2014-2018,46.31537,-68.46209,Transitioning LS,Not LSOG,,1
304030403489998,2014-2018,46.22326,-68.32382,Not LSOG,Not LSOG,,1
304030404489998,2014-2018,46.14275,-68.40988,Not LSOG,Not LSOG,,1
304030405489998,2014-2018,46.24512,-68.69831,Transitioning LS,Not LSOG,,1
304030406489998,2014-2018,44.99047,-67.98495,Not LSOG,Not LSOG,,1
304030407489998,2014-2018,44.86404,-67.94125,Not LSOG,Not LSOG,,1
304030408489998,2014-2018,44.75238,-67.85904,Not LSOG,Not LSOG,,1
304030410489998,2014-2018,44.76662,-68.0099,Not LSOG,Not LSOG,,2
304030411489998,2014-2018,44.69557,-68.07396,Not LSOG,Not LSOG,,1
304030412489998,2014-2018,44.8016,-68.17836,Not LSOG,Not LSOG,,1
304030413489998,2014-2018,44.63503,-68.12,Not LSOG,Not LSOG,,1
304030414489998,2014-2018,44.52152,-68.01633,Not LSOG,Not LSOG,,1
304030415489998,2014-2018,44.42145,-68.07679,Transitioning LS,Transitioning LS,,
304030416489998,2014-2018,44.73046,-68.17328,Not LSOG,Not LSOG,,1
304030417489998,2014-2018,44.57838,-68.19695,Transitioning LS,Not LSOG,,
304030418489998,2014-2018,44.48317,-68.27537,Transitioning LS,Not LSOG,,
304030419489998,2014-2018,44.7505,-68.2977,Not LSOG,Not LSOG,,1
304030421489998,2014-2018,44.72341,-67.654,Not LSOG,Not LSOG,,
304030422489998,2014-2018,44.80643,-67.76773,Not LSOG,Not LSOG,,1
304030423489998,2014-2018,44.78482,-67.66771,Transitioning LS,Transitioning LS,,
304030424489998,2014-2018,44.58741,-67.77487,Not LSOG,Not LSOG,,
304030426489998,2014-2018,44.44019,-67.89788,Transitioning LS,Not LSOG,,
304030427489998,2014-2018,44.61688,-69.73605,Not LSOG,Not LSOG,,
304030428489998,2014-2018,46.57319,-69.60713,Transitioning LS,Transitioning LS,1,1
304030429489998,2014-2018,46.54254,-69.65152,Not LSOG,Not LSOG,1,1
304030430489998,2014-2018,46.48987,-69.68618,Not LSOG,Not LSOG,,1
304030431489998,2014-2018,46.39473,-69.63844,Not LSOG,Not LSOG,,2
304030432489998,2014-2018,46.31165,-69.67351,Not LSOG,Not LSOG,,1
304030433489998,2014-2018,46.41958,-69.79871,Not LSOG,Not LSOG,,2
304030434489998,2014-2018,46.40528,-69.91598,Not LSOG,Not LSOG,,1
304030435489998,2014-2018,46.33241,-69.85618,Not LSOG,Not LSOG,,1
304030437489998,2014-2018,46.11758,-69.8419,Not LSOG,Not LSOG,,2
304030438489998,2014-2018,46.19787,-69.97169,Not LSOG,Not LSOG,,1
304030439489998,2014-2018,46.2816,-70.09244,Transitioning LS,Transitioning LS,,2
304030440489998,2014-2018,46.13064,-69.96908,Not LSOG,Not LSOG,,1
304030441489998,2014-2018,46.0488,-70.08472,Not LSOG,Not LSOG,,1
304030442489998,2014-2018,45.9693,-69.93832,Not LSOG,Not LSOG,,1
304030443489998,2014-2018,45.893,-70.04931,Not LSOG,Not LSOG,,1
304030444489998,2014-2018,45.16435,-70.4135,LS,Transitioning LS,,2
304030446489998,2014-2018,45.4742,-69.62807,Not LSOG,Not LSOG,,2
304030447489998,2014-2018,45.32199,-69.7343,Not LSOG,Not LSOG,,1
304030448489998,2014-2018,45.15444,-69.64685,Not LSOG,Not LSOG,,1
304030449489998,2014-2018,45.07807,-69.71869,Not LSOG,Not LSOG,,
304030450489998,2014-2018,45.15888,-69.80278,Not LSOG,Not LSOG,,1
304030451489998,2014-2018,44.72269,-69.99629,Not LSOG,Not LSOG,,
304030452489998,2014-2018,46.14551,-68.52574,Not LSOG,Not LSOG,,1
304030453489998,2014-2018,46.10403,-68.67594,Not LSOG,Not LSOG,,1
304030454489998,2014-2018,46.04633,-68.69197,Not LSOG,Not LSOG,,1
304030455489998,2014-2018,46.06029,-68.89324,Not LSOG,Not LSOG,,1
304030456489998,2014-2018,45.89452,-68.82527,LS,LS,,2
304030457489998,2014-2018,45.8164,-68.71274,Not LSOG,Not LSOG,,1
304030458489998,2014-2018,45.73329,-68.77656,Not LSOG,Not LSOG,,1
304030460489998,2014-2018,45.67965,-68.91206,OG,LS,,3
304030461489998,2014-2018,45.85006,-69.07096,Transitioning LS,Transitioning LS,,2
304030464489998,2014-2018,45.58137,-68.87959,Not LSOG,Not LSOG,,1
304030465489998,2014-2018,45.49964,-68.9449,Not LSOG,Not LSOG,,1
304030466489998,2014-2018,44.4482,-69.66612,Not LSOG,Not LSOG,,
304030467489998,2014-2018,44.37182,-69.70381,Not LSOG,Not LSOG,,
304030468489998,2014-2018,44.28616,-69.59578,Not LSOG,Not LSOG,,
304030469489998,2014-2018,44.20908,-69.6846,Not LSOG,Not LSOG,,
304030470489998,2014-2018,44.30292,-69.77765,Not LSOG,Not LSOG,,
304030471489998,2014-2018,44.39718,-69.88834,Not LSOG,Not LSOG,,
304030472489998,2014-2018,44.16898,-69.88226,Not LSOG,Not LSOG,,
304030474489998,2014-2018,44.00216,-69.8092,Transitioning LS,Transitioning LS,,
304030475489998,2014-2018,44.09955,-69.93085,Not LSOG,Not LSOG,,
304030476489998,2014-2018,44.18111,-70.05465,Not LSOG,Not LSOG,,
304030477489998,2014-2018,43.85917,-69.93176,Not LSOG,Not LSOG,,
304030479489998,2014-2018,46.05182,-68.26805,Not LSOG,Not LSOG,,
304030480489998,2014-2018,45.95849,-68.16075,LS,Transitioning LS,,2
304030481489998,2014-2018,45.91116,-68.15683,Not LSOG,Not LSOG,,1
304030482489998,2014-2018,45.97996,-68.33914,LS,Transitioning LS,,
304030483489998,2014-2018,46.0748,-68.46012,Not LSOG,Not LSOG,,1
304030484489998,2014-2018,45.9105,-68.3918,Transitioning LS,Not LSOG,,
304030485489998,2014-2018,45.8313,-68.4831,Not LSOG,Not LSOG,,1
304030486489998,2014-2018,45.70683,-68.35666,Not LSOG,Not LSOG,,1
304030487489998,2014-2018,45.77148,-68.53048,Not LSOG,Not LSOG,,1
304030488489998,2014-2018,45.87169,-68.64487,Not LSOG,Not LSOG,,2
304030489489998,2014-2018,45.7078,-68.59694,Transitioning LS,Transitioning LS,,1
304030490489998,2014-2018,45.64914,-68.66497,Not LSOG,Not LSOG,,
304030491489998,2014-2018,45.1731,-70.58846,Not LSOG,Not LSOG,,1
304030492489998,2014-2018,45.02527,-70.53925,Not LSOG,Not LSOG,,1
304030493489998,2014-2018,44.95159,-70.59267,Not LSOG,Not LSOG,,1
304030494489998,2014-2018,44.977,-70.78745,Not LSOG,Not LSOG,,1
304030495489998,2014-2018,44.80586,-70.71824,LS,Transitioning LS,,1
304030496489998,2014-2018,44.73284,-70.76799,Transitioning LS,Transitioning LS,,2
304030497489998,2014-2018,44.7774,-71.00919,Transitioning LS,Not LSOG,,1
304030498489998,2014-2018,44.60415,-70.86425,LS,LS,,2
304030499489998,2014-2018,47.03265,-69.00672,Not LSOG,Not LSOG,,3
304030500489998,2014-2018,46.63192,-69.19036,Not LSOG,Not LSOG,,1
304030501489998,2014-2018,46.71258,-69.12168,Not LSOG,Not LSOG,,1
304030502489998,2014-2018,46.74254,-69.14043,Not LSOG,Not LSOG,,1
304030503489998,2014-2018,46.69062,-69.54091,Not LSOG,Not LSOG,,2
304030504489998,2014-2018,46.40975,-69.40719,Not LSOG,Not LSOG,1,1
304030505489998,2014-2018,46.4313,-69.37088,Not LSOG,Not LSOG,1,1
304030506489998,2014-2018,46.42848,-69.55416,Not LSOG,Not LSOG,,1
304030507489998,2014-2018,46.29022,-69.49687,Not LSOG,Not LSOG,1,1
304030508489998,2014-2018,46.95484,-68.45635,Not LSOG,Not LSOG,,1
304030509489998,2014-2018,47.08368,-68.55901,Not LSOG,Not LSOG,,4
304030510489998,2014-2018,47.03201,-68.63493,Transitioning LS,Transitioning LS,,
304030511489998,2014-2018,44.65868,-70.07912,Not LSOG,Not LSOG,,
304030512489998,2014-2018,44.81667,-70.09893,Not LSOG,Not LSOG,,
304030513489998,2014-2018,44.76073,-70.24205,Not LSOG,Not LSOG,,
304030514489998,2014-2018,44.83748,-70.18946,Not LSOG,Not LSOG,,
304030515489998,2014-2018,44.43918,-70.22884,Not LSOG,Not LSOG,,
304030516489998,2014-2018,44.59924,-70.32315,Not LSOG,Not LSOG,,
304030517489998,2014-2018,44.47526,-70.39692,Not LSOG,Not LSOG,,
304030519489998,2014-2018,44.30214,-70.57834,Not LSOG,Not LSOG,,
304030520489998,2014-2018,46.56458,-68.64875,Transitioning LS,Not LSOG,1,1
304030521489998,2014-2018,46.41988,-68.60587,Not LSOG,Not LSOG,1,1
304030522489998,2014-2018,46.3345,-68.64727,Not LSOG,Not LSOG,,1
304030523489998,2014-2018,46.44455,-68.77137,LS,LS,,1
304030524489998,2014-2018,46.35712,-68.82992,Not LSOG,Not LSOG,,1
304030525489998,2014-2018,46.18629,-68.75863,Transitioning LS,Transitioning LS,,
304030526489998,2014-2018,46.11287,-68.80918,Not LSOG,Not LSOG,,2
304030527489998,2014-2018,46.21332,-68.95546,Not LSOG,Not LSOG,,2
304030528489998,2014-2018,46.14208,-69.00089,Not LSOG,Not LSOG,,1
304030529489998,2014-2018,45.98764,-68.95677,Transitioning LS,Not LSOG,,1
304030530489998,2014-2018,46.08687,-69.06929,Transitioning LS,Not LSOG,,2
304030531489998,2014-2018,46.01701,-69.11099,Not LSOG,Not LSOG,,1
304030532489998,2014-2018,46.99475,-67.83476,Transitioning LS,Not LSOG,,1
304030533489998,2014-2018,47.08622,-67.95879,Not LSOG,Not LSOG,,1
304030534489998,2014-2018,46.93025,-67.9124,Transitioning LS,Not LSOG,,
304030537489998,2014-2018,46.79094,-68.02678,Not LSOG,Not LSOG,,
304030538489998,2014-2018,46.88312,-68.15827,Not LSOG,Not LSOG,,
304030539489998,2014-2018,46.84026,-68.02149,Transitioning LS,Transitioning LS,,
304030540489998,2014-2018,46.63382,-67.9754,Not LSOG,Not LSOG,,
304030541489998,2014-2018,45.16348,-68.29537,LS,Transitioning LS,,1
304030542489998,2014-2018,45.4531,-68.17993,Not LSOG,Not LSOG,,1
304030543489998,2014-2018,45.41941,-68.24145,Not LSOG,Not LSOG,,
304030544489998,2014-2018,45.55999,-68.14176,Not LSOG,Not LSOG,,1
304030545489998,2014-2018,45.25289,-68.17946,Not LSOG,Not LSOG,,
304030546489998,2014-2018,45.1877,-68.24895,Not LSOG,Not LSOG,,1
304030547489998,2014-2018,45.28124,-68.35489,Not LSOG,Not LSOG,,
304030548489998,2014-2018,45.28236,-68.2662,Not LSOG,Not LSOG,,1
304030549489998,2014-2018,45.21484,-68.39518,Not LSOG,Not LSOG,,
304030550489998,2014-2018,45.09319,-68.47975,Not LSOG,Not LSOG,,1
304030551489998,2014-2018,45.05901,-68.36323,Not LSOG,Not LSOG,,2
304030552489998,2014-2018,44.9821,-68.41769,Not LSOG,Not LSOG,,1
304030553489998,2014-2018,45.07602,-68.54113,Not LSOG,Not LSOG,,
304030554489998,2014-2018,44.40532,-68.11168,Not LSOG,Not LSOG,,
304030555489998,2014-2018,46.977312,-68.506853,Not LSOG,Not LSOG,,1
304030556489998,2014-2018,46.93088,-68.51298,Transitioning LS,Not LSOG,,1
304030557489998,2014-2018,46.95474,-68.69584,Transitioning LS,Not LSOG,,2
304030558489998,2014-2018,46.80083,-68.64012,Not LSOG,Not LSOG,,2
304030559489998,2014-2018,46.88933,-68.75076,Not LSOG,Not LSOG,,2
304030560489998,2014-2018,46.8211,-68.83681,Not LSOG,Not LSOG,,1
304030561489998,2014-2018,46.72719,-68.71281,Not LSOG,Not LSOG,,1
304030562489998,2014-2018,46.61816,-68.8275,Not LSOG,Not LSOG,1,1
304030563489998,2014-2018,46.75465,-68.90679,Not LSOG,Not LSOG,,1
304030564489998,2014-2018,46.59321,-68.82937,Not LSOG,Not LSOG,,2
304030565489998,2014-2018,46.68524,-68.94814,Not LSOG,Not LSOG,,1
304030566489998,2014-2018,46.47117,-68.78373,Not LSOG,Not LSOG,,1
304030567489998,2014-2018,46.50386,-68.89479,Not LSOG,Not LSOG,2,2
304030568489998,2014-2018,45.78444,-69.1386,LS,LS,,2
304030569489998,2014-2018,45.71196,-69.1895,Not LSOG,Not LSOG,,1
304030571489998,2014-2018,45.79388,-69.31551,Not LSOG,Not LSOG,,1
304030572489998,2014-2018,45.7245,-69.36972,Not LSOG,Not LSOG,,1
304030573489998,2014-2018,45.58757,-69.31263,Not LSOG,Not LSOG,,1
304030574489998,2014-2018,45.4847,-69.36307,Not LSOG,Not LSOG,,1
304030575489998,2014-2018,45.59187,-69.47979,Not LSOG,Not LSOG,,1
304030577489998,2014-2018,47.18719,-68.08645,Not LSOG,Not LSOG,,1
304030578489998,2014-2018,47.026,-68.02643,Not LSOG,Not LSOG,,1
304030580489998,2014-2018,47.13055,-68.11826,Not LSOG,Not LSOG,,2
304030581489998,2014-2018,46.9915,-68.21203,Not LSOG,Not LSOG,,
304030582489998,2014-2018,43.9963,-70.18251,Not LSOG,Not LSOG,,
304030583489998,2014-2018,43.8114,-70.13506,LS,LS,,
304030584489998,2014-2018,43.73914,-70.21038,Not LSOG,Not LSOG,,
304030587489998,2014-2018,43.53738,-70.38634,Not LSOG,Not LSOG,,
304030588489998,2014-2018,43.41484,-70.41476,Not LSOG,Not LSOG,,
304030590489998,2014-2018,45.18298,-68.64538,Not LSOG,Not LSOG,,
304030591489998,2014-2018,45.55288,-68.53588,Not LSOG,Not LSOG,,1
304030592489998,2014-2018,45.46861,-68.59658,Not LSOG,Not LSOG,,
304030593489998,2014-2018,47.40444,-69.1179,Not LSOG,Not LSOG,,1
304030594489998,2014-2018,47.21823,-69.23403,Not LSOG,Not LSOG,,1
304030595489998,2014-2018,45.98256,-70.14611,Not LSOG,Not LSOG,,1
304030596489998,2014-2018,46.06771,-70.26538,Not LSOG,Not LSOG,,1
304030597489998,2014-2018,46.98639,-68.28327,Not LSOG,Not LSOG,,
304030598489998,2014-2018,46.83496,-68.22763,Not LSOG,Not LSOG,,
304030599489998,2014-2018,46.74018,-68.27516,Transitioning LS,Transitioning LS,,
304030600489998,2014-2018,46.8369,-68.42226,Not LSOG,Not LSOG,1,1
304030601489998,2014-2018,46.6277,-68.38225,Not LSOG,Not LSOG,,
304030602489998,2014-2018,46.53831,-68.4591,Not LSOG,Not LSOG,1,1
304030603489998,2014-2018,46.71937,-68.49773,Not LSOG,Not LSOG,1,1
304030604489998,2014-2018,46.63654,-68.58273,Not LSOG,Not LSOG,,1
304030606489998,2014-2018,45.04931,-68.75709,Not LSOG,Not LSOG,,
304030607489998,2014-2018,44.96231,-68.839116,Not LSOG,Not LSOG,,
304030608489998,2014-2018,44.99574,-68.99659,Not LSOG,Not LSOG,,
304030610489998,2014-2018,44.74329,-68.91022,Not LSOG,Not LSOG,,
304030611489998,2014-2018,44.76033,-69.00477,Transitioning LS,Not LSOG,,
304030612489998,2014-2018,44.78819,-69.16704,Not LSOG,Not LSOG,,
304030613489998,2014-2018,44.62289,-69.11395,Not LSOG,Not LSOG,,
304030614489998,2014-2018,45.4889,-68.77115,Not LSOG,Not LSOG,,1
304030615489998,2014-2018,45.44946,-68.84849,Transitioning LS,Not LSOG,,2
304030616489998,2014-2018,45.33122,-68.7166,Transitioning LS,Transitioning LS,,
304030617489998,2014-2018,45.26671,-68.77035,Transitioning LS,Not LSOG,,
304030618489998,2014-2018,45.29501,-68.96633,Not LSOG,Not LSOG,,
304030619489998,2014-2018,45.14039,-68.90036,Not LSOG,Not LSOG,,1
304030620489998,2014-2018,45.05913,-68.95072,Not LSOG,Not LSOG,,
304030621489998,2014-2018,45.14284,-69.08504,LS,Transitioning LS,,1
304030622489998,2014-2018,45.13335,-69.22582,Not LSOG,Not LSOG,,
304030623489998,2014-2018,45.07703,-69.1249,Not LSOG,Not LSOG,,
304030624489998,2014-2018,45.01771,-69.17053,Not LSOG,Not LSOG,,
304030625489998,2014-2018,44.91316,-68.47702,Not LSOG,Not LSOG,,1
304030626489998,2014-2018,44.99327,-68.60366,Not LSOG,Not LSOG,,
304030628489998,2014-2018,45.91246,-70.20887,Not LSOG,Not LSOG,,1
304030629489998,2014-2018,45.72576,-70.20302,Not LSOG,Not LSOG,,1
304030630489998,2014-2018,45.82252,-70.10521,Not LSOG,Not LSOG,,2
304030631489998,2014-2018,45.69559,-70.22191,Not LSOG,Not LSOG,,1
304030632489998,2014-2018,45.78567,-70.32144,Not LSOG,Not LSOG,,1
304030633489998,2014-2018,45.72956,-70.32749,Transitioning LS,Not LSOG,,1
304030634489998,2014-2018,45.6105,-70.43579,Not LSOG,Not LSOG,,1
304030635489998,2014-2018,45.52117,-70.30003,Not LSOG,Not LSOG,,1
304030636489998,2014-2018,45.4704,-70.38061,Not LSOG,Not LSOG,,1
304030637489998,2014-2018,45.55587,-70.50986,Not LSOG,Not LSOG,,2
304030638489998,2014-2018,45.48889,-70.54969,Not LSOG,Not LSOG,,1
304030639489998,2014-2018,45.34432,-70.48944,Transitioning LS,Transitioning LS,,2
304030640489998,2014-2018,45.25735,-70.57278,Not LSOG,Not LSOG,,
304030641489998,2014-2018,45.34155,-70.66247,Not LSOG,Not LSOG,,3
304030642489998,2014-2018,47.14591,-68.94245,Not LSOG,Not LSOG,,1
304030643489998,2014-2018,47.22949,-69.0713,Not LSOG,Not LSOG,,1
304030644489998,2014-2018,47.34667,-69.18892,Not LSOG,Not LSOG,,1
304030645489998,2014-2018,47.1658,-69.1209,Not LSOG,Not LSOG,,1
304030646489998,2014-2018,47.06957,-69.15952,Not LSOG,Not LSOG,,1
304030647489998,2014-2018,46.22503,-69.55012,Not LSOG,Not LSOG,1,1
304030648489998,2014-2018,43.26695,-70.75706,Not LSOG,Not LSOG,,
304030650489998,2014-2018,45.39772,-67.46192,Not LSOG,Not LSOG,,1
304030651489998,2014-2018,45.28253,-67.53551,Not LSOG,Not LSOG,,
304030653489998,2014-2018,45.10416,-67.53323,Not LSOG,Not LSOG,,
304030654489998,2014-2018,45.17516,-67.65225,Not LSOG,Not LSOG,,1
304030655489998,2014-2018,45.14291,-67.76784,Not LSOG,Not LSOG,,1
304030657489998,2014-2018,45.03506,-67.74696,Not LSOG,Not LSOG,,1
304030658489998,2014-2018,44.94954,-67.65638,Not LSOG,Not LSOG,,
304030659489998,2014-2018,44.90208,-67.66293,Not LSOG,Not LSOG,,
304030660489998,2014-2018,43.39091,-70.48395,Not LSOG,Not LSOG,,
304030661489998,2014-2018,44.85407,-68.55934,Not LSOG,Not LSOG,,
304030662489998,2014-2018,44.78007,-68.61732,Not LSOG,Not LSOG,,
304030664489998,2014-2018,44.69123,-68.65605,Not LSOG,Not LSOG,,
304030667489998,2014-2018,44.63322,-68.71612,Not LSOG,Not LSOG,,
304030669489998,2014-2018,44.51229,-68.83996,Not LSOG,Not LSOG,,
304030670489998,2014-2018,44.58105,-68.9476,Not LSOG,Not LSOG,,
304030671489998,2014-2018,44.53106,-68.98963,Not LSOG,Not LSOG,,
304030673489998,2014-2018,45.02692,-67.11466,Not LSOG,Not LSOG,,
304030674489998,2014-2018,44.96707,-67.24304,Not LSOG,Not LSOG,,
304030675489998,2014-2018,44.84648,-67.22527,Not LSOG,Not LSOG,,1
304030676489998,2014-2018,44.73547,-67.23832,Not LSOG,Not LSOG,,
304030679489998,2014-2018,45.03198,-67.17844,Not LSOG,Not LSOG,,
304030680489998,2014-2018,45.13756,-67.28659,Not LSOG,Not LSOG,,
304030682489998,2014-2018,44.97224,-67.40873,Not LSOG,Not LSOG,,
304030683489998,2014-2018,44.89965,-67.28654,Not LSOG,Not LSOG,,1
304030684489998,2014-2018,45.11457,-67.36124,Not LSOG,Not LSOG,,
304030685489998,2014-2018,44.88655,-67.47946,Not LSOG,Not LSOG,,1
304030686489998,2014-2018,44.86222,-67.5285,Not LSOG,Not LSOG,,1
304030687489998,2014-2018,44.79957,-67.60287,Transitioning LS,Not LSOG,,
304030688489998,2014-2018,44.71821,-67.46889,Not LSOG,Not LSOG,,
304030689489998,2014-2018,44.953,-67.48553,Not LSOG,Not LSOG,,1
304030690489998,2014-2018,45.04286,-67.60261,Transitioning LS,Transitioning LS,,
304030691489998,2014-2018,44.33196,-68.1865,Not LSOG,Not LSOG,,
304030692489998,2014-2018,44.4508,-69.06389,Not LSOG,Not LSOG,,
304030693489998,2014-2018,45.5866,-68.70628,Not LSOG,Not LSOG,,2
304030694489998,2014-2018,45.6579,-68.82931,Not LSOG,Not LSOG,,2
304030695489998,2014-2018,45.36262,-68.90228,Not LSOG,Not LSOG,,1
304030696489998,2014-2018,45.45177,-68.96904,Not LSOG,Not LSOG,,1
304030698489998,2014-2018,44.23516,-69.82715,Not LSOG,Not LSOG,,
304030700489998,2014-2018,46.1599,-68.6001,Not LSOG,Not LSOG,,1
304030701489998,2014-2018,46.01111,-68.53107,Not LSOG,Not LSOG,,
304030702489998,2014-2018,44.62863,-69.88209,Not LSOG,Not LSOG,,
304030703489998,2014-2018,43.78303,-70.78184,Not LSOG,Not LSOG,,
304030704489998,2014-2018,43.50087,-70.78242,Not LSOG,Not LSOG,,
304030705489998,2014-2018,43.35907,-70.89076,Not LSOG,Not LSOG,,
304030706489998,2014-2018,45.90905,-69.00468,Transitioning LS,Not LSOG,,2
304030707489998,2014-2018,44.7968,-69.72288,Not LSOG,Not LSOG,,
304030709489998,2014-2018,46.37002,-69.00399,Not LSOG,Not LSOG,1,1
304030710489998,2014-2018,46.57066,-69.13325,Not LSOG,Not LSOG,,1
304030711489998,2014-2018,45.20805,-69.95357,Not LSOG,Not LSOG,,1
304030712489998,2014-2018,46.17916,-69.76494,Not LSOG,Not LSOG,,1
304030713489998,2014-2018,45.07093,-70.91185,Not LSOG,Not LSOG,1,1
304030714489998,2014-2018,44.298624,-71.005368,Not LSOG,Not LSOG,,1
304030715489998,2014-2018,44.387754,-70.920104,Not LSOG,Not LSOG,,
304030716489998,2014-2018,44.336288,-70.875526,Not LSOG,Not LSOG,,2
352683556489998,2014-2018,44.34472,-69.50708,Not LSOG,Not LSOG,,
375823083489998,2014-2018,43.78565,-70.313,Transitioning LS,Not LSOG,,
375823084489998,2014-2018,43.96371,-70.5588,Not LSOG,Not LSOG,,
375823085489998,2014-2018,43.59944,-70.65955,Not LSOG,Not LSOG,,
375823086489998,2014-2018,46.01202,-68.88876,Not LSOG,Not LSOG,,2
375823087489998,2014-2018,45.23954,-69.77591,Not LSOG,Not LSOG,,1
375823089489998,2014-2018,45.16335,-69.00569,Not LSOG,Not LSOG,,1
375823090489998,2014-2018,45.09566,-69.07129,Transitioning LS,Transitioning LS,,
375823092489998,2014-2018,44.25488,-70.45233,Not LSOG,Not LSOG,,
375823094489998,2014-2018,44.31849,-70.86647,Transitioning LS,Transitioning LS,,2
375823096489998,2014-2018,44.19777,-69.10233,Not LSOG,Not LSOG,,
375823097489998,2014-2018,43.968272,-69.403113,Not LSOG,Not LSOG,,
375823098489998,2014-2018,44.71196,-68.99521,Transitioning LS,Transitioning LS,,
375823099489998,2014-2018,44.49541,-69.14936,Transitioning LS,Transitioning LS,,
375823100489998,2014-2018,45.39639,-70.18563,Not LSOG,Not LSOG,,1
375823101489998,2014-2018,45.02598,-70.42357,Not LSOG,Not LSOG,,1
375823104489998,2014-2018,44.54957,-70.89243,Transitioning LS,Transitioning LS,,
375823105489998,2014-2018,46.90982,-69.31959,Not LSOG,Not LSOG,,1
375823106489998,2014-2018,45.88441,-69.66482,Not LSOG,Not LSOG,,1
375823107489998,2014-2018,46.4535,-68.10553,Not LSOG,Not LSOG,,1
375823108489998,2014-2018,45.87057,-68.41858,Not LSOG,Not LSOG,,
375823109489998,2014-2018,43.91534,-70.06221,Not LSOG,Not LSOG,,
375823110489998,2014-2018,47.12604,-67.89976,Not LSOG,Not LSOG,,1
375823111489998,2014-2018,46.7064,-68.26941,Not LSOG,Not LSOG,,
375823112489998,2014-2018,46.40018,-68.34653,Not LSOG,Not LSOG,1,1
375823113489998,2014-2018,46.13399,-68.60126,Not LSOG,Not LSOG,,1
375823114489998,2014-2018,45.57342,-69.06195,Not LSOG,Not LSOG,,1
375823116489998,2014-2018,44.02404,-69.18272,Not LSOG,Not LSOG,,
375823117489998,2014-2018,45.67179,-68.19866,Not LSOG,Not LSOG,,1
375823118489998,2014-2018,44.79616,-68.93698,Not LSOG,Not LSOG,,
375823119489998,2014-2018,44.20227,-69.43225,Transitioning LS,Transitioning LS,,
375823120489998,2014-2018,43.97461,-69.75875,Not LSOG,Not LSOG,,
375823121489998,2014-2018,45.85836,-69.40354,Not LSOG,Not LSOG,,1
375823122489998,2014-2018,45.00216,-70.13144,Not LSOG,Not LSOG,,2
375823123489998,2014-2018,44.16436,-70.80379,Not LSOG,Not LSOG,,
375823124489998,2014-2018,47.03433,-68.38314,Not LSOG,Not LSOG,,2
375823125489998,2014-2018,47.12601,-68.51521,Transitioning LS,Transitioning LS,,
375823126489998,2014-2018,46.74837,-68.63992,Transitioning LS,Transitioning LS,,2
375823127489998,2014-2018,46.55385,-69.01933,Not LSOG,Not LSOG,2,2
375823128489998,2014-2018,45.11288,-70.26393,Not LSOG,Not LSOG,,1
375823129489998,2014-2018,44.74364,-69.47899,Not LSOG,Not LSOG,,
375823130489998,2014-2018,44.71338,-69.7703,Not LSOG,Not LSOG,,
375823132489998,2014-2018,43.85081,-70.51157,Not LSOG,Not LSOG,,
375823134489998,2014-2018,43.30208,-70.85986,Not LSOG,Not LSOG,,
375823135489998,2014-2018,47.13468,-68.08262,Not LSOG,Not LSOG,,1
375823136489998,2014-2018,46.15375,-68.75257,Not LSOG,Not LSOG,,1
375823137489998,2014-2018,46.17135,-68.93648,Transitioning LS,Transitioning LS,,2
375823138489998,2014-2018,44.69426,-67.83945,Not LSOG,Not LSOG,,
375823139489998,2014-2018,44.60571,-68.3013,Not LSOG,Not LSOG,,1
375823140489998,2014-2018,44.30869,-68.36973,LS,LS,,
375823141489998,2014-2018,44.44741,-68.68821,Not LSOG,Not LSOG,,
375823142489998,2014-2018,43.96318,-69.22922,Not LSOG,Not LSOG,,
375823143489998,2014-2018,44.76765,-67.19312,Not LSOG,Not LSOG,,
375823144489998,2014-2018,46.265067,-69.671793,Not LSOG,Not LSOG,,1
375823145489998,2014-2018,46.19182,-69.72874,Transitioning LS,Not LSOG,3,3
375823146489998,2014-2018,46.10633,-69.61192,Transitioning LS,Not LSOG,,2
375823147489998,2014-2018,46.04139,-69.67044,Not LSOG,Not LSOG,,1
375823148489998,2014-2018,46.13344,-69.76788,Not LSOG,Not LSOG,,3
375823149489998,2014-2018,46.05687,-69.84287,Not LSOG,Not LSOG,,1
375823150489998,2014-2018,45.90829,-69.95879,Not LSOG,Not LSOG,,1
375823151489998,2014-2018,45.92663,-69.77951,Not LSOG,Not LSOG,,2
375823152489998,2014-2018,45.88856,-69.79288,LS,Transitioning LS,,1
375823153489998,2014-2018,45.81482,-69.84766,Not LSOG,Not LSOG,,1
375823154489998,2014-2018,46.00005,-69.92225,Not LSOG,Not LSOG,,1
375823155489998,2014-2018,45.73589,-69.94197,Not LSOG,Not LSOG,,1
375823157489998,2014-2018,45.78699,-70.07889,Not LSOG,Not LSOG,,1
375823158489998,2014-2018,44.4996,-69.881,Not LSOG,Not LSOG,,
375823159489998,2014-2018,44.36284,-70.07388,Not LSOG,Not LSOG,,
375823161489998,2014-2018,44.21372,-69.98962,Not LSOG,Not LSOG,,
375823162489998,2014-2018,44.30705,-70.12284,Not LSOG,Not LSOG,,
375823163489998,2014-2018,44.39462,-70.23573,Not LSOG,Not LSOG,,
375823164489998,2014-2018,44.21931,-70.15,Not LSOG,Not LSOG,,
375823165489998,2014-2018,44.16325,-70.22967,Not LSOG,Not LSOG,,
375823166489998,2014-2018,44.04633,-70.11403,Transitioning LS,Transitioning LS,,
375823167489998,2014-2018,43.9873,-70.20527,Transitioning LS,Not LSOG,,
375823168489998,2014-2018,44.09038,-70.27821,Not LSOG,Not LSOG,,
375823169489998,2014-2018,44.18539,-70.41902,Not LSOG,Not LSOG,,
375823170489998,2014-2018,44.02649,-70.3345,Not LSOG,Not LSOG,,
375823171489998,2014-2018,43.95307,-70.39467,Not LSOG,Not LSOG,,
375823173489998,2014-2018,43.27221,-70.71284,Not LSOG,Not LSOG,,
375823175489998,2014-2018,44.96462,-69.17834,Not LSOG,Not LSOG,,
375823176489998,2014-2018,44.98285,-69.387,Not LSOG,Not LSOG,,
375823177489998,2014-2018,44.85267,-69.30866,Not LSOG,Not LSOG,,
375823178489998,2014-2018,44.75503,-69.35411,Not LSOG,Not LSOG,,
375823179489998,2014-2018,44.77605,-69.54405,Transitioning LS,Not LSOG,,
375823180489998,2014-2018,44.68186,-69.43126,Not LSOG,Not LSOG,,
375823181489998,2014-2018,44.60504,-69.47155,Not LSOG,Not LSOG,,
375823183489998,2014-2018,46.3134,-67.78629,Not LSOG,Not LSOG,,
375823185489998,2014-2018,43.73676,-70.55294,Not LSOG,Not LSOG,,
375823186489998,2014-2018,43.58328,-70.47655,Not LSOG,Not LSOG,,
375823187489998,2014-2018,43.67069,-70.60236,Not LSOG,Not LSOG,,
375823188489998,2014-2018,43.75421,-70.72516,Not LSOG,Not LSOG,,
375823189489998,2014-2018,43.52451,-70.71091,Not LSOG,Not LSOG,,
375823191489998,2014-2018,43.44852,-70.77132,Not LSOG,Not LSOG,,
375823193489998,2014-2018,43.43454,-70.90855,Not LSOG,Not LSOG,,
375823194489998,2014-2018,43.38441,-70.82266,Not LSOG,Not LSOG,,
375823195489998,2014-2018,45.65564,-69.20027,Not LSOG,Not LSOG,,1
375823196489998,2014-2018,45.50394,-69.12245,Transitioning LS,Not LSOG,,1
375823197489998,2014-2018,45.4405,-69.17912,Transitioning LS,Not LSOG,,1
375823198489998,2014-2018,45.34165,-69.06317,Not LSOG,Not LSOG,,2
375823199489998,2014-2018,45.16995,-69.11531,Not LSOG,Not LSOG,,2
375823200489998,2014-2018,45.35268,-69.25647,Not LSOG,Not LSOG,,1
375823201489998,2014-2018,45.46056,-69.36021,Not LSOG,Not LSOG,,1
375823202489998,2014-2018,45.19417,-69.34567,Transitioning LS,Transitioning LS,,
375823203489998,2014-2018,45.22289,-69.18417,Not LSOG,Not LSOG,,
375823204489998,2014-2018,45.04617,-69.31529,Not LSOG,Not LSOG,,
375823205489998,2014-2018,45.12585,-69.41477,Transitioning LS,Transitioning LS,,
375823206489998,2014-2018,45.16927,-69.60281,Not LSOG,Not LSOG,,1
375823207489998,2014-2018,45.08281,-69.51276,Not LSOG,Not LSOG,,
375823209489998,2014-2018,46.16935,-67.932,Not LSOG,Not LSOG,,
375823210489998,2014-2018,46.0832,-67.83225,Not LSOG,Not LSOG,,
375823211489998,2014-2018,46.03186,-67.89262,Transitioning LS,Transitioning LS,,
375823213489998,2014-2018,45.95913,-67.9347,Not LSOG,Not LSOG,,1
375823214489998,2014-2018,46.06086,-68.05087,Not LSOG,Not LSOG,,
375823215489998,2014-2018,45.98684,-68.11332,Not LSOG,Not LSOG,,1
375823216489998,2014-2018,45.8103,-67.91465,Not LSOG,Not LSOG,,
375823217489998,2014-2018,45.81148,-68.05434,Not LSOG,Not LSOG,,1
375823218489998,2014-2018,45.89737,-68.2305,Not LSOG,Not LSOG,,2
375823219489998,2014-2018,45.7686,-68.12481,Not LSOG,Not LSOG,,1
375823220489998,2014-2018,45.83514,-68.23147,Not LSOG,Not LSOG,,1
375823221489998,2014-2018,45.78849,-68.30609,Not LSOG,Not LSOG,,1
375823223489998,2014-2018,44.29813,-69.06043,LS,Transitioning LS,,
375823224489998,2014-2018,44.25503,-69.05536,LS,Transitioning LS,,
375823225489998,2014-2018,44.25435,-69.17886,Not LSOG,Not LSOG,,
375823228489998,2014-2018,43.93421,-69.52369,Transitioning LS,Not LSOG,,
375823229489998,2014-2018,44.93531,-67.86389,Transitioning LS,Not LSOG,,1
375823232489998,2014-2018,46.40813,-67.91559,Not LSOG,Not LSOG,,1
375823233489998,2014-2018,46.34433,-67.97624,Not LSOG,Not LSOG,,1
375823234489998,2014-2018,46.29364,-68.02737,Transitioning LS,Transitioning LS,,1
375823235489998,2014-2018,46.10496,-68.04749,Not LSOG,Not LSOG,,
375823236489998,2014-2018,46.24395,-68.29025,Not LSOG,Not LSOG,,1
375823237489998,2014-2018,46.1471,-68.29221,Not LSOG,Not LSOG,,
375823238489998,2014-2018,45.80689,-67.86405,Transitioning LS,Transitioning LS,,
375823239489998,2014-2018,45.77639,-67.94911,Not LSOG,Not LSOG,,
375823240489998,2014-2018,45.58088,-67.94371,Not LSOG,Not LSOG,,1
375823241489998,2014-2018,45.4952,-67.94738,Not LSOG,Not LSOG,,1
375823242489998,2014-2018,45.64871,-68.00503,Not LSOG,Not LSOG,,1
375823243489998,2014-2018,45.58788,-68.05439,Not LSOG,Not LSOG,,1
375823244489998,2014-2018,45.51395,-68.00372,Not LSOG,Not LSOG,,1
375823245489998,2014-2018,45.49619,-68.16922,LS,Transitioning LS,,1
375823246489998,2014-2018,44.84897,-68.30849,Not LSOG,Not LSOG,,
375823247489998,2014-2018,44.60114,-68.17365,Not LSOG,Not LSOG,,
375823249489998,2014-2018,44.77047,-68.36816,Transitioning LS,Not LSOG,,
375823250489998,2014-2018,44.71128,-68.38831,Not LSOG,Not LSOG,,
375823254489998,2014-2018,44.55682,-68.56394,Not LSOG,Not LSOG,,
375823256489998,2014-2018,44.38316,-68.72828,Transitioning LS,Not LSOG,,
375823257489998,2014-2018,44.36202,-68.72825,Not LSOG,Not LSOG,,
375823259489998,2014-2018,44.65308,-69.23975,Not LSOG,Not LSOG,,
375823260489998,2014-2018,44.58564,-69.28951,Not LSOG,Not LSOG,,
375823262489998,2014-2018,44.41869,-69.24734,Transitioning LS,Not LSOG,,
375823263489998,2014-2018,44.34135,-69.32396,Not LSOG,Not LSOG,,
375823264489998,2014-2018,44.41436,-69.35835,Not LSOG,Not LSOG,,
375823265489998,2014-2018,44.28742,-69.36135,Not LSOG,Not LSOG,,
375823266489998,2014-2018,44.37395,-69.47544,Not LSOG,Not LSOG,,
375823267489998,2014-2018,44.43012,-69.47414,Transitioning LS,Not LSOG,,
375823268489998,2014-2018,44.15095,-69.48331,Not LSOG,Not LSOG,,
375823270489998,2014-2018,44.01747,-69.77947,Transitioning LS,Transitioning LS,,
375823273489998,2014-2018,43.88734,-69.86624,LS,LS,,
375823274489998,2014-2018,43.79409,-69.75613,Not LSOG,Not LSOG,,
375823275489998,2014-2018,43.82164,-69.95501,Not LSOG,Not LSOG,,
375823276489998,2014-2018,46.62259,-68.24622,Not LSOG,Not LSOG,,2
375823277489998,2014-2018,45.76603,-68.36018,Not LSOG,Not LSOG,,1
375823278489998,2014-2018,45.58442,-68.29553,Not LSOG,Not LSOG,,
375823279489998,2014-2018,45.64236,-68.40888,Not LSOG,Not LSOG,,1
375823280489998,2014-2018,45.56166,-68.47447,Not LSOG,Not LSOG,,
375823281489998,2014-2018,45.48915,-68.53556,Not LSOG,Not LSOG,,1
375823282489998,2014-2018,45.4717,-68.43055,Transitioning LS,Not LSOG,,
375823283489998,2014-2018,45.47573,-68.36177,Not LSOG,Not LSOG,,
375823284489998,2014-2018,45.33736,-68.4675,Not LSOG,Not LSOG,,
375823285489998,2014-2018,45.30227,-68.6919,Not LSOG,Not LSOG,,
375823286489998,2014-2018,45.34436,-68.6668,Not LSOG,Not LSOG,,
375823288489998,2014-2018,45.19668,-68.60219,Not LSOG,Not LSOG,,
375823289489998,2014-2018,45.41868,-68.59712,Transitioning LS,Transitioning LS,,2
375823290489998,2014-2018,45.39711,-67.8327,Not LSOG,Not LSOG,,1
375823291489998,2014-2018,45.33312,-67.88922,Not LSOG,Not LSOG,,1
375823292489998,2014-2018,44.13934,-68.89501,Not LSOG,Not LSOG,,
375823294489998,2014-2018,45.56917,-67.46088,LS,Transitioning LS,,
375823295489998,2014-2018,45.5069,-67.53064,Not LSOG,Not LSOG,,1
375823296489998,2014-2018,45.59233,-67.67321,Not LSOG,Not LSOG,,1
375823297489998,2014-2018,45.52174,-67.72622,Not LSOG,Not LSOG,,1
375823298489998,2014-2018,45.60851,-67.81293,Not LSOG,Not LSOG,,
375823299489998,2014-2018,45.46384,-67.76938,Not LSOG,Not LSOG,,1
375823300489998,2014-2018,45.36257,-67.64327,LS,Transitioning LS,,1
375823301489998,2014-2018,45.31424,-67.70193,Not LSOG,Not LSOG,,
375823302489998,2014-2018,47.00546,-69.41242,Not LSOG,Not LSOG,,3
375823303489998,2014-2018,46.93098,-69.51695,Not LSOG,Not LSOG,,1
375823304489998,2014-2018,47.02888,-69.60595,Not LSOG,Not LSOG,1,1
375823305489998,2014-2018,46.96859,-69.67165,Not LSOG,Not LSOG,1,1
375823306489998,2014-2018,46.8746,-69.74182,Not LSOG,Not LSOG,,1
375823307489998,2014-2018,46.78053,-69.58857,Transitioning LS,Transitioning LS,,1
375823308489998,2014-2018,46.72699,-69.66319,Not LSOG,Not LSOG,1,1
375823309489998,2014-2018,46.82538,-69.79444,Not LSOG,Not LSOG,,1
375823310489998,2014-2018,46.78218,-69.78201,Not LSOG,Not LSOG,,1
375823311489998,2014-2018,46.74375,-69.84495,Not LSOG,Not LSOG,,1
375823312489998,2014-2018,46.69208,-69.89413,Not LSOG,Not LSOG,,1
375823313489998,2014-2018,46.58974,-69.78296,Not LSOG,Not LSOG,1,1
375823314489998,2014-2018,46.51897,-69.84215,Transitioning LS,Not LSOG,,1
375823315489998,2014-2018,46.59444,-69.95658,Not LSOG,Not LSOG,,1
375823316489998,2014-2018,46.37486,-69.97429,Not LSOG,Not LSOG,,1
375823317489998,2014-2018,46.31056,-70.02895,Not LSOG,Not LSOG,,1
375823318489998,2014-2018,47.1068,-69.22369,Not LSOG,Not LSOG,,1
375823319489998,2014-2018,44.10508,-69.67293,Not LSOG,Not LSOG,,
375823320489998,2014-2018,44.00543,-69.57662,Not LSOG,Not LSOG,,
375823321489998,2014-2018,43.9623,-69.68525,Not LSOG,Not LSOG,,
375823322489998,2014-2018,45.35163,-68.07235,LS,Transitioning LS,,1
375823324489998,2014-2018,45.16313,-67.82606,Not LSOG,Not LSOG,,1
375823325489998,2014-2018,45.06556,-67.83003,Transitioning LS,Transitioning LS,,1
375823326489998,2014-2018,45.18309,-68.0126,Transitioning LS,Transitioning LS,,
375823327489998,2014-2018,45.10949,-68.08691,Not LSOG,Not LSOG,,3
375823328489998,2014-2018,45.21949,-68.15842,Not LSOG,Not LSOG,,
375823330489998,2014-2018,44.95342,-68.01004,Not LSOG,Not LSOG,,2
375823331489998,2014-2018,44.88527,-68.06323,Not LSOG,Not LSOG,,1
375823332489998,2014-2018,44.97953,-68.17885,Not LSOG,Not LSOG,,1
375823333489998,2014-2018,44.88843,-68.17065,Not LSOG,Not LSOG,,2
375823334489998,2014-2018,44.88615,-68.33486,Transitioning LS,Transitioning LS,,
375823336489998,2014-2018,44.26219,-68.36063,Not LSOG,Not LSOG,,
375823338489998,2014-2018,44.18557,-68.65713,Not LSOG,Not LSOG,,
375823339489998,2014-2018,47.15186,-69.28231,Not LSOG,Not LSOG,,1
375823340489998,2014-2018,47.25792,-69.4058,Not LSOG,Not LSOG,,3
375823341489998,2014-2018,47.20067,-69.41991,Not LSOG,Not LSOG,,1
375823342489998,2014-2018,47.18405,-69.49099,Transitioning LS,Transitioning LS,,2
375823343489998,2014-2018,47.10146,-69.55954,Transitioning LS,Not LSOG,1,1
375823344489998,2014-2018,47.08706,-69.37077,Not LSOG,Not LSOG,,1
375823345489998,2014-2018,46.89983,-69.37224,Not LSOG,Not LSOG,,1
375823346489998,2014-2018,46.87484,-69.52416,Not LSOG,Not LSOG,,2
375823347489998,2014-2018,46.63708,-69.43103,Transitioning LS,Not LSOG,,1
375823348489998,2014-2018,46.63401,-69.5514,Not LSOG,Not LSOG,,1
375823349489998,2014-2018,47.23346,-68.62101,Not LSOG,Not LSOG,,
375823350489998,2014-2018,47.21658,-68.67714,Transitioning LS,Transitioning LS,,
375823351489998,2014-2018,47.15056,-68.67043,Transitioning LS,Transitioning LS,,
375823352489998,2014-2018,47.08824,-68.77577,Not LSOG,Not LSOG,,2
375823353489998,2014-2018,47.17662,-68.87907,Not LSOG,Not LSOG,,1
375823354489998,2014-2018,47.01234,-68.82531,Not LSOG,Not LSOG,,1
375823355489998,2014-2018,47.09905,-68.94218,Not LSOG,Not LSOG,,4
375823356489998,2014-2018,46.87347,-69.17378,Not LSOG,Not LSOG,,1
375823357489998,2014-2018,46.92364,-68.87102,Transitioning LS,Not LSOG,,1
375823358489998,2014-2018,46.86641,-68.9498,Not LSOG,Not LSOG,,1
375823359489998,2014-2018,46.96744,-69.06041,Not LSOG,Not LSOG,,1
375823360489998,2014-2018,46.80065,-68.98962,Not LSOG,Not LSOG,,3
375823361489998,2014-2018,46.89803,-69.11525,Not LSOG,Not LSOG,,1
375823362489998,2014-2018,46.60062,-69.19304,Not LSOG,Not LSOG,,1
375823363489998,2014-2018,44.38858,-70.81745,Not LSOG,Not LSOG,,
375823364489998,2014-2018,44.23057,-70.89292,Not LSOG,Not LSOG,,
375823365489998,2014-2018,44.08611,-70.85819,Not LSOG,Not LSOG,,
375823367489998,2014-2018,44.63828,-71.01475,Not LSOG,Not LSOG,,1
375823368489998,2014-2018,44.48103,-70.92898,Transitioning LS,Transitioning LS,,3
375823369489998,2014-2018,44.39169,-70.99557,LS,LS,,
375823370489998,2014-2018,44.89943,-70.44213,Not LSOG,Not LSOG,,1
375823371489998,2014-2018,44.73232,-70.38177,Transitioning LS,Transitioning LS,,
375823372489998,2014-2018,44.65366,-70.42779,Not LSOG,Not LSOG,,
375823373489998,2014-2018,44.93796,-70.28901,Transitioning LS,Transitioning LS,,1
375823374489998,2014-2018,44.66086,-70.58341,Transitioning LS,Transitioning LS,,
375823375489998,2014-2018,44.46793,-70.61279,Not LSOG,Not LSOG,,1
375823376489998,2014-2018,44.47677,-70.582,Not LSOG,Not LSOG,,1
375823377489998,2014-2018,44.59489,-70.6362,Not LSOG,Not LSOG,,
375823379489998,2014-2018,44.45491,-70.75084,Not LSOG,Not LSOG,,
375823380489998,2014-2018,44.29575,-70.6983,Not LSOG,Not LSOG,,1
375823381489998,2014-2018,44.22419,-70.74315,LS,LS,,
375823382489998,2014-2018,46.46247,-68.82858,LS,LS,1,1
375823383489998,2014-2018,46.3351,-69.00406,Not LSOG,Not LSOG,2,2
375823384489998,2014-2018,46.49125,-69.06277,Transitioning LS,Not LSOG,,1
375823385489998,2014-2018,46.426177,-69.112341,Not LSOG,Not LSOG,1,1
375823386489998,2014-2018,46.37607,-69.18813,Not LSOG,Not LSOG,2,2
375823387489998,2014-2018,46.19627,-69.1305,Not LSOG,Not LSOG,,1
375823388489998,2014-2018,46.13199,-69.18858,LS,LS,,1
375823390489998,2014-2018,46.14926,-69.3711,Not LSOG,Not LSOG,,1
375823391489998,2014-2018,45.9822,-69.28377,Not LSOG,Not LSOG,,1
375823392489998,2014-2018,45.38515,-70.79489,Transitioning LS,Not LSOG,,1
375823393489998,2014-2018,45.2364,-70.71722,Transitioning LS,Not LSOG,,1
375823395489998,2014-2018,45.22474,-70.86291,Not LSOG,Not LSOG,,
375823396489998,2014-2018,45.1709,-70.96003,Not LSOG,Not LSOG,,1
375823397489998,2014-2018,44.95568,-70.92449,Not LSOG,Not LSOG,,1
375823398489998,2014-2018,45.02067,-70.89772,Not LSOG,Not LSOG,2,2
375823399489998,2014-2018,45.35583,-69.82731,Not LSOG,Not LSOG,,1
375823400489998,2014-2018,45.26829,-69.88812,Transitioning LS,Transitioning LS,,2
375823401489998,2014-2018,45.38873,-70.01822,Transitioning LS,Not LSOG,,1
375823402489998,2014-2018,45.22044,-70.1281,Not LSOG,Not LSOG,,1
375823403489998,2014-2018,45.11926,-70.05874,Not LSOG,Not LSOG,,1
375823404489998,2014-2018,45.07013,-70.05548,Not LSOG,Not LSOG,,1
375823406489998,2014-2018,44.91802,-70.17949,Not LSOG,Not LSOG,,2
375823407489998,2014-2018,44.86262,-70.23585,Not LSOG,Not LSOG,,1
375823408489998,2014-2018,45.00063,-70.25219,Not LSOG,Not LSOG,,1
375823409489998,2014-2018,45.67552,-69.95959,Not LSOG,Not LSOG,,1
375823410489998,2014-2018,45.62857,-70.0859,Not LSOG,Not LSOG,,1
375823411489998,2014-2018,45.70653,-70.14033,Not LSOG,Not LSOG,,1
375823412489998,2014-2018,45.53456,-70.07727,Not LSOG,Not LSOG,,1
375823413489998,2014-2018,45.62525,-70.19295,Not LSOG,Not LSOG,,1
375823414489998,2014-2018,45.52209,-70.14058,Not LSOG,Not LSOG,,1
375823415489998,2014-2018,45.44679,-70.13664,Not LSOG,Not LSOG,,1
375823416489998,2014-2018,45.49652,-70.29904,Not LSOG,Not LSOG,,1
375823417489998,2014-2018,45.32233,-70.24531,Not LSOG,Not LSOG,,4
375823418489998,2014-2018,45.41597,-70.36548,Not LSOG,Not LSOG,,2
375823419489998,2014-2018,45.34949,-70.42918,Not LSOG,Not LSOG,,2
375823420489998,2014-2018,45.25738,-70.30149,Not LSOG,Not LSOG,,1
375823421489998,2014-2018,45.16772,-70.36736,Not LSOG,Not LSOG,,1
375823422489998,2014-2018,45.27747,-70.48239,Transitioning LS,Transitioning LS,,1
375823423489998,2014-2018,45.91902,-69.3661,Transitioning LS,Not LSOG,,1
375823424489998,2014-2018,46.00313,-69.48562,Not LSOG,Not LSOG,,1
375823425489998,2014-2018,45.91909,-69.60143,Not LSOG,Not LSOG,,1
375823426489998,2014-2018,45.75995,-69.4782,Not LSOG,Not LSOG,,2
375823427489998,2014-2018,45.71953,-69.55833,Not LSOG,Not LSOG,,1
375823428489998,2014-2018,45.86349,-69.6054,Not LSOG,Not LSOG,,1
375823430489998,2014-2018,45.562188,-69.652199,Not LSOG,Not LSOG,,2
375823431489998,2014-2018,45.47747,-69.73288,Not LSOG,Not LSOG,,1
375823432489998,2014-2018,45.65119,-69.78176,Not LSOG,Not LSOG,,1
375823433489998,2014-2018,45.61056,-69.90698,Not LSOG,Not LSOG,,1
375823434489998,2014-2018,45.55099,-69.91976,Not LSOG,Not LSOG,,1
375823435489998,2014-2018,47.23492,-68.20173,Not LSOG,Not LSOG,,
375823439489998,2014-2018,46.35291,-70.1412,Not LSOG,Not LSOG,,1
375823440489998,2014-2018,46.16865,-70.15814,Not LSOG,Not LSOG,,1
375823441489998,2014-2018,46.09996,-70.20828,Not LSOG,Not LSOG,,1
375823442489998,2014-2018,45.5486,-70.67893,Not LSOG,Not LSOG,,2
375823443489998,2014-2018,45.247,-70.89851,Not LSOG,Not LSOG,,
375823444489998,2014-2018,45.27083,-71.0704,Not LSOG,Not LSOG,,1
375823445489998,2014-2018,45.10223,-70.89046,Not LSOG,Not LSOG,2,2
375823447489998,2014-2018,44.20205,-70.57012,Not LSOG,Not LSOG,,
375823448489998,2014-2018,44.11625,-70.45419,Not LSOG,Not LSOG,,
375823449489998,2014-2018,44.04399,-70.5022,Not LSOG,Not LSOG,,
375823450489998,2014-2018,44.13594,-70.63154,Not LSOG,Not LSOG,,
375823452489998,2014-2018,44.00587,-70.75016,Not LSOG,Not LSOG,,
375823454489998,2014-2018,43.83063,-70.68399,Not LSOG,Not LSOG,,
375823455489998,2014-2018,43.91799,-70.79347,Transitioning LS,Not LSOG,,
375823456489998,2014-2018,43.85565,-70.84398,Not LSOG,Not LSOG,,
375823457489998,2014-2018,43.94175,-70.97164,LS,LS,,
375823459489998,2014-2018,43.76854,-70.88403,Not LSOG,Not LSOG,,
375823460489998,2014-2018,43.6134,-70.84222,Not LSOG,Not LSOG,,
375823461489998,2014-2018,44.9137,-69.41447,Not LSOG,Not LSOG,,
375823462489998,2014-2018,44.8437,-69.46135,Not LSOG,Not LSOG,,
375823463489998,2014-2018,44.67838,-69.768,Not LSOG,Not LSOG,,
375823465489998,2014-2018,44.74299,-69.59742,Not LSOG,Not LSOG,,
375823466489998,2014-2018,44.81926,-69.77184,Not LSOG,Not LSOG,,
375823467489998,2014-2018,44.81542,-69.20432,Not LSOG,Not LSOG,,
375823469489998,2014-2018,44.56212,-69.89976,Not LSOG,Not LSOG,,
375823470489998,2014-2018,44.40572,-69.83701,Not LSOG,Not LSOG,,
375823472489998,2014-2018,44.60504,-70.06755,Not LSOG,Not LSOG,,
375823473489998,2014-2018,46.53807,-68.04596,Not LSOG,Not LSOG,,1
375823474489998,2014-2018,46.59354,-68.15407,Not LSOG,Not LSOG,,
375823475489998,2014-2018,46.54278,-68.22496,Transitioning LS,Not LSOG,,1
375823476489998,2014-2018,46.47289,-68.2901,Not LSOG,Not LSOG,,1
375823477489998,2014-2018,46.37275,-68.155,Not LSOG,Not LSOG,,1
375823478489998,2014-2018,46.30583,-68.23269,Not LSOG,Not LSOG,,1
375823479489998,2014-2018,46.49779,-68.45194,Not LSOG,Not LSOG,,1
375823480489998,2014-2018,46.33496,-68.3894,Not LSOG,Not LSOG,,1
375823481489998,2014-2018,46.25548,-68.44746,Not LSOG,Not LSOG,,1
375823482489998,2014-2018,46.16732,-68.34451,Not LSOG,Not LSOG,,2
375823483489998,2014-2018,46.1012,-68.41203,Not LSOG,Not LSOG,,
375823484489998,2014-2018,46.29189,-68.52986,Not LSOG,Not LSOG,,1
375823486489998,2014-2018,45.02399,-67.95408,Not LSOG,Not LSOG,,1
375823487489998,2014-2018,44.84582,-67.82643,Not LSOG,Not LSOG,,1
375823488489998,2014-2018,44.77755,-67.94292,Not LSOG,Not LSOG,,1
375823489489998,2014-2018,44.62313,-67.8714,Not LSOG,Not LSOG,,
375823490489998,2014-2018,44.70874,-68.01579,LS,Transitioning LS,,1
375823491489998,2014-2018,44.81561,-68.1299,Not LSOG,Not LSOG,,1
375823492489998,2014-2018,44.67754,-68.01929,Not LSOG,Not LSOG,,1
375823493489998,2014-2018,44.67378,-68.06017,Not LSOG,Not LSOG,,1
375823494489998,2014-2018,44.58913,-68.12885,Transitioning LS,Transitioning LS,,2
375823495489998,2014-2018,44.42277,-67.97793,Not LSOG,Not LSOG,,
375823496489998,2014-2018,44.44929,-68.06583,Not LSOG,Not LSOG,,
375823497489998,2014-2018,44.49382,-68.17986,Not LSOG,Not LSOG,,
375823499489998,2014-2018,44.36498,-68.27719,Not LSOG,Not LSOG,,
375823500489998,2014-2018,44.74723,-67.60508,Not LSOG,Not LSOG,,1
375823501489998,2014-2018,44.81981,-67.63924,Not LSOG,Not LSOG,,
375823502489998,2014-2018,44.76248,-67.76985,Not LSOG,Not LSOG,,
375823503489998,2014-2018,44.61348,-67.73141,Not LSOG,Not LSOG,,
375823505489998,2014-2018,44.54155,-67.9749,Not LSOG,Not LSOG,,
375823507489998,2014-2018,44.54919,-69.68736,Transitioning LS,Transitioning LS,,
375823508489998,2014-2018,46.71263,-69.73093,Not LSOG,Not LSOG,,1
375823509489998,2014-2018,46.47408,-69.68995,Not LSOG,Not LSOG,,1
375823510489998,2014-2018,46.41949,-69.7294,Not LSOG,Not LSOG,,1
375823511489998,2014-2018,46.51946,-69.75325,Not LSOG,Not LSOG,1,1
375823512489998,2014-2018,46.45415,-69.89936,Not LSOG,Not LSOG,,1
375823513489998,2014-2018,46.21954,-69.90528,Transitioning LS,Transitioning LS,,1
375823514489998,2014-2018,46.20442,-70.04342,Not LSOG,Not LSOG,,2
375823515489998,2014-2018,46.05916,-70.15373,Not LSOG,Not LSOG,,1
375823516489998,2014-2018,46.01636,-70.07351,Not LSOG,Not LSOG,,1
375823517489998,2014-2018,45.20287,-70.53073,Not LSOG,Not LSOG,,1
375823518489998,2014-2018,43.70696,-70.95034,Not LSOG,Not LSOG,,
375823519489998,2014-2018,43.47697,-70.94929,Not LSOG,Not LSOG,,
375823520489998,2014-2018,45.31461,-69.48197,Transitioning LS,Transitioning LS,,1
375823521489998,2014-2018,45.40439,-69.59879,Not LSOG,Not LSOG,,1
375823522489998,2014-2018,45.33047,-69.65069,Not LSOG,Not LSOG,,1
375823523489998,2014-2018,45.44465,-69.77073,Transitioning LS,Transitioning LS,,1
375823525489998,2014-2018,45.25802,-69.54191,Not LSOG,Not LSOG,,1
375823526489998,2014-2018,45.10123,-69.67181,Not LSOG,Not LSOG,,1
375823527489998,2014-2018,45.19763,-69.77409,Not LSOG,Not LSOG,,1
375823528489998,2014-2018,45.20071,-69.99047,Transitioning LS,Transitioning LS,,1
375823529489998,2014-2018,45.10391,-69.78323,Not LSOG,Not LSOG,,1
375823530489998,2014-2018,45.05868,-69.89531,Not LSOG,Not LSOG,,1
375823531489998,2014-2018,44.95748,-69.7863,Not LSOG,Not LSOG,,
375823532489998,2014-2018,44.88604,-69.84748,Transitioning LS,Not LSOG,,
375823533489998,2014-2018,44.96857,-69.96382,Not LSOG,Not LSOG,,1
375823534489998,2014-2018,44.90254,-70.00613,Not LSOG,Not LSOG,,
375823535489998,2014-2018,44.76995,-70.12412,Not LSOG,Not LSOG,,
375823536489998,2014-2018,44.68216,-70.00369,Not LSOG,Not LSOG,,
375823537489998,2014-2018,46.04648,-68.64799,Not LSOG,Not LSOG,,1
375823538489998,2014-2018,45.8918,-68.47119,Not LSOG,Not LSOG,,
375823539489998,2014-2018,46.07963,-68.7074,Not LSOG,Not LSOG,,1
375823540489998,2014-2018,45.91934,-68.77496,Not LSOG,Not LSOG,,1
375823541489998,2014-2018,45.84244,-68.83069,Not LSOG,Not LSOG,,1
375823542489998,2014-2018,45.67741,-68.79268,Not LSOG,Not LSOG,,1
375823543489998,2014-2018,45.78417,-68.87182,Not LSOG,Not LSOG,,1
375823544489998,2014-2018,45.86066,-68.99909,Not LSOG,Not LSOG,,1
375823546489998,2014-2018,45.64419,-69.01489,Not LSOG,Not LSOG,,1
375823547489998,2014-2018,45.52978,-68.90698,Not LSOG,Not LSOG,,1
375823548489998,2014-2018,45.4784,-68.94108,Not LSOG,Not LSOG,,2
375823549489998,2014-2018,44.40391,-69.64359,Not LSOG,Not LSOG,,
375823550489998,2014-2018,44.18629,-69.70045,Not LSOG,Not LSOG,,
375823551489998,2014-2018,44.34659,-69.86672,Not LSOG,Not LSOG,,
375823552489998,2014-2018,44.2618,-69.74883,Not LSOG,Not LSOG,,
375823554489998,2014-2018,44.13616,-70.04978,Not LSOG,Not LSOG,,
375823556489998,2014-2018,46.00589,-68.25835,LS,Transitioning LS,,
375823557489998,2014-2018,46.14435,-68.46919,Not LSOG,Not LSOG,,3
375823558489998,2014-2018,45.93098,-68.35057,Not LSOG,Not LSOG,,
375823559489998,2014-2018,45.80993,-68.48859,Not LSOG,Not LSOG,,1
375823560489998,2014-2018,45.82489,-68.6502,Not LSOG,Not LSOG,,1
375823561489998,2014-2018,45.66467,-68.58997,Not LSOG,Not LSOG,,
375823562489998,2014-2018,45.13566,-70.60831,Not LSOG,Not LSOG,,1
375823563489998,2014-2018,45.04228,-70.4842,Not LSOG,Not LSOG,,1
375823564489998,2014-2018,44.99088,-70.5293,Not LSOG,Not LSOG,,1
375823565489998,2014-2018,45.07772,-70.63766,Not LSOG,Not LSOG,,1
375823566489998,2014-2018,44.90248,-70.58757,Transitioning LS,Transitioning LS,,1
375823568489998,2014-2018,44.82749,-70.65311,Not LSOG,Not LSOG,,1
375823569489998,2014-2018,44.77129,-70.72633,Not LSOG,Not LSOG,,1
375823570489998,2014-2018,44.8422,-70.82734,Not LSOG,Not LSOG,,2
375823571489998,2014-2018,44.69465,-70.754,Not LSOG,Not LSOG,,2
375823572489998,2014-2018,44.7829,-70.87983,Not LSOG,Not LSOG,2,2
375823573489998,2014-2018,44.72983,-70.9618,Not LSOG,Not LSOG,1,2
375823574489998,2014-2018,44.639772,-70.798044,Not LSOG,Not LSOG,,
375823575489998,2014-2018,44.62615,-70.79229,Not LSOG,Not LSOG,,
375823576489998,2014-2018,46.78664,-69.0707,Not LSOG,Not LSOG,,1
375823577489998,2014-2018,46.7382,-69.05691,Not LSOG,Not LSOG,,1
375823578489998,2014-2018,46.66552,-69.12901,Transitioning LS,Not LSOG,,1
375823579489998,2014-2018,46.73985,-69.25431,Not LSOG,Not LSOG,,2
375823580489998,2014-2018,46.825,-69.20606,Not LSOG,Not LSOG,,1
375823581489998,2014-2018,46.68568,-69.19619,Not LSOG,Not LSOG,,2
375823582489998,2014-2018,46.61803,-69.38292,Transitioning LS,Not LSOG,,1
375823583489998,2014-2018,46.51894,-69.25612,Not LSOG,Not LSOG,,1
375823584489998,2014-2018,46.43728,-69.31529,LS,Transitioning LS,,1
375823585489998,2014-2018,46.48735,-69.30774,Not LSOG,Not LSOG,,1
375823587489998,2014-2018,46.45796,-69.48763,Not LSOG,Not LSOG,,1
375823588489998,2014-2018,46.39973,-69.55259,Transitioning LS,Transitioning LS,,1
375823589489998,2014-2018,46.35978,-69.43418,Not LSOG,Not LSOG,1,1
375823590489998,2014-2018,46.31719,-69.4512,Transitioning LS,Transitioning LS,,2
375823591489998,2014-2018,46.24404,-69.48514,Not LSOG,Not LSOG,1,1
375823592489998,2014-2018,47.00134,-68.42241,Not LSOG,Not LSOG,,1
375823593489998,2014-2018,47.05489,-68.56999,Not LSOG,Not LSOG,,
375823595489998,2014-2018,44.70298,-70.19287,Not LSOG,Not LSOG,,
375823596489998,2014-2018,44.79778,-70.29284,Not LSOG,Not LSOG,,
375823598489998,2014-2018,44.61679,-70.23551,LS,LS,,
375823599489998,2014-2018,44.53319,-70.1158,Not LSOG,Not LSOG,,
375823600489998,2014-2018,44.46806,-70.16707,Not LSOG,Not LSOG,,
375823601489998,2014-2018,44.55496,-70.29531,Not LSOG,Not LSOG,,
375823603489998,2014-2018,44.59419,-70.46506,Not LSOG,Not LSOG,,
375823604489998,2014-2018,44.43268,-70.39045,LS,LS,,
375823606489998,2014-2018,44.2593,-70.34807,Not LSOG,Not LSOG,,
375823607489998,2014-2018,44.34758,-70.46252,Not LSOG,Not LSOG,,
375823608489998,2014-2018,44.27354,-70.50647,Not LSOG,Not LSOG,,
375823609489998,2014-2018,46.52404,-68.64894,Not LSOG,Not LSOG,1,1
375823610489998,2014-2018,46.42791,-68.52012,Transitioning LS,Transitioning LS,,2
375823611489998,2014-2018,46.3634,-68.58336,Not LSOG,Not LSOG,1,1
375823613489998,2014-2018,46.37317,-68.73843,Not LSOG,Not LSOG,,1
375823614489998,2014-2018,46.39964,-68.8251,Not LSOG,Not LSOG,,1
375823615489998,2014-2018,46.35337,-68.71664,Not LSOG,Not LSOG,,1
375823616489998,2014-2018,46.22057,-68.82897,Not LSOG,Not LSOG,,1
375823617489998,2014-2018,46.2172,-68.70346,Not LSOG,Not LSOG,,1
375823618489998,2014-2018,46.24183,-68.91558,Not LSOG,Not LSOG,,1
375823620489998,2014-2018,46.0366,-69.0669,Not LSOG,Not LSOG,,1
375823621489998,2014-2018,45.96094,-69.11843,Not LSOG,Not LSOG,,1
375823622489998,2014-2018,46.0636,-69.13332,Not LSOG,Not LSOG,,1
375823625489998,2014-2018,46.88527,-67.89302,Not LSOG,Not LSOG,,
375823626489998,2014-2018,46.72752,-67.85288,Not LSOG,Not LSOG,,
375823629489998,2014-2018,46.74704,-68.03724,Transitioning LS,Transitioning LS,,
375823630489998,2014-2018,46.6667,-68.07925,Not LSOG,Not LSOG,,
375823631489998,2014-2018,46.59922,-67.97949,Not LSOG,Not LSOG,,
375823632489998,2014-2018,45.42108,-68.00254,Not LSOG,Not LSOG,,1
375823633489998,2014-2018,45.29917,-68.18602,Transitioning LS,Transitioning LS,,
375823634489998,2014-2018,45.37527,-68.24373,Not LSOG,Not LSOG,,
375823635489998,2014-2018,45.28582,-68.30992,Not LSOG,Not LSOG,,2
375823636489998,2014-2018,45.14309,-68.25354,Not LSOG,Not LSOG,,1
375823637489998,2014-2018,45.0809,-68.30137,Not LSOG,Not LSOG,,1
375823638489998,2014-2018,45.1686,-68.43557,Not LSOG,Not LSOG,,1
375823639489998,2014-2018,45.09678,-68.35926,Not LSOG,Not LSOG,,1
375823640489998,2014-2018,45.14678,-68.47619,Not LSOG,Not LSOG,,1
375823641489998,2014-2018,44.94271,-68.41474,Not LSOG,Not LSOG,,1
375823642489998,2014-2018,44.766,-68.47225,Transitioning LS,Not LSOG,,
375823644489998,2014-2018,46.82367,-68.57526,Not LSOG,Not LSOG,,1
375823645489998,2014-2018,46.84341,-68.64378,Not LSOG,Not LSOG,,1
375823646489998,2014-2018,46.84306,-68.75993,Transitioning LS,Transitioning LS,,1
375823647489998,2014-2018,46.68018,-68.82072,Not LSOG,Not LSOG,,1
375823648489998,2014-2018,46.59323,-68.73746,Not LSOG,Not LSOG,1,1
375823649489998,2014-2018,46.54356,-68.82993,Not LSOG,Not LSOG,,1
375823650489998,2014-2018,46.62201,-68.9557,Transitioning LS,Not LSOG,,1
375823651489998,2014-2018,45.91709,-69.25078,Not LSOG,Not LSOG,,1
375823652489998,2014-2018,45.80302,-69.06144,Not LSOG,Not LSOG,,1
375823653489998,2014-2018,45.72676,-69.12005,Not LSOG,Not LSOG,,1
375823654489998,2014-2018,45.82487,-69.24891,Not LSOG,Not LSOG,,1
375823655489998,2014-2018,45.73422,-69.29456,Not LSOG,Not LSOG,,1
375823656489998,2014-2018,45.6776,-69.36356,Not LSOG,Not LSOG,,1
375823657489998,2014-2018,45.58584,-69.27901,Not LSOG,Not LSOG,,1
375823658489998,2014-2018,45.45222,-69.24951,Not LSOG,Not LSOG,,1
375823659489998,2014-2018,45.59851,-69.43363,Not LSOG,Not LSOG,,1
375823660489998,2014-2018,45.53722,-69.48724,Transitioning LS,Not LSOG,,1
375823661489998,2014-2018,45.6455,-69.5902,Not LSOG,Not LSOG,,1
375823662489998,2014-2018,45.517997,-69.423396,Not LSOG,Not LSOG,,1
375823663489998,2014-2018,45.47739,-69.54837,Not LSOG,Not LSOG,,1
375823664489998,2014-2018,45.37595,-69.41599,Not LSOG,Not LSOG,,2
375823666489998,2014-2018,47.18255,-67.95617,Not LSOG,Not LSOG,,
375823667489998,2014-2018,47.05234,-67.97121,Not LSOG,Not LSOG,,1
375823668489998,2014-2018,46.97932,-68.02883,Not LSOG,Not LSOG,,1
375823669489998,2014-2018,47.10798,-68.1936,Not LSOG,Not LSOG,,1
375823670489998,2014-2018,47.06028,-68.20839,Not LSOG,Not LSOG,,1
375823671489998,2014-2018,43.92456,-70.21211,Not LSOG,Not LSOG,,
375823672489998,2014-2018,43.83397,-70.10713,Transitioning LS,Transitioning LS,,
375823675489998,2014-2018,43.71857,-70.35052,Not LSOG,Not LSOG,,
375823677489998,2014-2018,43.49869,-70.54525,Transitioning LS,Not LSOG,,
375823678489998,2014-2018,43.45533,-70.41127,Not LSOG,Not LSOG,,
375823679489998,2014-2018,45.13766,-68.63663,Not LSOG,Not LSOG,,
375823680489998,2014-2018,45.24382,-68.70902,Not LSOG,Not LSOG,,
375823681489998,2014-2018,45.12165,-68.7974,Not LSOG,Not LSOG,,
375823682489998,2014-2018,45.60115,-68.63017,Transitioning LS,Not LSOG,,2
375823683489998,2014-2018,47.42745,-69.05597,Transitioning LS,Not LSOG,,1
375823684489998,2014-2018,47.34995,-69.1371,Not LSOG,Not LSOG,,1
375823685489998,2014-2018,47.37733,-69.297,Not LSOG,Not LSOG,,1
375823686489998,2014-2018,47.31942,-69.36667,Not LSOG,Not LSOG,,1
375823687489998,2014-2018,47.26766,-69.23898,Not LSOG,Not LSOG,,2
375823688489998,2014-2018,46.0298,-70.25731,Not LSOG,Not LSOG,,1
375823689489998,2014-2018,47.1103,-68.33508,Not LSOG,Not LSOG,,2
375823690489998,2014-2018,46.93605,-68.27647,Not LSOG,Not LSOG,,
375823692489998,2014-2018,46.76767,-68.2054,Not LSOG,Not LSOG,,
375823693489998,2014-2018,46.84535,-68.31495,Not LSOG,Not LSOG,1,1
375823694489998,2014-2018,46.79271,-68.39428,Not LSOG,Not LSOG,1,1
375823695489998,2014-2018,46.89124,-68.49569,Transitioning LS,Not LSOG,,1
375823696489998,2014-2018,46.77242,-68.33395,Transitioning LS,Not LSOG,1,1
375823697489998,2014-2018,46.7272,-68.44038,Not LSOG,Not LSOG,1,1
375823698489998,2014-2018,46.63576,-68.34013,Not LSOG,Not LSOG,,
375823699489998,2014-2018,46.57236,-68.39185,Not LSOG,Not LSOG,,
375823700489998,2014-2018,46.6605,-68.52058,Not LSOG,Not LSOG,1,1
375823701489998,2014-2018,46.59455,-68.58606,Not LSOG,Not LSOG,,1
375823702489998,2014-2018,46.59194,-68.69419,Not LSOG,Not LSOG,2,2
375823703489998,2014-2018,45.13788,-68.82043,Transitioning LS,Not LSOG,,
375823704489998,2014-2018,45.07608,-68.69478,Not LSOG,Not LSOG,,
375823705489998,2014-2018,44.9412,-68.89924,Transitioning LS,Not LSOG,,
375823706489998,2014-2018,45.07087,-68.88458,Not LSOG,Not LSOG,,
375823707489998,2014-2018,45.91735,-68.83478,Not LSOG,Not LSOG,,1
375823708489998,2014-2018,45.01335,-68.9457,LS,LS,,
375823709489998,2014-2018,44.94243,-68.98358,Not LSOG,Not LSOG,,
375823710489998,2014-2018,44.84003,-68.88485,Not LSOG,Not LSOG,,
375823711489998,2014-2018,44.87251,-69.06347,Not LSOG,Not LSOG,,
375823712489998,2014-2018,44.80258,-69.10244,Not LSOG,Not LSOG,,
375823713489998,2014-2018,44.74032,-69.19381,Transitioning LS,Not LSOG,,
375823714489998,2014-2018,44.63751,-69.07407,LS,Transitioning LS,,
375823716489998,2014-2018,45.50713,-68.71957,Not LSOG,Not LSOG,,
375823717489998,2014-2018,45.37732,-68.83904,Not LSOG,Not LSOG,,2
375823718489998,2014-2018,45.40763,-69.00947,Not LSOG,Not LSOG,,1
375823719489998,2014-2018,45.23237,-68.94394,Transitioning LS,Not LSOG,,
375823720489998,2014-2018,45.18604,-69.20143,Transitioning LS,Not LSOG,,
375823721489998,2014-2018,45.03232,-69.10536,Transitioning LS,Not LSOG,,
375823722489998,2014-2018,45.03706,-68.53112,Transitioning LS,Transitioning LS,,
375823723489998,2014-2018,44.95854,-68.59116,Transitioning LS,Not LSOG,,
375823724489998,2014-2018,45.86111,-70.19748,Not LSOG,Not LSOG,,1
375823725489998,2014-2018,45.79445,-70.26994,Not LSOG,Not LSOG,,1
375823726489998,2014-2018,45.65353,-70.37219,Transitioning LS,Transitioning LS,,1
375823728489998,2014-2018,45.60552,-70.61666,Not LSOG,Not LSOG,,1
375823729489998,2014-2018,45.44331,-70.55199,Not LSOG,Not LSOG,,1
375823730489998,2014-2018,45.36848,-70.61429,Not LSOG,Not LSOG,,
375823731489998,2014-2018,47.29572,-69.16621,Not LSOG,Not LSOG,,1
375823732489998,2014-2018,47.11884,-69.11439,Not LSOG,Not LSOG,,1
375823733489998,2014-2018,46.32801,-69.61896,Transitioning LS,Transitioning LS,,2
375823734489998,2014-2018,46.18279,-69.54024,Not LSOG,Not LSOG,,2
375823735489998,2014-2018,43.2187,-70.76324,Not LSOG,Not LSOG,,
375823736489998,2014-2018,45.36971,-67.44848,Not LSOG,Not LSOG,,1
375823737489998,2014-2018,45.4356,-67.58911,Not LSOG,Not LSOG,,1
375823738489998,2014-2018,45.32893,-67.52018,Not LSOG,Not LSOG,,1
375823739489998,2014-2018,45.20875,-67.59627,Transitioning LS,Not LSOG,,
375823740489998,2014-2018,45.11389,-67.46582,Not LSOG,Not LSOG,,
375823741489998,2014-2018,45.05163,-67.53371,Transitioning LS,Not LSOG,,
375823742489998,2014-2018,45.14426,-67.64548,Not LSOG,Not LSOG,,1
375823743489998,2014-2018,45.22755,-67.7667,Not LSOG,Not LSOG,,3
375823744489998,2014-2018,45.0835,-67.66224,Not LSOG,Not LSOG,,1
375823745489998,2014-2018,45.07591,-67.71462,Not LSOG,Not LSOG,,1
375823746489998,2014-2018,45.02067,-67.76433,Not LSOG,Not LSOG,,2
375823747489998,2014-2018,44.88004,-67.71755,Not LSOG,Not LSOG,,1
375823748489998,2014-2018,44.84651,-67.73727,Not LSOG,Not LSOG,,3
375823749489998,2014-2018,44.89167,-68.65645,OG,OG,,
375823750489998,2014-2018,44.72067,-68.60921,Not LSOG,Not LSOG,,
375823751489998,2014-2018,44.66388,-68.64582,Not LSOG,Not LSOG,,
375823752489998,2014-2018,44.7524,-68.77365,LS,Transitioning LS,,
375823753489998,2014-2018,44.57134,-68.65054,Not LSOG,Not LSOG,,
375823754489998,2014-2018,44.68744,-68.83631,Transitioning LS,Not LSOG,,
375823755489998,2014-2018,44.51899,-68.77511,Not LSOG,Not LSOG,,
375823756489998,2014-2018,44.28651,-68.90406,Not LSOG,Not LSOG,,
375823757489998,2014-2018,44.48408,-69.00471,Transitioning LS,Not LSOG,,
375823758489998,2014-2018,44.6605,-67.31094,Not LSOG,Not LSOG,,
375823759489998,2014-2018,45.0586,-67.12902,Not LSOG,Not LSOG,,
375823761489998,2014-2018,44.99659,-67.18532,Not LSOG,Not LSOG,,
375823762489998,2014-2018,44.9254,-67.23151,Transitioning LS,Not LSOG,,
375823763489998,2014-2018,44.84055,-67.09418,Transitioning LS,Transitioning LS,,
375823764489998,2014-2018,44.74281,-67.13273,Not LSOG,Not LSOG,,1
375823765489998,2014-2018,44.7021,-67.25997,Not LSOG,Not LSOG,,
375823767489998,2014-2018,44.65136,-67.48621,Not LSOG,Not LSOG,,
375823768489998,2014-2018,44.72261,-67.42466,Not LSOG,Not LSOG,,
375823770489998,2014-2018,44.50852,-67.59619,Not LSOG,Not LSOG,,
375823771489998,2014-2018,45.15562,-67.21038,Not LSOG,Not LSOG,,
375823773489998,2014-2018,45.02629,-67.35078,Transitioning LS,Transitioning LS,,
375823775489998,2014-2018,45.00352,-67.64879,Not LSOG,Not LSOG,,2
375823776489998,2014-2018,44.78267,-67.51229,Not LSOG,Not LSOG,,
375823777489998,2014-2018,44.59357,-68.71435,Transitioning LS,Not LSOG,,
375823779489998,2014-2018,44.23287,-69.58027,Not LSOG,Not LSOG,,
375823780489998,2014-2018,44.0769,-69.51546,Transitioning LS,Transitioning LS,,
375823781489998,2014-2018,45.46364,-68.75926,Not LSOG,Not LSOG,,1
375823782489998,2014-2018,44.11129,-69.88499,Not LSOG,Not LSOG,,
375823783489998,2014-2018,45.98972,-68.71057,LS,Transitioning LS,,3
375823784489998,2014-2018,46.07921,-68.82507,Not LSOG,Not LSOG,,1
375823785489998,2014-2018,45.76873,-68.70291,Not LSOG,Not LSOG,,1
375823786489998,2014-2018,45.01652,-69.71897,Transitioning LS,Transitioning LS,,
375823787489998,2014-2018,44.93465,-69.84028,Not LSOG,Not LSOG,,
375823788489998,2014-2018,44.79376,-69.60505,Transitioning LS,Not LSOG,,
375823790489998,2014-2018,43.14807,-70.82447,Not LSOG,Not LSOG,,
375823791489998,2014-2018,46.25348,-69.0463,Not LSOG,Not LSOG,,1
375823792489998,2014-2018,46.09989,-69.01347,Not LSOG,Not LSOG,,1
375823793489998,2014-2018,44.73972,-69.93552,Not LSOG,Not LSOG,,
375823794489998,2014-2018,45.309,-70.06774,Not LSOG,Not LSOG,,1
375823795489998,2014-2018,46.28529,-69.8396,Transitioning LS,Not LSOG,,1
375823796489998,2014-2018,44.279377,-70.954408,Not LSOG,Not LSOG,,
375823797489998,2014-2018,44.345065,-70.889743,Transitioning LS,Transitioning LS,,1
375823798489998,2014-2018,44.279899,-70.886378,Not LSOG,Not LSOG,,
375823799489998,2014-2018,44.35573,-70.987429,OG,OG,,2
451063109489998,2014-2018,44.961652,-69.58078,Not LSOG,Not LSOG,,
451063110489998,2014-2018,43.746935,-70.517025,Transitioning LS,Transitioning LS,,
451063111489998,2014-2018,46.150366,-68.699813,Not LSOG,Not LSOG,,1
451063112489998,2014-2018,46.28678,-69.047546,Transitioning LS,Transitioning LS,,1
451063113489998,2014-2018,45.125721,-69.641795,Not LSOG,Not LSOG,,1
451063114489998,2014-2018,43.871672,-70.800339,Not LSOG,Not LSOG,,
451063115489998,2014-2018,43.972039,-70.913982,Not LSOG,Not LSOG,,
451063117489998,2014-2018,43.901517,-70.199113,Not LSOG,Not LSOG,,
451063119489998,2014-2018,43.668389,-70.414666,Not LSOG,Not LSOG,,
451063120489998,2014-2018,45.369091,-70.192884,Not LSOG,Not LSOG,,1
451063121489998,2014-2018,46.32848,-69.790825,Not LSOG,Not LSOG,,1
451063122489998,2014-2018,46.266206,-69.969494,Not LSOG,Not LSOG,,1
451063123489998,2014-2018,44.523965,-70.449466,Not LSOG,Not LSOG,,
451063124489998,2014-2018,44.716442,-68.179824,Not LSOG,Not LSOG,,
451063126489998,2014-2018,46.185319,-70.274726,Not LSOG,Not LSOG,,1
451063127489998,2014-2018,45.290027,-70.241621,Not LSOG,Not LSOG,,1
451063128489998,2014-2018,44.724705,-70.885424,Transitioning LS,Transitioning LS,4,4
451063129489998,2014-2018,44.446303,-70.939264,Not LSOG,Not LSOG,,1
451063130489998,2014-2018,47.119453,-69.327068,Not LSOG,Not LSOG,,1
451063131489998,2014-2018,46.624937,-69.744855,Not LSOG,Not LSOG,,1
451063132489998,2014-2018,46.386849,-69.740364,Transitioning LS,Transitioning LS,,1
451063133489998,2014-2018,44.256543,-70.666479,Not LSOG,Not LSOG,,
451063134489998,2014-2018,44.274103,-70.861063,Not LSOG,Not LSOG,,
451063136489998,2014-2018,45.574991,-70.041687,Not LSOG,Not LSOG,,1
451063137489998,2014-2018,46.349515,-68.152749,Not LSOG,Not LSOG,,1
451063138489998,2014-2018,46.119936,-68.170452,Not LSOG,Not LSOG,,
451063139489998,2014-2018,45.772995,-68.65755,Not LSOG,Not LSOG,,2
451063140489998,2014-2018,45.445851,-68.850622,Not LSOG,Not LSOG,,3
451063141489998,2014-2018,45.247703,-68.892801,LS,Transitioning LS,,
451063142489998,2014-2018,44.924287,-69.355719,Not LSOG,Not LSOG,,
451063143489998,2014-2018,44.713605,-69.356877,Not LSOG,Not LSOG,,
451063144489998,2014-2018,44.413514,-69.618133,Not LSOG,Not LSOG,,
451063145489998,2014-2018,45.212402,-68.360654,Not LSOG,Not LSOG,,
451063146489998,2014-2018,44.911467,-68.397129,Transitioning LS,Transitioning LS,,2
451063147489998,2014-2018,44.912565,-68.609817,Not LSOG,Not LSOG,,
451063148489998,2014-2018,44.59696,-68.921852,LS,LS,,
451063149489998,2014-2018,43.998779,-69.364026,Transitioning LS,Not LSOG,,
451063150489998,2014-2018,45.578294,-68.239184,Not LSOG,Not LSOG,,1
451063151489998,2014-2018,45.581258,-68.406995,Not LSOG,Not LSOG,,1
451063152489998,2014-2018,44.646355,-68.997013,Not LSOG,Not LSOG,,
451063153489998,2014-2018,44.383274,-69.410373,Not LSOG,Not LSOG,,
451063154489998,2014-2018,44.097957,-69.475941,Not LSOG,Not LSOG,,
451063155489998,2014-2018,45.100024,-70.790268,Not LSOG,Not LSOG,,1
451063156489998,2014-2018,45.579022,-70.184288,Not LSOG,Not LSOG,,1
451063157489998,2014-2018,44.69899,-69.96535,Transitioning LS,Transitioning LS,,
451063159489998,2014-2018,46.257687,-69.257576,Not LSOG,Not LSOG,,2
451063160489998,2014-2018,45.944872,-69.295281,Not LSOG,Not LSOG,,1
451063161489998,2014-2018,45.96789,-69.462157,Not LSOG,Not LSOG,,1
451063163489998,2014-2018,44.853318,-70.425097,LS,LS,,
451063164489998,2014-2018,47.031811,-68.149508,Not LSOG,Not LSOG,,
451063165489998,2014-2018,46.712237,-68.231798,Not LSOG,Not LSOG,,
451063166489998,2014-2018,44.779298,-67.529337,Not LSOG,Not LSOG,,
451063168489998,2014-2018,45.013686,-67.82374,Not LSOG,Not LSOG,,1
451063169489998,2014-2018,45.253568,-67.677204,Not LSOG,Not LSOG,,
451063170489998,2014-2018,44.622244,-68.650962,Not LSOG,Not LSOG,,
451063172489998,2014-2018,45.54338,-68.067688,Not LSOG,Not LSOG,,1
451063173489998,2014-2018,44.917231,-67.013898,Not LSOG,Not LSOG,,
451063174489998,2014-2018,44.950574,-67.18053,Not LSOG,Not LSOG,,
451063176489998,2014-2018,46.298011,-69.615898,Not LSOG,Not LSOG,,1
451063177489998,2014-2018,46.242578,-69.66907,Not LSOG,Not LSOG,,1
451063178489998,2014-2018,46.159647,-69.736347,Not LSOG,Not LSOG,,1
451063179489998,2014-2018,45.978899,-69.668735,Not LSOG,Not LSOG,,1
451063180489998,2014-2018,45.925337,-69.696898,Not LSOG,Not LSOG,,1
451063181489998,2014-2018,45.992309,-69.867861,Not LSOG,Not LSOG,,2
451063182489998,2014-2018,45.948636,-69.917578,LS,LS,,2
451063183489998,2014-2018,45.782505,-69.850327,Not LSOG,Not LSOG,,1
451063185489998,2014-2018,44.885577,-69.977433,LS,LS,,
451063186489998,2014-2018,45.79723,-70.057279,Not LSOG,Not LSOG,,2
451063187489998,2014-2018,44.550283,-70.028032,Transitioning LS,Transitioning LS,,
451063188489998,2014-2018,44.40029,-70.00168,Not LSOG,Not LSOG,,
451063189489998,2014-2018,44.341015,-70.05588,Transitioning LS,Transitioning LS,,
451063190489998,2014-2018,44.353557,-70.206882,Not LSOG,Not LSOG,,
451063191489998,2014-2018,44.203107,-70.152697,Not LSOG,Not LSOG,,
451063192489998,2014-2018,44.119322,-70.243706,Transitioning LS,Transitioning LS,,
451063194489998,2014-2018,43.957011,-70.327746,Transitioning LS,Transitioning LS,,
451063195489998,2014-2018,43.312332,-70.668266,Not LSOG,Not LSOG,,
451063196489998,2014-2018,43.233362,-70.730676,Not LSOG,Not LSOG,,
451063197489998,2014-2018,43.180147,-70.753273,Not LSOG,Not LSOG,,
451063198489998,2014-2018,44.910793,-69.215452,Not LSOG,Not LSOG,,
451063200489998,2014-2018,44.750368,-69.294367,Not LSOG,Not LSOG,,
451063202489998,2014-2018,44.799169,-69.410663,Transitioning LS,Transitioning LS,,
451063203489998,2014-2018,44.794284,-69.467097,Not LSOG,Not LSOG,,
451063205489998,2014-2018,44.639167,-69.396303,Not LSOG,Not LSOG,,
451063208489998,2014-2018,44.490828,-69.533453,Not LSOG,Not LSOG,,
451063210489998,2014-2018,46.681492,-67.84565,Not LSOG,Not LSOG,,
451063211489998,2014-2018,46.60755,-67.927952,Not LSOG,Not LSOG,,
451063212489998,2014-2018,43.890904,-70.373631,Transitioning LS,Transitioning LS,,
451063213489998,2014-2018,43.984386,-70.46105,Transitioning LS,Not LSOG,,
451063215489998,2014-2018,43.695738,-70.573721,Not LSOG,Not LSOG,,
451063216489998,2014-2018,43.711399,-70.68592,Not LSOG,Not LSOG,,
451063217489998,2014-2018,43.565953,-70.678087,Not LSOG,Not LSOG,,
451063218489998,2014-2018,43.456906,-70.737966,Transitioning LS,Transitioning LS,,
451063219489998,2014-2018,43.483819,-70.912765,Not LSOG,Not LSOG,,
451063220489998,2014-2018,43.361667,-70.825706,Not LSOG,Not LSOG,,
451063221489998,2014-2018,45.606472,-69.005937,Not LSOG,Not LSOG,,1
451063222489998,2014-2018,45.606466,-69.188337,Transitioning LS,Not LSOG,,1
451063223489998,2014-2018,45.437047,-69.123596,Not LSOG,Not LSOG,,1
451063224489998,2014-2018,45.374673,-69.166315,Not LSOG,Not LSOG,,1
451063225489998,2014-2018,45.411374,-69.334416,Transitioning LS,Transitioning LS,,3
451063226489998,2014-2018,45.240068,-69.307789,Transitioning LS,Transitioning LS,,
451063227489998,2014-2018,45.171078,-69.374235,Not LSOG,Not LSOG,,
451063228489998,2014-2018,45.228975,-69.453647,Transitioning LS,Not LSOG,,
451063229489998,2014-2018,45.202272,-69.537813,Not LSOG,Not LSOG,,
451063230489998,2014-2018,45.022466,-69.478943,Not LSOG,Not LSOG,,
451063232489998,2014-2018,46.148262,-67.906408,Not LSOG,Not LSOG,,
451063233489998,2014-2018,45.998024,-67.852416,Not LSOG,Not LSOG,,1
451063234489998,2014-2018,45.907947,-67.908629,Not LSOG,Not LSOG,,
451063235489998,2014-2018,46.059811,-68.024077,Not LSOG,Not LSOG,,
451063236489998,2014-2018,46.001748,-68.020405,Not LSOG,Not LSOG,,
451063237489998,2014-2018,45.928558,-68.095157,Not LSOG,Not LSOG,,1
451063238489998,2014-2018,45.758903,-68.053375,Not LSOG,Not LSOG,,1
451063239489998,2014-2018,45.719575,-68.086647,Transitioning LS,Not LSOG,,1
451063240489998,2014-2018,45.787906,-68.217878,Not LSOG,Not LSOG,,1
451063242489998,2014-2018,44.342498,-69.047225,Not LSOG,Not LSOG,,
451063244489998,2014-2018,44.392287,-69.212834,Transitioning LS,Transitioning LS,,
451063246489998,2014-2018,44.044735,-69.103672,Transitioning LS,Not LSOG,,
451063247489998,2014-2018,44.139368,-69.227753,Not LSOG,Not LSOG,,
451063248489998,2014-2018,44.07896,-69.32387,Not LSOG,Not LSOG,,
451063250489998,2014-2018,44.960728,-67.787505,Not LSOG,Not LSOG,,2
451063251489998,2014-2018,46.523998,-67.821806,Not LSOG,Not LSOG,,
451063253489998,2014-2018,46.533648,-67.953236,Not LSOG,Not LSOG,,
451063254489998,2014-2018,46.351509,-67.903699,Not LSOG,Not LSOG,,
451063255489998,2014-2018,46.454343,-68.070926,Not LSOG,Not LSOG,,1
451063256489998,2014-2018,46.408086,-68.069681,Not LSOG,Not LSOG,,1
451063257489998,2014-2018,46.32265,-67.991187,Not LSOG,Not LSOG,,1
451063258489998,2014-2018,46.236954,-68.073052,Not LSOG,Not LSOG,,2
451063259489998,2014-2018,46.16342,-68.122448,Not LSOG,Not LSOG,,
451063260489998,2014-2018,46.259626,-68.253645,Not LSOG,Not LSOG,,1
451063261489998,2014-2018,46.208812,-68.291764,Not LSOG,Not LSOG,,1
451063262489998,2014-2018,46.022761,-68.233529,Not LSOG,Not LSOG,,
451063263489998,2014-2018,46.030549,-67.791806,Not LSOG,Not LSOG,,
451063264489998,2014-2018,45.849158,-67.800494,Not LSOG,Not LSOG,,
451063265489998,2014-2018,45.808825,-67.844504,Not LSOG,Not LSOG,,
451063266489998,2014-2018,45.732817,-67.851197,Not LSOG,Not LSOG,,
451063267489998,2014-2018,45.861684,-67.977132,LS,Transitioning LS,,
451063268489998,2014-2018,45.676423,-67.919403,Not LSOG,Not LSOG,,1
451063269489998,2014-2018,45.586184,-67.825617,Not LSOG,Not LSOG,,1
451063270489998,2014-2018,45.53197,-67.868571,Not LSOG,Not LSOG,,1
451063271489998,2014-2018,45.607165,-67.968007,Not LSOG,Not LSOG,,1
451063272489998,2014-2018,45.628064,-68.183008,Not LSOG,Not LSOG,,1
451063273489998,2014-2018,45.471548,-68.119372,Not LSOG,Not LSOG,,1
451063275489998,2014-2018,44.752299,-68.352075,Not LSOG,Not LSOG,,
451063276489998,2014-2018,44.817658,-68.348476,Not LSOG,Not LSOG,,
451063277489998,2014-2018,44.830909,-68.480589,Not LSOG,Not LSOG,,
451063279489998,2014-2018,44.57346,-68.509051,Not LSOG,Not LSOG,,
451063280489998,2014-2018,44.473826,-68.361713,Not LSOG,Not LSOG,,
451063285489998,2014-2018,44.660381,-69.172614,Not LSOG,Not LSOG,,
451063286489998,2014-2018,44.527166,-69.098201,Not LSOG,Not LSOG,,
451063287489998,2014-2018,44.436875,-69.186069,Not LSOG,Not LSOG,,
451063288489998,2014-2018,44.563669,-69.303,Not LSOG,Not LSOG,,
451063289489998,2014-2018,44.297327,-69.315238,Not LSOG,Not LSOG,,
451063290489998,2014-2018,44.355946,-69.47343,Not LSOG,Not LSOG,,
451063291489998,2014-2018,44.261885,-69.509313,Not LSOG,Not LSOG,,
451063292489998,2014-2018,44.030953,-69.564988,Transitioning LS,Transitioning LS,,
451063293489998,2014-2018,44.185864,-69.621967,Not LSOG,Not LSOG,,
451063295489998,2014-2018,44.033663,-69.695437,Not LSOG,Not LSOG,,
451063296489998,2014-2018,43.869165,-69.63104,Not LSOG,Not LSOG,,
451063299489998,2014-2018,43.821999,-69.882652,Not LSOG,Not LSOG,,
451063300489998,2014-2018,45.735583,-68.275371,Not LSOG,Not LSOG,,1
451063301489998,2014-2018,45.491521,-68.286297,Not LSOG,Not LSOG,,
451063302489998,2014-2018,45.656812,-68.336195,Not LSOG,Not LSOG,,1
451063303489998,2014-2018,45.516024,-68.448289,Not LSOG,Not LSOG,,
451063304489998,2014-2018,45.350222,-68.394669,Transitioning LS,Not LSOG,,
451063305489998,2014-2018,45.269682,-68.476178,Not LSOG,Not LSOG,,
451063307489998,2014-2018,45.389311,-68.597868,Not LSOG,Not LSOG,,1
451063308489998,2014-2018,45.29982,-68.688347,Transitioning LS,Transitioning LS,,
451063309489998,2014-2018,45.359578,-67.836607,Not LSOG,Not LSOG,,1
451063310489998,2014-2018,45.460573,-67.836387,Not LSOG,Not LSOG,,1
451063311489998,2014-2018,44.158707,-68.845242,Not LSOG,Not LSOG,,
451063312489998,2014-2018,44.11146,-68.881064,Not LSOG,Not LSOG,,
451063313489998,2014-2018,45.552708,-67.444553,Not LSOG,Not LSOG,,
451063314489998,2014-2018,45.470412,-67.527169,Transitioning LS,Not LSOG,,1
451063315489998,2014-2018,45.558868,-67.667123,Transitioning LS,Not LSOG,,1
451063316489998,2014-2018,45.64201,-67.748158,Not LSOG,Not LSOG,,
451063317489998,2014-2018,45.483659,-67.674427,Not LSOG,Not LSOG,,1
451063318489998,2014-2018,45.307098,-67.659641,Not LSOG,Not LSOG,,
451063319489998,2014-2018,47.039034,-69.53986,Not LSOG,Not LSOG,1,1
451063320489998,2014-2018,46.926195,-69.686344,Not LSOG,Not LSOG,,
451063321489998,2014-2018,46.865401,-69.707768,Not LSOG,Not LSOG,,1
451063322489998,2014-2018,46.690908,-69.84625,Not LSOG,Not LSOG,,1
451063323489998,2014-2018,46.650525,-69.901845,Not LSOG,Not LSOG,,1
451063324489998,2014-2018,46.72125,-69.949609,Not LSOG,Not LSOG,,1
451063325489998,2014-2018,46.486816,-70.040117,Not LSOG,Not LSOG,,1
451063326489998,2014-2018,47.163661,-69.251461,Not LSOG,Not LSOG,,2
451063327489998,2014-2018,46.993652,-69.168941,Not LSOG,Not LSOG,,2
451063328489998,2014-2018,45.442595,-67.935987,Not LSOG,Not LSOG,,1
451063329489998,2014-2018,45.283994,-67.926044,Not LSOG,Not LSOG,,2
451063330489998,2014-2018,45.219021,-67.909391,Not LSOG,Not LSOG,,2
451063331489998,2014-2018,45.107997,-67.812091,Not LSOG,Not LSOG,,2
451063332489998,2014-2018,45.065533,-67.874833,LS,Transitioning LS,,1
451063333489998,2014-2018,45.134617,-67.973352,Not LSOG,Not LSOG,,1
451063334489998,2014-2018,45.255801,-68.099109,Transitioning LS,Transitioning LS,,
451063335489998,2014-2018,45.07764,-68.105662,Not LSOG,Not LSOG,,1
451063336489998,2014-2018,45.008529,-68.118669,Not LSOG,Not LSOG,,1
451063338489998,2014-2018,44.840183,-68.077146,Not LSOG,Not LSOG,,2
451063339489998,2014-2018,44.939859,-68.214756,Not LSOG,Not LSOG,,1
451063340489998,2014-2018,45.005385,-68.305656,Transitioning LS,Transitioning LS,,1
451063341489998,2014-2018,44.869196,-68.26348,Not LSOG,Not LSOG,,
451063342489998,2014-2018,44.784538,-68.300906,Not LSOG,Not LSOG,,1
451063344489998,2014-2018,47.247393,-69.366237,Not LSOG,Not LSOG,,1
451063345489998,2014-2018,47.112844,-69.488183,Not LSOG,Not LSOG,,1
451063346489998,2014-2018,47.018781,-69.397437,Not LSOG,Not LSOG,,1
451063347489998,2014-2018,46.938849,-69.240335,Not LSOG,Not LSOG,,2
451063348489998,2014-2018,46.894794,-69.309239,Not LSOG,Not LSOG,,1
451063349489998,2014-2018,46.970552,-69.433554,LS,Transitioning LS,,1
451063350489998,2014-2018,46.799952,-69.406753,Not LSOG,Not LSOG,,1
451063351489998,2014-2018,46.924715,-69.425486,Not LSOG,Not LSOG,,1
451063352489998,2014-2018,46.889645,-69.46081,Not LSOG,Not LSOG,,1
451063353489998,2014-2018,46.807293,-69.536778,Not LSOG,Not LSOG,,2
451063354489998,2014-2018,46.729606,-69.445311,Not LSOG,Not LSOG,,1
451063355489998,2014-2018,46.643703,-69.493305,Not LSOG,Not LSOG,,1
451063356489998,2014-2018,46.7586,-69.620836,Transitioning LS,Transitioning LS,,2
451063357489998,2014-2018,46.565546,-69.535697,Not LSOG,Not LSOG,,1
451063358489998,2014-2018,46.684856,-69.683709,Not LSOG,Not LSOG,1,1
451063359489998,2014-2018,47.187154,-68.652301,Not LSOG,Not LSOG,,
451063360489998,2014-2018,47.187543,-68.821104,Not LSOG,Not LSOG,,1
451063361489998,2014-2018,47.02027,-68.776935,Transitioning LS,Transitioning LS,,3
451063362489998,2014-2018,46.972125,-68.827503,Transitioning LS,Transitioning LS,,2
451063363489998,2014-2018,47.123953,-68.874076,Not LSOG,Not LSOG,,1
451063364489998,2014-2018,47.058947,-68.948636,Not LSOG,Not LSOG,,1
451063365489998,2014-2018,46.974915,-69.021402,Not LSOG,Not LSOG,,1
451063366489998,2014-2018,46.815878,-68.904071,Not LSOG,Not LSOG,,3
451063367489998,2014-2018,46.757894,-69.011313,Not LSOG,Not LSOG,,1
451063368489998,2014-2018,46.922759,-69.091753,Not LSOG,Not LSOG,,1
451063369489998,2014-2018,46.823112,-69.110837,Not LSOG,Not LSOG,,1
451063370489998,2014-2018,44.363755,-70.805729,Not LSOG,Not LSOG,,1
451063371489998,2014-2018,44.36864,-70.98192,OG,OG,,1
451063372489998,2014-2018,44.213828,-70.929822,Transitioning LS,Not LSOG,,
451063373489998,2014-2018,44.092507,-70.792733,Not LSOG,Not LSOG,,
451063374489998,2014-2018,44.028061,-70.88486,Not LSOG,Not LSOG,,
451063375489998,2014-2018,44.154532,-70.988997,LS,LS,,
451063376489998,2014-2018,43.89432,-70.964301,Not LSOG,Not LSOG,,
451063377489998,2014-2018,44.488008,-70.876229,Not LSOG,Not LSOG,,
451063378489998,2014-2018,44.577367,-70.976848,Not LSOG,Not LSOG,,1
451063379489998,2014-2018,44.888348,-70.350707,Transitioning LS,Transitioning LS,,
451063380489998,2014-2018,45.015767,-70.48601,Not LSOG,Not LSOG,,1
451063381489998,2014-2018,44.737385,-70.30127,Not LSOG,Not LSOG,,
451063382489998,2014-2018,44.677717,-70.394889,Not LSOG,Not LSOG,,
451063383489998,2014-2018,44.805083,-70.485539,Not LSOG,Not LSOG,,1
451063384489998,2014-2018,44.757287,-70.455974,Not LSOG,Not LSOG,,
451063385489998,2014-2018,44.694065,-70.552087,LS,LS,,
451063386489998,2014-2018,44.784994,-70.668744,Not LSOG,Not LSOG,,1
451063387489998,2014-2018,44.625819,-70.559018,Not LSOG,Not LSOG,,
451063390489998,2014-2018,44.462815,-70.725073,Not LSOG,Not LSOG,,
451063391489998,2014-2018,44.554463,-70.82308,LS,LS,,
451063392489998,2014-2018,44.410285,-70.773146,Not LSOG,Not LSOG,,
451063393489998,2014-2018,44.326953,-70.650575,LS,LS,,
451063394489998,2014-2018,46.52915,-69.004535,Not LSOG,Not LSOG,,2
451063395489998,2014-2018,46.442567,-68.888211,Transitioning LS,Transitioning LS,2,2
451063396489998,2014-2018,46.355482,-68.94272,Not LSOG,Not LSOG,,1
451063397489998,2014-2018,46.445768,-69.038641,Not LSOG,Not LSOG,,1
451063398489998,2014-2018,46.361138,-69.164347,Transitioning LS,Not LSOG,1,1
451063399489998,2014-2018,46.484139,-69.259544,Not LSOG,Not LSOG,,1
451063400489998,2014-2018,46.294309,-69.196574,Not LSOG,Not LSOG,,1
451063401489998,2014-2018,46.135898,-69.118579,Transitioning LS,Not LSOG,,2
451063403489998,2014-2018,46.260455,-69.421111,Transitioning LS,Not LSOG,,1
451063404489998,2014-2018,46.09671,-69.384943,OG,LS,,
451063405489998,2014-2018,46.00136,-69.229021,Not LSOG,Not LSOG,,1
451063406489998,2014-2018,45.333412,-70.782885,Transitioning LS,Transitioning LS,,1
451063407489998,2014-2018,45.263004,-70.63684,Not LSOG,Not LSOG,,
451063408489998,2014-2018,45.181019,-70.697158,Transitioning LS,Not LSOG,,1
451063409489998,2014-2018,45.184554,-70.886006,Not LSOG,Not LSOG,1,2
451063410489998,2014-2018,45.149094,-70.943764,Not LSOG,Not LSOG,,1
451063411489998,2014-2018,44.033977,-70.840036,Not LSOG,Not LSOG,,
451063412489998,2014-2018,44.962855,-70.866815,Not LSOG,Not LSOG,,1
451063414489998,2014-2018,44.994676,-71.046953,Not LSOG,Not LSOG,,1
451063415489998,2014-2018,44.830398,-71.006512,Not LSOG,Not LSOG,,2
451063417489998,2014-2018,45.463479,-69.966995,Not LSOG,Not LSOG,,1
451063418489998,2014-2018,45.398801,-69.981539,Not LSOG,Not LSOG,,1
451063419489998,2014-2018,45.329205,-70.00309,Not LSOG,Not LSOG,,1
451063420489998,2014-2018,45.423928,-70.128204,Not LSOG,Not LSOG,,1
451063422489998,2014-2018,45.15755,-69.945263,Not LSOG,Not LSOG,,2
451063423489998,2014-2018,45.088973,-70.00202,Not LSOG,Not LSOG,,1
451063424489998,2014-2018,45.192673,-70.144488,Not LSOG,Not LSOG,,1
451063425489998,2014-2018,45.112724,-70.155245,Not LSOG,Not LSOG,,1
451063426489998,2014-2018,45.216314,-70.280556,Not LSOG,Not LSOG,,1
451063427489998,2014-2018,45.038501,-70.229501,LS,Transitioning LS,,1
451063428489998,2014-2018,44.974683,-70.132421,Not LSOG,Not LSOG,,3
451063429489998,2014-2018,44.90774,-70.187827,Not LSOG,Not LSOG,,1
451063430489998,2014-2018,44.969447,-70.286208,LS,LS,,1
451063431489998,2014-2018,45.710239,-70.097968,Not LSOG,Not LSOG,,1
451063432489998,2014-2018,45.480195,-70.081544,Not LSOG,Not LSOG,,1
451063433489998,2014-2018,45.67799,-70.153343,Not LSOG,Not LSOG,,1
451063434489998,2014-2018,45.51143,-70.26051,Not LSOG,Not LSOG,,1
451063435489998,2014-2018,45.392212,-70.361941,Not LSOG,Not LSOG,,1
451063436489998,2014-2018,45.298193,-70.434735,Not LSOG,Not LSOG,,1
451063437489998,2014-2018,45.127882,-70.346542,Not LSOG,Not LSOG,,3
451063438489998,2014-2018,46.091187,-69.413071,Not LSOG,Not LSOG,,1
451063439489998,2014-2018,46.024612,-69.45631,Not LSOG,Not LSOG,,1
451063440489998,2014-2018,46.050061,-69.646729,Not LSOG,Not LSOG,,1
451063441489998,2014-2018,45.908191,-69.547286,Not LSOG,Not LSOG,,1
451063442489998,2014-2018,45.783532,-69.42252,Not LSOG,Not LSOG,,2
451063443489998,2014-2018,45.725997,-69.467965,Not LSOG,Not LSOG,,1
451063444489998,2014-2018,45.807305,-69.589954,Not LSOG,Not LSOG,,1
451063445489998,2014-2018,45.757284,-69.69989,Not LSOG,Not LSOG,,1
451063446489998,2014-2018,45.853177,-69.769082,Not LSOG,Not LSOG,,1
451063447489998,2014-2018,45.602654,-69.609346,Not LSOG,Not LSOG,,2
451063448489998,2014-2018,45.508959,-69.654103,Not LSOG,Not LSOG,,
451063449489998,2014-2018,45.599652,-69.768624,Not LSOG,Not LSOG,,1
451063450489998,2014-2018,45.537316,-69.864496,Not LSOG,Not LSOG,,1
451063451489998,2014-2018,44.631701,-69.928305,Not LSOG,Not LSOG,,
451063452489998,2014-2018,45.445194,-69.914921,Not LSOG,Not LSOG,,1
451063453489998,2014-2018,45.381705,-69.76131,Not LSOG,Not LSOG,,1
451063454489998,2014-2018,47.252163,-68.127752,Not LSOG,Not LSOG,,
451063458489998,2014-2018,47.208654,-68.398566,Not LSOG,Not LSOG,,
451063459489998,2014-2018,47.157481,-68.451817,Not LSOG,Not LSOG,,
451063461489998,2014-2018,46.98071,-68.355961,Not LSOG,Not LSOG,,1
451063462489998,2014-2018,46.294336,-70.203516,Transitioning LS,Transitioning LS,,1
451063463489998,2014-2018,45.210163,-71.054692,Not LSOG,Not LSOG,,
451063464489998,2014-2018,44.369271,-70.598395,Not LSOG,Not LSOG,,
451063465489998,2014-2018,44.221796,-70.532734,Not LSOG,Not LSOG,,
451063466489998,2014-2018,44.138084,-70.575169,Not LSOG,Not LSOG,,
451063467489998,2014-2018,44.086388,-70.444099,Transitioning LS,Transitioning LS,,
451063468489998,2014-2018,44.011486,-70.488665,Not LSOG,Not LSOG,,
451063469489998,2014-2018,44.071368,-70.61941,Not LSOG,Not LSOG,,
451063470489998,2014-2018,44.193366,-70.721371,Not LSOG,Not LSOG,,
451063471489998,2014-2018,44.018611,-70.7052,Not LSOG,Not LSOG,,
451063473489998,2014-2018,43.779859,-70.687474,Not LSOG,Not LSOG,,
451063474489998,2014-2018,43.796424,-70.85134,Not LSOG,Not LSOG,,
451063475489998,2014-2018,43.743457,-70.885058,Transitioning LS,Not LSOG,,
451063476489998,2014-2018,43.648995,-70.775212,Not LSOG,Not LSOG,,
451063477489998,2014-2018,43.661708,-70.974512,Not LSOG,Not LSOG,,
451063478489998,2014-2018,44.957026,-69.711625,Not LSOG,Not LSOG,,
451063479489998,2014-2018,44.816012,-69.674732,Not LSOG,Not LSOG,,
451063480489998,2014-2018,44.733301,-69.709734,Transitioning LS,Transitioning LS,,
451063483489998,2014-2018,44.513991,-69.875063,LS,Transitioning LS,,
451063484489998,2014-2018,44.599022,-69.955042,Not LSOG,Not LSOG,,
451063485489998,2014-2018,46.626945,-68.085759,Not LSOG,Not LSOG,,
451063487489998,2014-2018,46.486293,-68.187737,Not LSOG,Not LSOG,,1
451063488489998,2014-2018,46.412468,-68.291924,Not LSOG,Not LSOG,,2
451063489489998,2014-2018,46.494674,-68.306257,Not LSOG,Not LSOG,,1
451063490489998,2014-2018,46.454022,-68.46907,Not LSOG,Not LSOG,,1
451063491489998,2014-2018,46.289513,-68.425988,Not LSOG,Not LSOG,,1
451063493489998,2014-2018,46.259074,-68.65436,Not LSOG,Not LSOG,,1
451063494489998,2014-2018,44.960961,-67.950068,Not LSOG,Not LSOG,,1
451063495489998,2014-2018,44.819765,-67.914271,Not LSOG,Not LSOG,,1
451063496489998,2014-2018,44.749818,-67.948367,Not LSOG,Not LSOG,,1
451063497489998,2014-2018,44.750571,-68.108943,Not LSOG,Not LSOG,,1
451063500489998,2014-2018,44.590565,-68.316139,Not LSOG,Not LSOG,,1
451063501489998,2014-2018,44.388745,-68.241494,Not LSOG,Not LSOG,,
451063502489998,2014-2018,44.689702,-67.622708,Not LSOG,Not LSOG,,
451063503489998,2014-2018,44.784007,-67.700384,Not LSOG,Not LSOG,,
451063504489998,2014-2018,44.708971,-67.79201,Not LSOG,Not LSOG,,
451063505489998,2014-2018,44.615367,-67.635339,Not LSOG,Not LSOG,,
451063506489998,2014-2018,44.560112,-67.705733,Not LSOG,Not LSOG,,
451063507489998,2014-2018,44.664574,-67.866695,Not LSOG,Not LSOG,,
451063508489998,2014-2018,44.595795,-67.837143,Not LSOG,Not LSOG,,
451063509489998,2014-2018,44.56302,-67.896766,Transitioning LS,Transitioning LS,,
451063510489998,2014-2018,44.516236,-67.933304,Not LSOG,Not LSOG,,
451063511489998,2014-2018,44.443931,-68.029391,Not LSOG,Not LSOG,,
451063512489998,2014-2018,44.596065,-69.688294,Not LSOG,Not LSOG,,
451063513489998,2014-2018,44.511591,-69.735814,Not LSOG,Not LSOG,,
451063514489998,2014-2018,46.542214,-69.619015,Not LSOG,Not LSOG,1,1
451063515489998,2014-2018,46.454456,-69.703633,Not LSOG,Not LSOG,,1
451063516489998,2014-2018,46.489141,-69.826405,Not LSOG,Not LSOG,,2
451063517489998,2014-2018,46.386725,-69.905215,Not LSOG,Not LSOG,,1
451063518489998,2014-2018,46.225636,-69.863661,Not LSOG,Not LSOG,,1
451063519489998,2014-2018,46.331161,-69.968254,Not LSOG,Not LSOG,,1
451063520489998,2014-2018,46.181547,-69.892296,Not LSOG,Not LSOG,,1
451063521489998,2014-2018,46.247894,-70.036983,Transitioning LS,Not LSOG,,1
451063522489998,2014-2018,46.168294,-70.102653,LS,Transitioning LS,,1
451063523489998,2014-2018,46.112307,-69.97163,Not LSOG,Not LSOG,,1
451063524489998,2014-2018,46.047686,-70.006448,Not LSOG,Not LSOG,,1
451063525489998,2014-2018,46.117179,-70.164602,Not LSOG,Not LSOG,,1
451063526489998,2014-2018,45.058051,-70.4412,Not LSOG,Not LSOG,,1
451063527489998,2014-2018,45.166555,-70.539248,Not LSOG,Not LSOG,,1
451063528489998,2014-2018,43.735362,-70.960291,Transitioning LS,Transitioning LS,,
451063531489998,2014-2018,45.343929,-69.590076,Transitioning LS,Not LSOG,,1
451063532489998,2014-2018,45.434076,-69.703969,Not LSOG,Not LSOG,,1
451063533489998,2014-2018,45.301147,-69.655727,Not LSOG,Not LSOG,,1
451063534489998,2014-2018,45.237869,-69.724212,Not LSOG,Not LSOG,,1
451063535489998,2014-2018,45.061406,-69.695323,Transitioning LS,Transitioning LS,,
451063536489998,2014-2018,45.139547,-69.749772,Not LSOG,Not LSOG,,1
451063537489998,2014-2018,45.222693,-69.875549,Not LSOG,Not LSOG,,1
451063538489998,2014-2018,45.057994,-69.830406,Not LSOG,Not LSOG,,
451063540489998,2014-2018,44.91202,-69.754372,Not LSOG,Not LSOG,,
451063543489998,2014-2018,45.02846,-69.981712,Not LSOG,Not LSOG,,1
451063545489998,2014-2018,44.800476,-70.053726,Not LSOG,Not LSOG,,
451063546489998,2014-2018,44.61996,-70.036603,Not LSOG,Not LSOG,,
451063547489998,2014-2018,46.071045,-68.554606,Not LSOG,Not LSOG,,2
451063548489998,2014-2018,45.987156,-68.63757,Transitioning LS,Not LSOG,,4
451063549489998,2014-2018,46.026416,-68.810415,Not LSOG,Not LSOG,,1
451063550489998,2014-2018,45.870354,-68.770627,Not LSOG,Not LSOG,,1
451063551489998,2014-2018,45.79691,-68.851294,Transitioning LS,Transitioning LS,,2
451063552489998,2014-2018,45.873436,-68.911804,Not LSOG,Not LSOG,,1
451063554489998,2014-2018,45.678012,-68.954891,Not LSOG,Not LSOG,,
451063555489998,2014-2018,44.37196,-69.637299,Not LSOG,Not LSOG,,
451063556489998,2014-2018,44.46115,-69.7588,Not LSOG,Not LSOG,,
451063558489998,2014-2018,44.22189,-69.752067,Not LSOG,Not LSOG,,
451063560489998,2014-2018,44.234067,-69.920022,Not LSOG,Not LSOG,,
451063561489998,2014-2018,44.074205,-69.902305,Not LSOG,Not LSOG,,
451063562489998,2014-2018,44.192673,-69.93799,Not LSOG,Not LSOG,,
451063563489998,2014-2018,44.168257,-69.995277,Not LSOG,Not LSOG,,
451063564489998,2014-2018,44.112441,-70.06011,Not LSOG,Not LSOG,,
451063565489998,2014-2018,43.99492,-69.952844,Transitioning LS,Transitioning LS,,
451063566489998,2014-2018,43.933056,-69.971251,Not LSOG,Not LSOG,,
451063567489998,2014-2018,44.026361,-70.07267,LS,LS,,
451063568489998,2014-2018,43.854138,-70.035973,Not LSOG,Not LSOG,,
451063569489998,2014-2018,46.110349,-68.352582,Not LSOG,Not LSOG,,
451063570489998,2014-2018,45.944128,-68.275066,Not LSOG,Not LSOG,,1
451063571489998,2014-2018,46.079862,-68.355033,Not LSOG,Not LSOG,,
451063572489998,2014-2018,46.065932,-68.397714,Not LSOG,Not LSOG,,
451063573489998,2014-2018,45.971416,-68.471371,Not LSOG,Not LSOG,,
451063574489998,2014-2018,45.87152,-68.373749,Not LSOG,Not LSOG,,
451063575489998,2014-2018,45.841404,-68.399432,LS,Transitioning LS,,1
451063576489998,2014-2018,45.925631,-68.530014,LS,LS,,
451063577489998,2014-2018,45.754457,-68.484563,Not LSOG,Not LSOG,,
451063578489998,2014-2018,45.822503,-68.584856,Not LSOG,Not LSOG,,1
451063579489998,2014-2018,45.687826,-68.517402,Not LSOG,Not LSOG,,1
451063580489998,2014-2018,45.598668,-68.607385,Transitioning LS,Not LSOG,,1
451063581489998,2014-2018,45.721622,-68.718006,Not LSOG,Not LSOG,,1
451063582489998,2014-2018,43.96463,-69.596999,Transitioning LS,Transitioning LS,,
451063583489998,2014-2018,45.092519,-70.638167,Not LSOG,Not LSOG,,1
451063584489998,2014-2018,44.923003,-70.388443,Not LSOG,Not LSOG,,2
451063585489998,2014-2018,44.866859,-70.564086,LS,Transitioning LS,,1
451063588489998,2014-2018,44.712296,-70.702918,Not LSOG,Not LSOG,,
451063589489998,2014-2018,44.660349,-70.771613,Not LSOG,Not LSOG,,
451063590489998,2014-2018,44.666661,-70.966009,Not LSOG,Not LSOG,,2
451063591489998,2014-2018,46.7763,-69.194255,Not LSOG,Not LSOG,,1
451063592489998,2014-2018,46.609348,-69.142173,Not LSOG,Not LSOG,,1
451063593489998,2014-2018,46.561587,-69.178804,Not LSOG,Not LSOG,,1
451063594489998,2014-2018,46.636982,-69.300842,Not LSOG,Not LSOG,,1
451063595489998,2014-2018,46.577268,-69.374774,Not LSOG,Not LSOG,,2
451063596489998,2014-2018,46.413752,-69.332731,Transitioning LS,Not LSOG,,1
451063598489998,2014-2018,46.479846,-69.442175,Not LSOG,Not LSOG,1,1
451063599489998,2014-2018,46.4267,-69.473181,Not LSOG,Not LSOG,,1
451063600489998,2014-2018,46.368022,-69.564314,Not LSOG,Not LSOG,2,2
451063601489998,2014-2018,47.072873,-68.523724,Not LSOG,Not LSOG,,2
451063602489998,2014-2018,46.99853,-68.545581,Not LSOG,Not LSOG,,1
451063603489998,2014-2018,44.796028,-70.247105,Transitioning LS,Transitioning LS,,
451063604489998,2014-2018,44.659118,-70.198842,Transitioning LS,Transitioning LS,,
451063605489998,2014-2018,44.609656,-70.246789,Transitioning LS,Transitioning LS,,
451063606489998,2014-2018,44.506556,-70.105662,Transitioning LS,Transitioning LS,,
451063607489998,2014-2018,44.429238,-70.183745,Not LSOG,Not LSOG,,
451063608489998,2014-2018,44.520497,-70.287916,Not LSOG,Not LSOG,,
451063609489998,2014-2018,44.579659,-70.427542,Not LSOG,Not LSOG,,
451063610489998,2014-2018,44.4216,-70.375161,Not LSOG,Not LSOG,,
451063611489998,2014-2018,44.36579,-70.403958,Not LSOG,Not LSOG,,
451063613489998,2014-2018,44.222103,-70.347237,Transitioning LS,Not LSOG,,
451063614489998,2014-2018,44.293393,-70.463183,Not LSOG,Not LSOG,,
451063615489998,2014-2018,44.399633,-70.48578,Not LSOG,Not LSOG,,
451063616489998,2014-2018,46.463222,-68.654652,Not LSOG,Not LSOG,1,1
451063617489998,2014-2018,46.373319,-68.531413,Not LSOG,Not LSOG,,1
451063618489998,2014-2018,46.320801,-68.588141,Not LSOG,Not LSOG,,1
451063619489998,2014-2018,46.414395,-68.719894,Not LSOG,Not LSOG,,1
451063620489998,2014-2018,46.484175,-68.832626,Transitioning LS,Not LSOG,2,2
451063621489998,2014-2018,46.337708,-68.732206,Not LSOG,Not LSOG,,1
451063622489998,2014-2018,46.255766,-68.847197,Transitioning LS,Transitioning LS,,1
451063623489998,2014-2018,46.100075,-68.807837,Not LSOG,Not LSOG,,1
451063624489998,2014-2018,46.214121,-68.891945,Transitioning LS,Not LSOG,,3
451063625489998,2014-2018,46.126704,-68.929846,Transitioning LS,Transitioning LS,,2
451063626489998,2014-2018,46.049573,-68.989801,Transitioning LS,Not LSOG,,2
451063627489998,2014-2018,45.952882,-68.883327,Transitioning LS,Transitioning LS,,1
451063628489998,2014-2018,45.874112,-68.96247,Not LSOG,Not LSOG,,2
451063629489998,2014-2018,45.982076,-69.098429,Transitioning LS,Transitioning LS,,1
451063630489998,2014-2018,46.069077,-69.199024,Not LSOG,Not LSOG,,1
451063631489998,2014-2018,45.913295,-69.116989,Not LSOG,Not LSOG,,1
451063632489998,2014-2018,47.071745,-67.867861,Transitioning LS,Not LSOG,,1
451063633489998,2014-2018,46.894906,-67.870681,Not LSOG,Not LSOG,,
451063635489998,2014-2018,46.857554,-68.101572,Not LSOG,Not LSOG,,
451063636489998,2014-2018,46.712885,-68.009428,Not LSOG,Not LSOG,,
451063637489998,2014-2018,45.359427,-68.010638,Not LSOG,Not LSOG,,
451063638489998,2014-2018,45.298797,-68.050027,Transitioning LS,Not LSOG,,1
451063639489998,2014-2018,45.410458,-68.172167,Not LSOG,Not LSOG,,2
451063640489998,2014-2018,45.333862,-68.213648,Not LSOG,Not LSOG,,
451063641489998,2014-2018,45.409894,-68.35975,Not LSOG,Not LSOG,,
451063642489998,2014-2018,45.259148,-68.317494,Not LSOG,Not LSOG,,1
451063643489998,2014-2018,45.174738,-68.188995,Not LSOG,Not LSOG,,
451063644489998,2014-2018,45.094919,-68.233681,Not LSOG,Not LSOG,,2
451063645489998,2014-2018,45.241837,-68.325552,Not LSOG,Not LSOG,,
451063646489998,2014-2018,45.118322,-68.431984,Not LSOG,Not LSOG,,1
451063647489998,2014-2018,45.209444,-68.537674,Not LSOG,Not LSOG,,
451063648489998,2014-2018,45.064682,-68.468938,Not LSOG,Not LSOG,,1
451063649489998,2014-2018,44.950801,-68.334344,Not LSOG,Not LSOG,,1
451063651489998,2014-2018,46.953344,-68.64234,Not LSOG,Not LSOG,,1
451063652489998,2014-2018,46.839124,-68.51397,LS,Transitioning LS,,1
451063653489998,2014-2018,46.792026,-68.550355,LS,Transitioning LS,,1
451063654489998,2014-2018,46.876921,-68.686244,LS,LS,,1
451063655489998,2014-2018,46.784402,-68.737527,Transitioning LS,Not LSOG,,1
451063656489998,2014-2018,46.892472,-68.908563,Not LSOG,Not LSOG,,2
451063657489998,2014-2018,46.741311,-68.804774,Not LSOG,Not LSOG,,1
451063658489998,2014-2018,46.619173,-68.693465,Not LSOG,Not LSOG,2,2
451063659489998,2014-2018,46.556184,-68.749073,Not LSOG,Not LSOG,,1
451063660489998,2014-2018,46.721488,-68.858225,Not LSOG,Not LSOG,,1
451063661489998,2014-2018,46.64062,-68.884773,Not LSOG,Not LSOG,,
451063662489998,2014-2018,46.567479,-68.939636,Not LSOG,Not LSOG,1,1
451063663489998,2014-2018,46.686365,-69.033016,LS,LS,,1
451063664489998,2014-2018,45.845076,-69.188642,LS,Transitioning LS,,2
451063665489998,2014-2018,45.743448,-69.056816,Transitioning LS,Transitioning LS,,2
451063666489998,2014-2018,45.699879,-69.152333,Not LSOG,Not LSOG,,2
451063667489998,2014-2018,45.77547,-69.259143,Not LSOG,Not LSOG,,1
451063668489998,2014-2018,45.885218,-69.399101,Not LSOG,Not LSOG,,1
451063669489998,2014-2018,45.714586,-69.335862,Not LSOG,Not LSOG,,1
451063670489998,2014-2018,45.6266,-69.367048,Not LSOG,Not LSOG,,1
451063671489998,2014-2018,45.551398,-69.23453,Transitioning LS,Not LSOG,,
451063672489998,2014-2018,45.454623,-69.305277,Transitioning LS,Transitioning LS,,1
451063673489998,2014-2018,45.556251,-69.437625,Not LSOG,Not LSOG,,1
451063674489998,2014-2018,45.654242,-69.406827,Transitioning LS,Transitioning LS,,1
451063675489998,2014-2018,45.667233,-69.558617,Not LSOG,Not LSOG,,1
451063677489998,2014-2018,45.428359,-69.522911,Transitioning LS,Not LSOG,,1
451063678489998,2014-2018,45.320822,-69.449105,Not LSOG,Not LSOG,,1
451063680489998,2014-2018,47.105483,-68.06421,LS,LS,,
451063681489998,2014-2018,47.007997,-67.963934,Not LSOG,Not LSOG,,1
451063683489998,2014-2018,47.115534,-68.26993,Not LSOG,Not LSOG,,2
451063684489998,2014-2018,43.950044,-70.179722,Not LSOG,Not LSOG,,
451063686489998,2014-2018,43.824737,-70.255955,Transitioning LS,Not LSOG,,
451063688489998,2014-2018,43.744244,-70.33119,Not LSOG,Not LSOG,,
451063689489998,2014-2018,43.566015,-70.289725,Transitioning LS,Not LSOG,,
451063691489998,2014-2018,43.449878,-70.390348,Not LSOG,Not LSOG,,
451063692489998,2014-2018,43.551295,-70.420434,Transitioning LS,Transitioning LS,,
451063693489998,2014-2018,43.5113,-70.51308,Not LSOG,Not LSOG,,
451063694489998,2014-2018,43.453239,-70.51691,Not LSOG,Not LSOG,,
451063696489998,2014-2018,45.085286,-68.628077,Not LSOG,Not LSOG,,
451063697489998,2014-2018,45.557001,-68.681374,Not LSOG,Not LSOG,,
451063698489998,2014-2018,47.334924,-69.294979,Not LSOG,Not LSOG,,1
451063699489998,2014-2018,45.947838,-70.09162,Transitioning LS,Transitioning LS,,2
451063700489998,2014-2018,46.046512,-70.217889,Not LSOG,Not LSOG,,1
451063701489998,2014-2018,45.971346,-70.26086,Not LSOG,Not LSOG,,1
451063702489998,2014-2018,46.96738,-68.209006,Not LSOG,Not LSOG,,
451063703489998,2014-2018,46.886614,-68.266355,Not LSOG,Not LSOG,,
451063704489998,2014-2018,46.810536,-68.179751,Not LSOG,Not LSOG,,
451063705489998,2014-2018,46.806505,-68.335728,Not LSOG,Not LSOG,1,1
451063706489998,2014-2018,46.912847,-68.326336,Transitioning LS,Transitioning LS,,1
451063707489998,2014-2018,46.914496,-68.481595,Not LSOG,Not LSOG,,1
451063708489998,2014-2018,46.743151,-68.392395,Not LSOG,Not LSOG,,
451063710489998,2014-2018,46.591916,-68.320831,Not LSOG,Not LSOG,,
451063711489998,2014-2018,46.528132,-68.405713,Not LSOG,Not LSOG,,
451063712489998,2014-2018,46.625893,-68.501366,Not LSOG,Not LSOG,,1
451063713489998,2014-2018,46.694828,-68.669898,Not LSOG,Not LSOG,,2
451063714489998,2014-2018,46.531298,-68.603065,Not LSOG,Not LSOG,2,2
451063715489998,2014-2018,45.154487,-68.784945,Transitioning LS,Transitioning LS,,
451063716489998,2014-2018,45.104303,-68.837349,Not LSOG,Not LSOG,,
451063717489998,2014-2018,44.952335,-68.777883,Not LSOG,Not LSOG,,
451063719489998,2014-2018,45.042727,-68.913419,Not LSOG,Not LSOG,,
451063720489998,2014-2018,44.961937,-68.948926,Not LSOG,Not LSOG,,
451063721489998,2014-2018,44.887012,-69.029552,Not LSOG,Not LSOG,,
451063722489998,2014-2018,44.746825,-68.976012,Not LSOG,Not LSOG,,
451063723489998,2014-2018,44.821414,-69.059469,Transitioning LS,Transitioning LS,,
451063724489998,2014-2018,44.768208,-69.15764,LS,LS,,
451063725489998,2014-2018,45.628503,-68.770523,Transitioning LS,Transitioning LS,,1
451063726489998,2014-2018,45.566491,-68.867106,Not LSOG,Not LSOG,,1
451063727489998,2014-2018,45.489404,-68.711709,Not LSOG,Not LSOG,,
451063728489998,2014-2018,45.386238,-68.789794,Not LSOG,Not LSOG,,1
451063729489998,2014-2018,45.494296,-68.892639,Transitioning LS,Not LSOG,,2
451063730489998,2014-2018,45.354769,-68.832264,Not LSOG,Not LSOG,,1
451063732489998,2014-2018,45.3554,-69.00762,Transitioning LS,Transitioning LS,,1
451063733489998,2014-2018,45.206144,-68.966666,Not LSOG,Not LSOG,,1
451063735489998,2014-2018,45.138149,-69.018317,Not LSOG,Not LSOG,,1
451063736489998,2014-2018,45.215903,-69.118746,Transitioning LS,Not LSOG,,
451063737489998,2014-2018,45.147697,-69.173892,Not LSOG,Not LSOG,,
451063740489998,2014-2018,45.051321,-69.226746,Not LSOG,Not LSOG,,
451063741489998,2014-2018,44.967345,-68.523906,LS,Transitioning LS,,
451063742489998,2014-2018,45.911279,-70.152696,Not LSOG,Not LSOG,,1
451063743489998,2014-2018,45.837131,-70.192175,Not LSOG,Not LSOG,,2
451063744489998,2014-2018,45.220508,-70.27234,Not LSOG,Not LSOG,,2
451063745489998,2014-2018,45.677146,-70.340141,Not LSOG,Not LSOG,,1
451063746489998,2014-2018,45.61519,-70.358472,Not LSOG,Not LSOG,,1
451063747489998,2014-2018,45.546192,-70.424082,Transitioning LS,Transitioning LS,,3
451063748489998,2014-2018,45.651379,-70.488403,Not LSOG,Not LSOG,,1
451063749489998,2014-2018,45.63175,-70.520921,Transitioning LS,Not LSOG,,2
451063750489998,2014-2018,45.563058,-70.619947,Transitioning LS,Transitioning LS,,3
451063751489998,2014-2018,45.467499,-70.4739,Not LSOG,Not LSOG,,1
451063752489998,2014-2018,45.406268,-70.553621,Not LSOG,Not LSOG,,1
451063753489998,2014-2018,45.486235,-70.677088,Transitioning LS,Transitioning LS,,1
451063754489998,2014-2018,45.329496,-70.617907,Transitioning LS,Not LSOG,,3
451063755489998,2014-2018,47.412357,-69.03759,Not LSOG,Not LSOG,,2
451063756489998,2014-2018,47.219552,-69.025891,Not LSOG,Not LSOG,,2
451063757489998,2014-2018,47.314025,-69.155877,Not LSOG,Not LSOG,,1
451063758489998,2014-2018,47.230572,-69.185618,Not LSOG,Not LSOG,,1
451063759489998,2014-2018,47.141482,-69.06981,Not LSOG,Not LSOG,,3
451063760489998,2014-2018,47.065388,-69.118495,Not LSOG,Not LSOG,,3
451063761489998,2014-2018,46.181936,-69.505019,Not LSOG,Not LSOG,,1
451063762489998,2014-2018,46.128757,-69.560148,Not LSOG,Not LSOG,,2
451063763489998,2014-2018,45.40455,-67.586317,Not LSOG,Not LSOG,,1
451063764489998,2014-2018,45.234126,-67.545658,Not LSOG,Not LSOG,,
451063765489998,2014-2018,45.147374,-67.58474,Not LSOG,Not LSOG,,
451063766489998,2014-2018,45.189837,-67.750165,Not LSOG,Not LSOG,,2
451063767489998,2014-2018,45.02306,-67.739889,Transitioning LS,Not LSOG,,
451063769489998,2014-2018,43.381661,-70.604759,Transitioning LS,Transitioning LS,,
451063770489998,2014-2018,44.998795,-68.732937,Not LSOG,Not LSOG,,
451063771489998,2014-2018,44.8515,-68.639385,Not LSOG,Not LSOG,,
451063772489998,2014-2018,44.76088,-68.567762,Not LSOG,Not LSOG,,
451063775489998,2014-2018,44.704408,-68.782152,Transitioning LS,Not LSOG,,
451063777489998,2014-2018,44.53652,-68.71562,Transitioning LS,Not LSOG,,
451063778489998,2014-2018,44.484349,-68.770937,Not LSOG,Not LSOG,,
451063780489998,2014-2018,44.582861,-69.088857,Not LSOG,Not LSOG,,
451063782489998,2014-2018,44.668763,-67.398396,Not LSOG,Not LSOG,,
451063783489998,2014-2018,44.787323,-67.10236,LS,Transitioning LS,,1
451063784489998,2014-2018,44.845257,-67.040982,Transitioning LS,Not LSOG,,
451063785489998,2014-2018,44.869645,-67.226497,Not LSOG,Not LSOG,,1
451063786489998,2014-2018,44.728845,-67.175333,Not LSOG,Not LSOG,,
451063787489998,2014-2018,44.809733,-67.28766,Not LSOG,Not LSOG,,
451063788489998,2014-2018,44.746649,-67.346327,LS,LS,,
451063790489998,2014-2018,45.093392,-67.226987,Not LSOG,Not LSOG,,
451063791489998,2014-2018,45.140361,-67.412198,Not LSOG,Not LSOG,,
451063792489998,2014-2018,45.025341,-67.275823,Not LSOG,Not LSOG,,
451063793489998,2014-2018,44.961642,-67.387883,Not LSOG,Not LSOG,,1
451063794489998,2014-2018,45.057967,-67.471428,Not LSOG,Not LSOG,,
451063795489998,2014-2018,44.90801,-67.425305,Not LSOG,Not LSOG,,1
451063796489998,2014-2018,44.982693,-67.530753,Not LSOG,Not LSOG,,1
451063797489998,2014-2018,44.92304,-67.601376,Not LSOG,Not LSOG,,
451063798489998,2014-2018,44.819528,-67.484393,Not LSOG,Not LSOG,,2
451063799489998,2014-2018,44.869212,-67.662313,Not LSOG,Not LSOG,,
451063802489998,2014-2018,44.385725,-68.64511,Not LSOG,Not LSOG,,
451063803489998,2014-2018,44.813476,-68.909941,Not LSOG,Not LSOG,,
451063804489998,2014-2018,44.504634,-68.970943,Not LSOG,Not LSOG,,
451063805489998,2014-2018,44.45497,-69.333578,Not LSOG,Not LSOG,,
451063806489998,2014-2018,44.251,-69.36897,Not LSOG,Not LSOG,,
451063809489998,2014-2018,46.268556,-68.880771,LS,Transitioning LS,,1
451063810489998,2014-2018,44.87058,-70.003494,Transitioning LS,Not LSOG,,
451063811489998,2014-2018,44.710327,-70.144918,Not LSOG,Not LSOG,,
451063812489998,2014-2018,43.545771,-70.810078,Not LSOG,Not LSOG,,
451063813489998,2014-2018,46.206256,-69.054048,Not LSOG,Not LSOG,,1
451063815489998,2014-2018,45.237034,-70.509615,Not LSOG,Not LSOG,,2
451063816489998,2014-2018,45.010366,-70.659042,Not LSOG,Not LSOG,,1
451063817489998,2014-2018,46.548269,-69.767063,Not LSOG,Not LSOG,2,2
451063818489998,2014-2018,45.062557,-71.027229,Not LSOG,Not LSOG,,1
451063819489998,2014-2018,45.024088,-71.025009,Not LSOG,Not LSOG,,1
451063820489998,2014-2018,44.292659,-70.911233,Not LSOG,Not LSOG,,
451063821489998,2014-2018,43.424809,-70.670415,Transitioning LS,Transitioning LS,,
451063822489998,2014-2018,44.340144,-70.889168,Not LSOG,Not LSOG,,2
451063823489998,2014-2018,44.327616,-70.983645,Transitioning LS,Transitioning LS,,3
451063824489998,2014-2018,44.369203,-70.922734,Transitioning LS,Transitioning LS,,3
451063825489998,2014-2018,44.304599,-70.830997,Not LSOG,Not LSOG,,1
509641931126144,2019-2023,44.79974,-67.04813,Transitioning LS,Transitioning LS,,
509641934126144,2019-2023,44.897999,-67.22222,Transitioning LS,Transitioning LS,,1
509641935126144,2019-2023,44.99234,-67.28043,Not LSOG,Not LSOG,,
509641937126144,2019-2023,44.80271,-67.1854,Not LSOG,Not LSOG,,
509641938126144,2019-2023,44.85901,-67.30806,Not LSOG,Not LSOG,,1
509641939126144,2019-2023,44.67453,-67.18799,Not LSOG,Not LSOG,,
509641940126144,2019-2023,44.76005,-67.30038,Transitioning LS,Not LSOG,,
509641941126144,2019-2023,44.69076,-67.35831,Not LSOG,Not LSOG,,
509641942126144,2019-2023,44.80905,-67.54819,Not LSOG,Not LSOG,,
509641944126144,2019-2023,44.59372,-67.6771,Not LSOG,Not LSOG,,
509641945126144,2019-2023,45.13732,-67.20386,Transitioning LS,Not LSOG,,
509641946126144,2019-2023,45.0709,-67.23852,Not LSOG,Not LSOG,,
509641947126144,2019-2023,45.10218,-67.39723,Not LSOG,Not LSOG,,
509641948126144,2019-2023,44.9337,-67.35585,Transitioning LS,Not LSOG,,1
509641949126144,2019-2023,44.83859,-67.42162,LS,Transitioning LS,,1
509641950126144,2019-2023,45.02512,-67.47284,Not LSOG,Not LSOG,,
509641951126144,2019-2023,44.95066,-67.53303,Not LSOG,Not LSOG,,1
509641952126144,2019-2023,44.8362,-67.60076,Transitioning LS,Not LSOG,,
509641953126144,2019-2023,44.72188,-67.54791,Not LSOG,Not LSOG,,1
509641954126144,2019-2023,44.64832,-67.60452,Transitioning LS,Not LSOG,,
509641955126144,2019-2023,44.74763,-67.72403,Not LSOG,Not LSOG,,1
509641956126144,2019-2023,45.67397,-67.80914,Not LSOG,Not LSOG,,
509641957126144,2019-2023,44.50905,-67.71106,Not LSOG,Not LSOG,,
509641958126144,2019-2023,44.47163,-67.94997,Not LSOG,Not LSOG,,
509641959126144,2019-2023,44.52416,-67.87414,Not LSOG,Not LSOG,,
509641961126144,2019-2023,45.41226,-67.54035,Not LSOG,Not LSOG,,1
509641962126144,2019-2023,45.3415,-67.57952,Not LSOG,Not LSOG,,1
509641963126144,2019-2023,45.29761,-67.47939,Not LSOG,Not LSOG,,1
509641964126144,2019-2023,45.24966,-67.46716,Not LSOG,Not LSOG,,
509641965126144,2019-2023,45.19996,-67.52267,Not LSOG,Not LSOG,,
509641966126144,2019-2023,45.28115,-67.65695,Transitioning LS,Transitioning LS,,
509641967126144,2019-2023,45.12483,-67.57684,Not LSOG,Not LSOG,,
509641968126144,2019-2023,45.20663,-67.71854,Not LSOG,Not LSOG,,1
509641969126144,2019-2023,45.11721,-67.70254,Not LSOG,Not LSOG,,1
509641970126144,2019-2023,45.04936,-67.65003,Not LSOG,Not LSOG,,
509641971126144,2019-2023,44.97382,-67.71196,Not LSOG,Not LSOG,,1
509641972126144,2019-2023,45.10091,-67.89125,Not LSOG,Not LSOG,,2
509641973126144,2019-2023,44.92615,-67.77464,Transitioning LS,Not LSOG,,1
509641974126144,2019-2023,45.01112,-67.91339,Not LSOG,Not LSOG,,1
509641975126144,2019-2023,44.93013,-67.95938,Not LSOG,Not LSOG,,1
509641976126144,2019-2023,44.88406,-67.83771,Transitioning LS,Not LSOG,,2
509641977126144,2019-2023,44.857,-67.8914,Not LSOG,Not LSOG,,2
509641978126144,2019-2023,44.76173,-67.88135,Not LSOG,Not LSOG,,1
509641979126144,2019-2023,44.86236,-68.01613,Not LSOG,Not LSOG,,2
509641980126144,2019-2023,44.69997,-67.94882,Not LSOG,Not LSOG,,1
509641981126144,2019-2023,44.79812,-68.07063,Transitioning LS,Not LSOG,,2
509641982126144,2019-2023,44.72547,-68.16763,Not LSOG,Not LSOG,,1
509641983126144,2019-2023,44.61349,-68.0002,Not LSOG,Not LSOG,,2
509641984126144,2019-2023,44.56048,-68.06313,Transitioning LS,Transitioning LS,,1
509641985126144,2019-2023,44.65336,-68.19299,Transitioning LS,Transitioning LS,,
509641986126144,2019-2023,44.49637,-68.12756,Not LSOG,Not LSOG,,
509641987126144,2019-2023,44.66203,-68.30597,Not LSOG,Not LSOG,,
509641988126144,2019-2023,44.50902,-68.31112,Not LSOG,Not LSOG,,
509641989126144,2019-2023,44.49083,-68.17901,Not LSOG,Not LSOG,,
509641993126144,2019-2023,44.30011,-68.32499,Transitioning LS,Not LSOG,,
509641994126144,2019-2023,44.15078,-68.4252,Not LSOG,Not LSOG,,
509641995126144,2019-2023,44.23756,-68.53436,Not LSOG,Not LSOG,,
509641997126144,2019-2023,45.615083,-67.768481,Not LSOG,Not LSOG,,
509641998126144,2019-2023,45.44466,-67.69255,Not LSOG,Not LSOG,,1
509641999126144,2019-2023,45.30151,-67.81397,Not LSOG,Not LSOG,,1
509642000126144,2019-2023,45.39938,-67.94866,Not LSOG,Not LSOG,,1
509642002126144,2019-2023,45.16423,-67.93737,Transitioning LS,Not LSOG,,1
509642003126144,2019-2023,45.18849,-68.11492,Not LSOG,Not LSOG,,
509642004126144,2019-2023,45.02883,-68.06517,Not LSOG,Not LSOG,,1
509642005126144,2019-2023,44.95424,-68.13442,Not LSOG,Not LSOG,,1
509642006126144,2019-2023,45.02623,-68.18843,Not LSOG,Not LSOG,,2
509642007126144,2019-2023,44.98175,-68.31046,Transitioning LS,Transitioning LS,,1
509642008126144,2019-2023,44.82009,-68.21721,Transitioning LS,Transitioning LS,,1
509642009126144,2019-2023,44.56878,-68.35525,Not LSOG,Not LSOG,,
509642010126144,2019-2023,44.86221,-68.47808,Not LSOG,Not LSOG,,
509642012126144,2019-2023,44.54882,-68.47232,Not LSOG,Not LSOG,,
509642013126144,2019-2023,44.68255,-68.73187,Not LSOG,Not LSOG,,
509642014126144,2019-2023,44.39909,-68.57862,Transitioning LS,Not LSOG,,
509642018126144,2019-2023,45.75766,-67.83538,Not LSOG,Not LSOG,,
509642019126144,2019-2023,45.84685,-67.92282,Not LSOG,Not LSOG,,
509642020126144,2019-2023,45.72897,-67.83048,Not LSOG,Not LSOG,,
509642021126144,2019-2023,45.6946,-67.85877,Not LSOG,Not LSOG,,
509642024126144,2019-2023,45.47238,-67.88829,Not LSOG,Not LSOG,,1
509642025126144,2019-2023,45.53197,-67.9556,Transitioning LS,Transitioning LS,,2
509642026126144,2019-2023,45.65391,-68.14088,Not LSOG,Not LSOG,,1
509642027126144,2019-2023,45.49019,-68.06919,Not LSOG,Not LSOG,,1
509642028126144,2019-2023,45.4205,-68.11448,Not LSOG,Not LSOG,,1
509642029126144,2019-2023,45.33015,-68.00112,Not LSOG,Not LSOG,,
509642030126144,2019-2023,45.282852,-68.040238,Transitioning LS,Not LSOG,,1
509642031126144,2019-2023,45.35346,-68.17171,Not LSOG,Not LSOG,,1
509642033126144,2019-2023,45.28229,-68.12337,Not LSOG,Not LSOG,,
509642034126144,2019-2023,45.12159,-68.29552,Not LSOG,Not LSOG,,4
509642035126144,2019-2023,45.208,-68.31131,Not LSOG,Not LSOG,,
509642036126144,2019-2023,45.12068,-68.17936,Transitioning LS,Not LSOG,,2
509642037126144,2019-2023,45.04645,-68.24393,Not LSOG,Not LSOG,,1
509642038126144,2019-2023,45.14139,-68.36429,Transitioning LS,Not LSOG,,1
509642039126144,2019-2023,45.24076,-68.47567,Transitioning LS,Not LSOG,,
509642040126144,2019-2023,45.07786,-68.43251,Not LSOG,Not LSOG,,2
509642041126144,2019-2023,45.00817,-68.47659,Not LSOG,Not LSOG,,1
509642042126144,2019-2023,44.91191,-68.36571,Not LSOG,Not LSOG,,1
509642043126144,2019-2023,44.85619,-68.40268,Not LSOG,Not LSOG,,
509642044126144,2019-2023,44.9346,-68.52751,Not LSOG,Not LSOG,,
509642045126144,2019-2023,44.98891,-68.6527,Not LSOG,Not LSOG,,
509642046126144,2019-2023,44.88859,-68.53756,Not LSOG,Not LSOG,,
509642047126144,2019-2023,44.86027,-68.59539,Not LSOG,Not LSOG,,
509642049126144,2019-2023,44.69964,-68.53143,Not LSOG,Not LSOG,,
509642050126144,2019-2023,44.65671,-68.60702,Not LSOG,Not LSOG,,
509642051126144,2019-2023,44.72891,-68.71284,Not LSOG,Not LSOG,,
509642052126144,2019-2023,44.81375,-69.00352,Not LSOG,Not LSOG,,
509642053126144,2019-2023,44.6555,-68.76525,Not LSOG,Not LSOG,,
509642054126144,2019-2023,44.57404,-68.82427,Transitioning LS,Not LSOG,,
509642056126144,2019-2023,44.42365,-68.76891,Not LSOG,Not LSOG,,
509642057126144,2019-2023,44.53642,-68.89995,Transitioning LS,Not LSOG,,
509642058126144,2019-2023,44.62922,-69.01646,OG,OG,,
509642059126144,2019-2023,44.46919,-68.88707,Not LSOG,Not LSOG,,
509642060126144,2019-2023,44.43332,-68.96937,Not LSOG,Not LSOG,,
509642061126144,2019-2023,44.37374,-69.00124,Transitioning LS,Transitioning LS,,
509642062126144,2019-2023,44.3315,-69.12525,Not LSOG,Not LSOG,,
509642063126144,2019-2023,44.42173,-69.13169,Transitioning LS,Not LSOG,,
509642065126144,2019-2023,44.12427,-69.16975,Not LSOG,Not LSOG,,
509642066126144,2019-2023,44.07625,-69.0576,Transitioning LS,Transitioning LS,,
509642068126144,2019-2023,44.10074,-69.2383,Transitioning LS,Not LSOG,,
509642069126144,2019-2023,44.19612,-69.35685,Not LSOG,Not LSOG,,
509642070126144,2019-2023,44.05677,-69.23601,Not LSOG,Not LSOG,,
509642071126144,2019-2023,44.02668,-69.29658,Not LSOG,Not LSOG,,
509642073126144,2019-2023,43.98818,-69.51656,Not LSOG,Not LSOG,,
509642074126144,2019-2023,46.47353,-67.83011,Not LSOG,Not LSOG,,
509642076126144,2019-2023,46.17085,-67.85595,Not LSOG,Not LSOG,,
509642077126144,2019-2023,46.26196,-67.99806,Not LSOG,Not LSOG,,1
509642078126144,2019-2023,46.0967,-67.91861,Transitioning LS,Not LSOG,,
509642079126144,2019-2023,45.99459,-67.84537,Not LSOG,Not LSOG,,1
509642080126144,2019-2023,45.95135,-67.85142,Not LSOG,Not LSOG,,
509642081126144,2019-2023,46.03014,-67.99657,Not LSOG,Not LSOG,,
509642082126144,2019-2023,45.96682,-68.04375,Not LSOG,Not LSOG,,1
509642083126144,2019-2023,46.0537,-68.17363,Not LSOG,Not LSOG,,
509642084126144,2019-2023,45.86872,-68.17836,Not LSOG,Not LSOG,,1
509642085126144,2019-2023,45.79221,-67.99894,Not LSOG,Not LSOG,,
509642086126144,2019-2023,45.73761,-68.05742,Transitioning LS,Transitioning LS,,2
509642087126144,2019-2023,45.86039,-68.10142,Not LSOG,Not LSOG,,1
509642088126144,2019-2023,45.81336,-68.16958,Not LSOG,Not LSOG,,1
509642089126144,2019-2023,45.73563,-68.22397,Not LSOG,Not LSOG,,1
509642090126144,2019-2023,45.84593,-68.3317,Not LSOG,Not LSOG,,1
509642091126144,2019-2023,45.672,-68.2683,Not LSOG,Not LSOG,,1
509642092126144,2019-2023,45.60044,-68.18605,Transitioning LS,Transitioning LS,,1
509642093126144,2019-2023,45.52283,-68.23083,Transitioning LS,Not LSOG,,1
509642094126144,2019-2023,45.59761,-68.3375,Not LSOG,Not LSOG,,2
509642095126144,2019-2023,45.54666,-68.39389,Not LSOG,Not LSOG,,
509642096126144,2019-2023,45.63625,-68.52776,Not LSOG,Not LSOG,,
509642097126144,2019-2023,45.47432,-68.47343,Not LSOG,Not LSOG,,
509642098126144,2019-2023,45.37931,-68.39461,Not LSOG,Not LSOG,,
509642099126144,2019-2023,45.31279,-68.43383,Not LSOG,Not LSOG,,
509642101126144,2019-2023,45.33956,-68.58089,OG,LS,,
509642102126144,2019-2023,45.50029,-68.6491,Not LSOG,Not LSOG,,
509642103126144,2019-2023,45.27968,-68.65479,Not LSOG,Not LSOG,,
509642104126144,2019-2023,45.17267,-68.5063,Not LSOG,Not LSOG,,
509642106126144,2019-2023,45.19268,-68.71502,Not LSOG,Not LSOG,,
509642107126144,2019-2023,45.20345,-68.75708,Not LSOG,Not LSOG,,
509642108126144,2019-2023,45.20788,-68.90967,Not LSOG,Not LSOG,,1
509642109126144,2019-2023,45.06078,-68.83787,Not LSOG,Not LSOG,,
509642110126144,2019-2023,44.8836,-68.88773,Not LSOG,Not LSOG,,
509642113126144,2019-2023,44.92017,-68.94388,Not LSOG,Not LSOG,,
509642115126144,2019-2023,44.84323,-69.01446,Not LSOG,Not LSOG,,
509642116126144,2019-2023,44.82038,-68.9504,Not LSOG,Not LSOG,,
509642118126144,2019-2023,44.77345,-69.04898,Not LSOG,Not LSOG,,
509642119126144,2019-2023,44.65971,-69.12684,Not LSOG,Not LSOG,,
509642120126144,2019-2023,44.80449,-69.2259,Not LSOG,Not LSOG,,
509642121126144,2019-2023,44.64059,-69.1839,Not LSOG,Not LSOG,,
509642122126144,2019-2023,44.501913,-69.149634,Not LSOG,Not LSOG,,
509642123126144,2019-2023,44.46481,-69.15438,Not LSOG,Not LSOG,,
509642124126144,2019-2023,44.61915,-69.23531,Not LSOG,Not LSOG,,
509642125126144,2019-2023,44.55956,-69.2493,Not LSOG,Not LSOG,,
509642126126144,2019-2023,44.49353,-69.30602,Not LSOG,Not LSOG,,
509642128126144,2019-2023,44.44746,-69.41475,Transitioning LS,Transitioning LS,,
509642129126144,2019-2023,44.33104,-69.23332,Transitioning LS,Transitioning LS,,
509642130126144,2019-2023,44.27866,-69.28741,Not LSOG,Not LSOG,,
509642131126144,2019-2023,44.38044,-69.36018,Transitioning LS,Not LSOG,,
509642132126144,2019-2023,44.2769,-69.471,Not LSOG,Not LSOG,,
509642133126144,2019-2023,44.37813,-69.59376,Not LSOG,Not LSOG,,
509642135126144,2019-2023,44.11048,-69.42583,Not LSOG,Not LSOG,,
509642136126144,2019-2023,44.05184,-69.46112,Not LSOG,Not LSOG,,
509642137126144,2019-2023,44.1483,-69.59167,Not LSOG,Not LSOG,,
509642138126144,2019-2023,44.07762,-69.64104,Not LSOG,Not LSOG,,
509642139126144,2019-2023,44.13854,-69.69594,Not LSOG,Not LSOG,,
509642140126144,2019-2023,43.99969,-69.69451,Transitioning LS,Not LSOG,,
509642141126144,2019-2023,44.02442,-69.63737,Transitioning LS,Transitioning LS,,
509642143126144,2019-2023,43.93328,-69.76058,Not LSOG,Not LSOG,,
509642144126144,2019-2023,43.8629,-69.78851,Not LSOG,Not LSOG,,
509642145126144,2019-2023,43.9567,-69.94797,Not LSOG,Not LSOG,,
509642146126144,2019-2023,43.74487,-69.86716,LS,Transitioning LS,,
509642148126144,2019-2023,46.70617,-67.78951,Not LSOG,Not LSOG,,
509642149126144,2019-2023,46.63095,-67.83811,Not LSOG,Not LSOG,,
509642150126144,2019-2023,46.55121,-67.79527,Not LSOG,Not LSOG,,
509642153126144,2019-2023,46.21535,-67.98039,Not LSOG,Not LSOG,,1
509642154126144,2019-2023,46.48788,-67.9661,Not LSOG,Not LSOG,,1
509642155126144,2019-2023,46.36405,-67.86238,Not LSOG,Not LSOG,,
509642156126144,2019-2023,46.35211,-68.12046,Not LSOG,Not LSOG,,1
509642157126144,2019-2023,46.1907,-68.04927,Not LSOG,Not LSOG,,
509642158126144,2019-2023,46.12074,-68.11501,Not LSOG,Not LSOG,,
509642159126144,2019-2023,46.26756,-68.33864,Not LSOG,Not LSOG,,1
509642160126144,2019-2023,46.14429,-68.16435,Not LSOG,Not LSOG,,
509642161126144,2019-2023,46.07938,-68.2316,Not LSOG,Not LSOG,,
509642162126144,2019-2023,45.98693,-68.22394,Transitioning LS,Not LSOG,,
509642163126144,2019-2023,45.72868,-68.41295,Not LSOG,Not LSOG,,1
509642164126144,2019-2023,46.01262,-68.4113,Not LSOG,Not LSOG,,
509642165126144,2019-2023,45.93035,-68.46755,Not LSOG,Not LSOG,,
509642166126144,2019-2023,45.77291,-68.41086,Transitioning LS,Transitioning LS,,1
509642167126144,2019-2023,45.70065,-68.46628,Not LSOG,Not LSOG,,2
509642168126144,2019-2023,45.86837,-68.52064,Not LSOG,Not LSOG,,
509642169126144,2019-2023,45.79375,-68.59949,Not LSOG,Not LSOG,,2
509642170126144,2019-2023,45.74006,-68.65342,Not LSOG,Not LSOG,,1
509642171126144,2019-2023,45.73062,-68.53447,Not LSOG,Not LSOG,,
509642172126144,2019-2023,45.56521,-68.58842,Not LSOG,Not LSOG,,1
509642173126144,2019-2023,45.45256,-68.71903,Not LSOG,Not LSOG,,
509642174126144,2019-2023,45.61068,-68.7567,Not LSOG,Not LSOG,,1
509642175126144,2019-2023,45.5365,-68.83023,Not LSOG,Not LSOG,,
509642176126144,2019-2023,45.35886,-68.78687,Not LSOG,Not LSOG,,1
509642177126144,2019-2023,45.26752,-68.84901,Transitioning LS,Transitioning LS,,
509642178126144,2019-2023,45.40733,-68.89498,Not LSOG,Not LSOG,,1
509642179126144,2019-2023,45.30455,-68.88495,Not LSOG,Not LSOG,,
509642180126144,2019-2023,45.30931,-69.00697,Not LSOG,Not LSOG,,1
509642181126144,2019-2023,45.14584,-68.94638,Not LSOG,Not LSOG,,2
509642182126144,2019-2023,45.09047,-69.00536,Not LSOG,Not LSOG,,
509642183126144,2019-2023,45.22542,-69.07463,Not LSOG,Not LSOG,,
509642184126144,2019-2023,45.25897,-69.12843,Transitioning LS,Not LSOG,,
509642185126144,2019-2023,45.0987,-69.30976,Not LSOG,Not LSOG,,
509642186126144,2019-2023,44.9374,-69.1312,Transitioning LS,Transitioning LS,,
509642187126144,2019-2023,44.87902,-69.20877,Not LSOG,Not LSOG,,
509642188126144,2019-2023,44.97765,-69.31135,Not LSOG,Not LSOG,,
509642189126144,2019-2023,44.89015,-69.22557,Not LSOG,Not LSOG,,
509642190126144,2019-2023,44.89336,-69.34765,Not LSOG,Not LSOG,,
509642191126144,2019-2023,44.74937,-69.31992,Not LSOG,Not LSOG,,
509642192126144,2019-2023,44.65259,-69.35448,LS,LS,,
509642193126144,2019-2023,45.0069,-69.51714,Not LSOG,Not LSOG,,
509642200126144,2019-2023,44.46972,-69.70766,Transitioning LS,Transitioning LS,,
509642201126144,2019-2023,44.31165,-69.65106,Not LSOG,Not LSOG,,
509642202126144,2019-2023,44.24101,-69.70095,Not LSOG,Not LSOG,,
509642205126144,2019-2023,44.09692,-69.80331,Not LSOG,Not LSOG,,
509642206126144,2019-2023,44.02199,-69.87054,Not LSOG,Not LSOG,,
509642207126144,2019-2023,44.11271,-69.98548,Not LSOG,Not LSOG,,
509642209126144,2019-2023,43.98217,-70.0954,Not LSOG,Not LSOG,,
509642210126144,2019-2023,43.90703,-69.97304,Transitioning LS,Transitioning LS,,
509642212126144,2019-2023,44.03527,-70.05233,Transitioning LS,Transitioning LS,,
509642213126144,2019-2023,43.89498,-70.15922,Not LSOG,Not LSOG,,
509642214126144,2019-2023,43.82845,-70.21128,Transitioning LS,Transitioning LS,,
509642217126144,2019-2023,43.62318,-70.40477,Not LSOG,Not LSOG,,
509642220126144,2019-2023,43.34346,-70.62373,Transitioning LS,Transitioning LS,,
509642221126144,2019-2023,43.27463,-70.67314,Not LSOG,Not LSOG,,
509642222126144,2019-2023,43.21555,-70.61081,Not LSOG,Not LSOG,,
509642223126144,2019-2023,43.19065,-70.70089,Transitioning LS,Transitioning LS,,
509642224126144,2019-2023,47.022,-67.8997,Transitioning LS,Transitioning LS,,1
509642225126144,2019-2023,46.84378,-67.86186,Transitioning LS,Transitioning LS,,
509642226126144,2019-2023,46.95804,-67.93423,Not LSOG,Not LSOG,,3
509642229126144,2019-2023,46.81786,-68.08173,Not LSOG,Not LSOG,,
509642230126144,2019-2023,46.73387,-67.97707,Not LSOG,Not LSOG,,
509642232126144,2019-2023,46.74777,-68.14588,Not LSOG,Not LSOG,,
509642233126144,2019-2023,46.58278,-68.08921,Not LSOG,Not LSOG,,
509642234126144,2019-2023,46.77074,-68.0663,Not LSOG,Not LSOG,,
509642235126144,2019-2023,46.68475,-68.21526,Not LSOG,Not LSOG,,
509642236126144,2019-2023,46.6165,-68.27824,Transitioning LS,Not LSOG,,1
509642237126144,2019-2023,46.50304,-68.12421,Not LSOG,Not LSOG,,1
509642238126144,2019-2023,46.5716,-68.16323,Not LSOG,Not LSOG,1,
509642239126144,2019-2023,46.54581,-68.33313,Not LSOG,Not LSOG,,
509642240126144,2019-2023,46.40012,-68.28823,Not LSOG,Not LSOG,,1
509642241126144,2019-2023,46.47873,-68.40534,Not LSOG,Not LSOG,,
509642242126144,2019-2023,46.39286,-68.48542,Not LSOG,Not LSOG,,1
509642243126144,2019-2023,46.29017,-68.33259,Transitioning LS,Not LSOG,,1
509642244126144,2019-2023,46.23428,-68.39933,Not LSOG,Not LSOG,,1
509642245126144,2019-2023,46.32703,-68.51906,Not LSOG,Not LSOG,,1
509642246126144,2019-2023,46.14671,-68.47632,Transitioning LS,Not LSOG,,2
509642247126144,2019-2023,46.26172,-68.58875,Not LSOG,Not LSOG,,1
509642248126144,2019-2023,46.1944,-68.65395,Not LSOG,Not LSOG,,1
509642249126144,2019-2023,46.10399,-68.52436,Not LSOG,Not LSOG,,1
509642250126144,2019-2023,46.02847,-68.58569,Not LSOG,Not LSOG,,1
509642251126144,2019-2023,46.13315,-68.73202,Not LSOG,Not LSOG,,1
509642252126144,2019-2023,45.969,-68.66199,Not LSOG,Not LSOG,,1
509642253126144,2019-2023,45.89075,-68.70738,Not LSOG,Not LSOG,,1
509642254126144,2019-2023,45.98575,-68.83408,Transitioning LS,Not LSOG,,2
509642255126144,2019-2023,46.04882,-68.77131,Not LSOG,Not LSOG,,1
509642256126144,2019-2023,45.81073,-68.7614,Transitioning LS,Transitioning LS,,1
509642257126144,2019-2023,45.90548,-68.88698,Not LSOG,Not LSOG,,
509642258126144,2019-2023,45.7505,-68.8225,Not LSOG,Not LSOG,,3
509642259126144,2019-2023,45.85004,-68.93975,Transitioning LS,Transitioning LS,,1
509642260126144,2019-2023,45.77428,-69.01119,Not LSOG,Not LSOG,,1
509642261126144,2019-2023,45.7565,-68.95179,LS,LS,,3
509642262126144,2019-2023,45.60854,-68.93729,Not LSOG,Not LSOG,,1
509642263126144,2019-2023,45.70015,-69.05067,Not LSOG,Not LSOG,,1
509642264126144,2019-2023,45.54182,-69.01189,Not LSOG,Not LSOG,,1
509642265126144,2019-2023,45.62444,-69.15111,Not LSOG,Not LSOG,,1
509642266126144,2019-2023,45.58707,-69.20221,Not LSOG,Not LSOG,,1
509642267126144,2019-2023,45.47299,-69.07309,Not LSOG,Not LSOG,,1
509642268126144,2019-2023,45.28316,-69.25412,Not LSOG,Not LSOG,,3
509642269126144,2019-2023,45.50276,-69.22726,Not LSOG,Not LSOG,,1
509642270126144,2019-2023,45.34045,-69.17598,Transitioning LS,Transitioning LS,,1
509642271126144,2019-2023,45.51996,-69.30073,Not LSOG,Not LSOG,,1
509642272126144,2019-2023,45.41257,-69.27837,Not LSOG,Not LSOG,,1
509642273126144,2019-2023,45.37153,-69.35662,Not LSOG,Not LSOG,,1
509642274126144,2019-2023,45.25597,-69.2544,Not LSOG,Not LSOG,,
509642275126144,2019-2023,45.17945,-69.29082,Not LSOG,Not LSOG,,
509642276126144,2019-2023,45.27763,-69.41725,LS,Transitioning LS,,2
509642277126144,2019-2023,45.11954,-69.3846,Transitioning LS,Not LSOG,,
509642278126144,2019-2023,45.23498,-69.49242,Not LSOG,Not LSOG,,3
509642279126144,2019-2023,45.14241,-69.49943,Not LSOG,Not LSOG,,
509642280126144,2019-2023,45.05531,-69.41798,Not LSOG,Not LSOG,,
509642282126144,2019-2023,45.07827,-69.62557,Not LSOG,Not LSOG,,
509642283126144,2019-2023,44.90344,-69.51262,Transitioning LS,Not LSOG,,
509642284126144,2019-2023,45.00711,-69.64585,Not LSOG,Not LSOG,,
509642286126144,2019-2023,45.02929,-69.42343,Not LSOG,Not LSOG,,
509642287126144,2019-2023,44.77651,-69.67994,Not LSOG,Not LSOG,,
509642288126144,2019-2023,44.86515,-69.77111,Transitioning LS,Transitioning LS,,
509642289126144,2019-2023,44.70345,-69.69609,Not LSOG,Not LSOG,,
509642290126144,2019-2023,44.81241,-69.83823,Transitioning LS,Not LSOG,,
509642294126144,2019-2023,44.65454,-69.94899,Not LSOG,Not LSOG,,
509642295126144,2019-2023,44.44814,-69.97718,Not LSOG,Not LSOG,,
509642296126144,2019-2023,44.58862,-70.00058,Not LSOG,Not LSOG,,
509642297126144,2019-2023,44.51859,-70.0525,Not LSOG,Not LSOG,,
509642299126144,2019-2023,44.35539,-69.99907,LS,Transitioning LS,,
509642300126144,2019-2023,44.43576,-70.1141,Not LSOG,Not LSOG,,
509642301126144,2019-2023,44.28997,-70.01021,Transitioning LS,Transitioning LS,,
509642302126144,2019-2023,44.39405,-70.18732,Not LSOG,Not LSOG,,
509642303126144,2019-2023,44.29082,-70.22152,Transitioning LS,Not LSOG,,
509642304126144,2019-2023,44.21095,-70.11499,Not LSOG,Not LSOG,,
509642306126144,2019-2023,44.22578,-70.28043,Not LSOG,Not LSOG,,
509642307126144,2019-2023,44.04445,-70.15552,Not LSOG,Not LSOG,,
509642308126144,2019-2023,44.18396,-70.27684,Not LSOG,Not LSOG,,
509642309126144,2019-2023,44.16024,-70.34481,Not LSOG,Not LSOG,,
509642310126144,2019-2023,44.09586,-70.42465,Not LSOG,Not LSOG,,
509642311126144,2019-2023,43.84462,-70.32301,Transitioning LS,Transitioning LS,,
509642312126144,2019-2023,43.86452,-70.35046,Not LSOG,Not LSOG,,
509642313126144,2019-2023,44.03289,-70.44644,Not LSOG,Not LSOG,,
509642314126144,2019-2023,43.93677,-70.30433,Not LSOG,Not LSOG,,
509642317126144,2019-2023,43.79887,-70.44832,Not LSOG,Not LSOG,,
509642318126144,2019-2023,43.72919,-70.52751,Not LSOG,Not LSOG,,
509642319126144,2019-2023,43.80892,-70.61034,Not LSOG,Not LSOG,,
509642320126144,2019-2023,43.64735,-70.55777,Not LSOG,Not LSOG,,
509642321126144,2019-2023,43.65028,-70.72471,Not LSOG,Not LSOG,,
509642322126144,2019-2023,43.72927,-70.70019,Not LSOG,Not LSOG,,
509642323126144,2019-2023,43.59024,-70.58731,Transitioning LS,Transitioning LS,,
509642324126144,2019-2023,43.50531,-70.66323,Not LSOG,Not LSOG,,
509642325126144,2019-2023,43.71061,-70.81737,Not LSOG,Not LSOG,,
509642326126144,2019-2023,43.43493,-70.7151,Transitioning LS,Not LSOG,,
509642327126144,2019-2023,43.54579,-70.84187,Not LSOG,Not LSOG,,
509642328126144,2019-2023,43.52978,-70.91152,Not LSOG,Not LSOG,,
509642329126144,2019-2023,43.3649,-70.75878,Not LSOG,Not LSOG,,
509642330126144,2019-2023,43.28716,-70.81988,Not LSOG,Not LSOG,,
509642331126144,2019-2023,43.37922,-70.93282,Not LSOG,Not LSOG,,
509642332126144,2019-2023,47.12343,-68.01779,Not LSOG,Not LSOG,,2
509642333126144,2019-2023,47.04074,-68.08214,Not LSOG,Not LSOG,,
509642334126144,2019-2023,47.07187,-68.25152,Not LSOG,Not LSOG,,1
509642335126144,2019-2023,46.9889,-68.13383,Transitioning LS,Transitioning LS,,
509642336126144,2019-2023,46.91348,-68.21075,Transitioning LS,Not LSOG,,
509642337126144,2019-2023,46.8508,-68.2732,Transitioning LS,Transitioning LS,,
509642338126144,2019-2023,46.87133,-68.44309,Not LSOG,Not LSOG,,1
509642339126144,2019-2023,46.70056,-68.39982,LS,LS,,
509642340126144,2019-2023,46.63089,-68.4574,Not LSOG,Not LSOG,,1
509642341126144,2019-2023,46.65395,-68.64062,Not LSOG,Not LSOG,2,2
509642342126144,2019-2023,46.57114,-68.52345,Transitioning LS,Transitioning LS,,1
509642343126144,2019-2023,46.49154,-68.57405,Transitioning LS,Transitioning LS,1,1
509642344126144,2019-2023,46.432,-68.63638,Transitioning LS,Transitioning LS,1,1
509642345126144,2019-2023,46.38415,-68.93598,Not LSOG,Not LSOG,,2
509642347126144,2019-2023,46.33356,-68.83147,Not LSOG,Not LSOG,,1
509642348126144,2019-2023,46.24273,-69.00174,Not LSOG,Not LSOG,,1
509642349126144,2019-2023,46.14397,-68.89571,Transitioning LS,Transitioning LS,,4
509642350126144,2019-2023,46.07537,-68.95256,Not LSOG,Not LSOG,,1
509642351126144,2019-2023,46.01533,-69.00075,Not LSOG,Not LSOG,,1
509642352126144,2019-2023,46.03798,-69.19352,Not LSOG,Not LSOG,,1
509642353126144,2019-2023,45.87333,-69.11964,Transitioning LS,Not LSOG,,1
509642354126144,2019-2023,45.80121,-69.18783,LS,Transitioning LS,,2
509642355126144,2019-2023,45.834844,-69.367412,Not LSOG,Not LSOG,,1
509642356126144,2019-2023,45.72653,-69.24309,Not LSOG,Not LSOG,,1
509642357126144,2019-2023,45.6559,-69.31083,Transitioning LS,Transitioning LS,,1
509642358126144,2019-2023,45.53569,-69.38613,Not LSOG,Not LSOG,,1
509642359126144,2019-2023,45.608795,-69.538179,Not LSOG,Not LSOG,,2
509642360126144,2019-2023,45.39674,-69.49171,Transitioning LS,Transitioning LS,,1
509642361126144,2019-2023,45.37795,-69.5415,Not LSOG,Not LSOG,,2
509642362126144,2019-2023,45.4145,-69.71715,Not LSOG,Not LSOG,,1
509642363126144,2019-2023,45.32253,-69.58801,Transitioning LS,Transitioning LS,,4
509642364126144,2019-2023,45.24978,-69.60052,Not LSOG,Not LSOG,,1
509642365126144,2019-2023,45.16008,-69.7295,Not LSOG,Not LSOG,,1
509642366126144,2019-2023,45.19177,-69.88966,Not LSOG,Not LSOG,,1
509642369126144,2019-2023,44.99126,-70.08135,Not LSOG,Not LSOG,,1
509642371126144,2019-2023,44.82142,-70.00662,Not LSOG,Not LSOG,,
509642373126144,2019-2023,44.76643,-70.19418,Not LSOG,Not LSOG,,
509642374126144,2019-2023,44.60316,-70.17245,Not LSOG,Not LSOG,,
509642375126144,2019-2023,44.55177,-70.23636,Not LSOG,Not LSOG,,
509642376126144,2019-2023,44.57668,-70.41198,Not LSOG,Not LSOG,,
509642377126144,2019-2023,44.45568,-70.27107,Transitioning LS,Not LSOG,,
509642378126144,2019-2023,44.39559,-70.36826,Transitioning LS,Not LSOG,,
509642379126144,2019-2023,44.34538,-70.40581,Not LSOG,Not LSOG,,
509642381126144,2019-2023,44.18285,-70.50684,Not LSOG,Not LSOG,,
509642382126144,2019-2023,44.09506,-70.57712,Not LSOG,Not LSOG,,
509642383126144,2019-2023,44.15608,-70.70581,Transitioning LS,Transitioning LS,,
509642384126144,2019-2023,44.03985,-70.6403,LS,Transitioning LS,,
509642385126144,2019-2023,43.95661,-70.66054,Not LSOG,Not LSOG,,
509642386126144,2019-2023,43.90212,-70.74017,Not LSOG,Not LSOG,,
509642387126144,2019-2023,43.91643,-70.91001,Not LSOG,Not LSOG,,
509642388126144,2019-2023,43.75499,-70.82077,LS,LS,,
509642390126144,2019-2023,43.60995,-70.93634,LS,LS,,
509642391126144,2019-2023,47.30131,-68.25556,Not LSOG,Not LSOG,,
509642392126144,2019-2023,47.20893,-68.13661,Not LSOG,Not LSOG,,
509642393126144,2019-2023,46.93604,-68.158,Not LSOG,Not LSOG,,
509642396126144,2019-2023,47.07815,-68.43281,Not LSOG,Not LSOG,,1
509642397126144,2019-2023,47.00281,-68.32146,Not LSOG,Not LSOG,,1
509642398126144,2019-2023,46.93648,-68.38852,Not LSOG,Not LSOG,,1
509642399126144,2019-2023,47.03375,-68.4753,Transitioning LS,Not LSOG,,1
509642400126144,2019-2023,47.13247,-68.62846,Transitioning LS,Not LSOG,,
509642401126144,2019-2023,46.98475,-68.56301,Not LSOG,Not LSOG,,1
509642402126144,2019-2023,46.89571,-68.64395,Not LSOG,Not LSOG,,2
509642404126144,2019-2023,46.67247,-68.58681,Not LSOG,Not LSOG,,1
509642405126144,2019-2023,46.81758,-68.70829,Not LSOG,Not LSOG,1,1
509642406126144,2019-2023,46.91839,-68.81493,Not LSOG,Not LSOG,,1
509642407126144,2019-2023,46.7762,-68.7377,Not LSOG,Not LSOG,,1
509642408126144,2019-2023,46.78433,-68.83443,Not LSOG,Not LSOG,,4
509642409126144,2019-2023,46.67914,-68.70853,Transitioning LS,Not LSOG,,1
509642410126144,2019-2023,46.5179,-68.77071,Not LSOG,Not LSOG,,1
509642411126144,2019-2023,46.59575,-68.87192,Not LSOG,Not LSOG,1,1
509642412126144,2019-2023,46.70687,-69.00405,Not LSOG,Not LSOG,,1
509642413126144,2019-2023,46.53893,-68.95357,Not LSOG,Not LSOG,1,1
509642414126144,2019-2023,46.46835,-69.00275,Transitioning LS,Not LSOG,,1
509642415126144,2019-2023,46.3844,-68.88022,Not LSOG,Not LSOG,,1
509642416126144,2019-2023,46.4982,-68.93607,Not LSOG,Not LSOG,1,1
509642417126144,2019-2023,46.40589,-69.05846,Not LSOG,Not LSOG,,1
509642418126144,2019-2023,46.44025,-69.24455,Not LSOG,Not LSOG,,1
509642419126144,2019-2023,46.3331,-69.12721,Not LSOG,Not LSOG,1,1
509642420126144,2019-2023,46.26266,-69.19094,Not LSOG,Not LSOG,,1
509642421126144,2019-2023,46.16035,-69.0679,LS,LS,,2
509642422126144,2019-2023,46.10584,-69.11782,Not LSOG,Not LSOG,,1
509642423126144,2019-2023,46.16743,-69.43229,Not LSOG,Not LSOG,,1
509642424126144,2019-2023,46.2895,-69.24199,Not LSOG,Not LSOG,,2
509642425126144,2019-2023,46.31191,-69.36544,Transitioning LS,Transitioning LS,,2
509642426126144,2019-2023,46.11802,-69.30708,Not LSOG,Not LSOG,,1
509642427126144,2019-2023,46.05301,-69.3699,Transitioning LS,Not LSOG,,2
509642428126144,2019-2023,45.95068,-69.24463,Not LSOG,Not LSOG,,1
509642430126144,2019-2023,45.99335,-69.46348,Not LSOG,Not LSOG,,1
509642431126144,2019-2023,46.07783,-69.55849,Not LSOG,Not LSOG,,1
509642432126144,2019-2023,45.92666,-69.46837,Not LSOG,Not LSOG,,1
509642433126144,2019-2023,45.84281,-69.54525,Not LSOG,Not LSOG,,1
509642434126144,2019-2023,45.74918,-69.39915,Not LSOG,Not LSOG,,1
509642435126144,2019-2023,45.70227,-69.4735,Not LSOG,Not LSOG,,1
509642436126144,2019-2023,45.77118,-69.59881,Transitioning LS,Transitioning LS,,3
509642437126144,2019-2023,45.86939,-69.72761,Not LSOG,Not LSOG,,1
509642438126144,2019-2023,45.70618,-69.67177,Not LSOG,Not LSOG,,1
509642439126144,2019-2023,45.64326,-69.75657,Not LSOG,Not LSOG,,1
509642440126144,2019-2023,45.542099,-69.598127,Not LSOG,Not LSOG,,1
509642441126144,2019-2023,45.49564,-69.66084,Transitioning LS,Transitioning LS,,1
509642442126144,2019-2023,45.56468,-69.77216,Not LSOG,Not LSOG,,1
509642443126144,2019-2023,45.65625,-69.89377,Not LSOG,Not LSOG,,1
509642444126144,2019-2023,45.489507,-69.835638,Not LSOG,Not LSOG,,2
509642445126144,2019-2023,45.41774,-69.89531,Not LSOG,Not LSOG,,1
509642446126144,2019-2023,45.34155,-69.73649,Not LSOG,Not LSOG,,1
509642447126144,2019-2023,45.27172,-69.84795,Not LSOG,Not LSOG,,2
509642448126144,2019-2023,45.35295,-69.94923,Not LSOG,Not LSOG,,2
509642449126144,2019-2023,45.44847,-70.07944,Not LSOG,Not LSOG,,1
509642451126144,2019-2023,45.20769,-70.06942,Not LSOG,Not LSOG,,2
509642452126144,2019-2023,45.12563,-69.9471,Not LSOG,Not LSOG,,3
509642453126144,2019-2023,45.05375,-70.01802,Not LSOG,Not LSOG,,1
509642454126144,2019-2023,45.13094,-70.12514,Not LSOG,Not LSOG,,2
509642455126144,2019-2023,45.22663,-70.2544,Not LSOG,Not LSOG,,1
509642456126144,2019-2023,45.08327,-70.1799,Not LSOG,Not LSOG,,2
509642457126144,2019-2023,44.94159,-70.34794,Not LSOG,Not LSOG,,1
509642458126144,2019-2023,44.9116,-70.12261,Not LSOG,Not LSOG,,
509642459126144,2019-2023,44.68945,-70.24505,Not LSOG,Not LSOG,,
509642460126144,2019-2023,44.73544,-70.52928,Transitioning LS,Transitioning LS,,1
509642461126144,2019-2023,45.02173,-70.29526,LS,Transitioning LS,,1
509642462126144,2019-2023,45.11822,-70.45211,Not LSOG,Not LSOG,,1
509642463126144,2019-2023,44.85752,-70.3763,Not LSOG,Not LSOG,,
509642464126144,2019-2023,44.80971,-70.41845,Not LSOG,Not LSOG,,
509642465126144,2019-2023,44.64276,-70.29702,Not LSOG,Not LSOG,,
509642466126144,2019-2023,44.95182,-70.24935,Not LSOG,Not LSOG,,1
509642467126144,2019-2023,44.72886,-70.4873,Not LSOG,Not LSOG,,
509642468126144,2019-2023,44.8059,-70.59916,Not LSOG,Not LSOG,,1
509642469126144,2019-2023,44.64429,-70.5331,Not LSOG,Not LSOG,,
509642470126144,2019-2023,44.5782,-70.58568,Not LSOG,Not LSOG,,
509642471126144,2019-2023,44.47701,-70.46535,Transitioning LS,Not LSOG,,
509642472126144,2019-2023,44.41243,-70.52797,Not LSOG,Not LSOG,,
509642474126144,2019-2023,44.58306,-70.75826,Not LSOG,Not LSOG,,
509642475126144,2019-2023,44.43861,-70.70176,Not LSOG,Not LSOG,,
509642476126144,2019-2023,44.36171,-70.74604,Not LSOG,Not LSOG,,
509642478126144,2019-2023,44.19921,-70.68856,Transitioning LS,Transitioning LS,,
509642479126144,2019-2023,44.28933,-70.80872,Not LSOG,Not LSOG,,2
509642480126144,2019-2023,44.38255,-70.92356,Transitioning LS,Transitioning LS,,
509642481126144,2019-2023,44.23523,-70.85192,Not LSOG,Not LSOG,,
509642482126144,2019-2023,44.14712,-70.91165,Not LSOG,Not LSOG,,
509642483126144,2019-2023,44.06689,-70.82662,Transitioning LS,Transitioning LS,,
509642484126144,2019-2023,43.98435,-70.8458,Not LSOG,Not LSOG,,
509642486126144,2019-2023,43.85099,-70.96729,Transitioning LS,Transitioning LS,,
509642487126144,2019-2023,47.26549,-68.49581,Transitioning LS,Not LSOG,,
509642488126144,2019-2023,47.21127,-68.568,Not LSOG,Not LSOG,,
509642489126144,2019-2023,47.21953,-68.76635,Not LSOG,Not LSOG,,1
509642490126144,2019-2023,47.15255,-68.8232,Not LSOG,Not LSOG,,3
509642491126144,2019-2023,47.00999,-68.70677,Not LSOG,Not LSOG,,1
509642492126144,2019-2023,46.98747,-68.72669,Not LSOG,Not LSOG,,1
509642493126144,2019-2023,47.07376,-68.87533,Not LSOG,Not LSOG,,1
509642494126144,2019-2023,47.00511,-68.94493,Not LSOG,Not LSOG,,2
509642495126144,2019-2023,47.10065,-69.06653,Not LSOG,Not LSOG,,2
509642496126144,2019-2023,46.98121,-68.88214,LS,LS,,1
509642497126144,2019-2023,46.94179,-68.97392,Not LSOG,Not LSOG,,1
509642498126144,2019-2023,46.81361,-68.8635,Not LSOG,Not LSOG,,1
509642499126144,2019-2023,46.77695,-68.95245,Not LSOG,Not LSOG,,2
509642500126144,2019-2023,46.87566,-69.0637,Not LSOG,Not LSOG,,1
509642501126144,2019-2023,46.80731,-69.14262,Not LSOG,Not LSOG,,1
509642502126144,2019-2023,46.98189,-69.24086,LS,LS,,3
509642503126144,2019-2023,46.73308,-69.1809,Not LSOG,Not LSOG,,1
509642504126144,2019-2023,46.64052,-69.06755,Not LSOG,Not LSOG,,1
509642505126144,2019-2023,46.40829,-69.15936,Not LSOG,Not LSOG,1,1
509642506126144,2019-2023,46.65206,-69.23662,Transitioning LS,Transitioning LS,,1
509642507126144,2019-2023,46.62009,-69.25164,Not LSOG,Not LSOG,,1
509642508126144,2019-2023,46.60689,-69.48944,Not LSOG,Not LSOG,,1
509642509126144,2019-2023,46.52264,-69.36951,Not LSOG,Not LSOG,,1
509642510126144,2019-2023,46.56787,-69.23178,Not LSOG,Not LSOG,,1
509642511126144,2019-2023,46.50243,-69.17875,Not LSOG,Not LSOG,,1
509642512126144,2019-2023,46.35016,-69.30619,Not LSOG,Not LSOG,1,1
509642513126144,2019-2023,46.44496,-69.42312,Not LSOG,Not LSOG,1,1
509642514126144,2019-2023,46.38465,-69.49819,Not LSOG,Not LSOG,1,1
509642515126144,2019-2023,46.46888,-69.60767,Transitioning LS,Not LSOG,,2
509642516126144,2019-2023,46.14499,-69.60428,LS,Transitioning LS,,1
509642517126144,2019-2023,46.21406,-69.42924,Transitioning LS,Not LSOG,1,1
509642519126144,2019-2023,46.24338,-69.59812,Not LSOG,Not LSOG,1,1
509642520126144,2019-2023,46.16438,-69.67264,Not LSOG,Not LSOG,1,1
509642521126144,2019-2023,46.26143,-69.78756,Not LSOG,Not LSOG,,1
509642522126144,2019-2023,46.3148,-69.54612,Not LSOG,Not LSOG,1,1
509642523126144,2019-2023,46.09442,-69.7283,Not LSOG,Not LSOG,1,1
509642524126144,2019-2023,46.01182,-69.61386,Not LSOG,Not LSOG,,1
509642525126144,2019-2023,45.92388,-69.64079,Not LSOG,Not LSOG,,2
509642526126144,2019-2023,46.02128,-69.79833,Not LSOG,Not LSOG,,1
509642527126144,2019-2023,45.963,-69.85366,Not LSOG,Not LSOG,,2
509642528126144,2019-2023,46.0535,-69.95988,Not LSOG,Not LSOG,,1
509642529126144,2019-2023,45.8953,-69.88728,Not LSOG,Not LSOG,,
509642530126144,2019-2023,45.82641,-69.72528,Not LSOG,Not LSOG,,1
509642531126144,2019-2023,45.71254,-69.84744,Not LSOG,Not LSOG,,1
509642532126144,2019-2023,45.82038,-69.99844,Not LSOG,Not LSOG,,1
509642533126144,2019-2023,45.74391,-70.02394,Not LSOG,Not LSOG,,1
509642534126144,2019-2023,45.839,-70.1523,Not LSOG,Not LSOG,,1
509642535126144,2019-2023,45.71618,-69.96426,Not LSOG,Not LSOG,,1
509642536126144,2019-2023,45.67807,-70.08242,Not LSOG,Not LSOG,,1
509642537126144,2019-2023,45.58115,-69.96186,Not LSOG,Not LSOG,,1
509642538126144,2019-2023,45.52005,-70.03688,Not LSOG,Not LSOG,,1
509642539126144,2019-2023,45.61954,-70.13451,Not LSOG,Not LSOG,,1
509642540126144,2019-2023,45.55245,-70.20073,Not LSOG,Not LSOG,,1
509642541126144,2019-2023,45.73978,-70.38813,Not LSOG,Not LSOG,,
509642542126144,2019-2023,45.47383,-70.28064,Not LSOG,Not LSOG,,1
509642543126144,2019-2023,45.37149,-70.13441,Not LSOG,Not LSOG,,1
509642544126144,2019-2023,45.30436,-70.1845,Transitioning LS,Transitioning LS,,1
509642545126144,2019-2023,45.40718,-70.32434,Transitioning LS,Transitioning LS,,2
509642546126144,2019-2023,45.25196,-70.43739,Not LSOG,Not LSOG,,1
509642547126144,2019-2023,45.42945,-70.51838,LS,Transitioning LS,,1
509642548126144,2019-2023,45.30214,-70.31325,Not LSOG,Not LSOG,,1
509642549126144,2019-2023,45.324,-70.36065,Not LSOG,Not LSOG,,1
509642550126144,2019-2023,45.16218,-70.29936,Transitioning LS,Transitioning LS,,2
509642551126144,2019-2023,45.08834,-70.37138,Not LSOG,Not LSOG,,1
509642553126144,2019-2023,45.10416,-70.52619,Not LSOG,Not LSOG,,1
509642554126144,2019-2023,45.21035,-70.66663,Not LSOG,Not LSOG,,
509642555126144,2019-2023,44.85558,-70.66316,Not LSOG,Not LSOG,,1
509642557126144,2019-2023,44.88171,-70.54855,Not LSOG,Not LSOG,,1
509642559126144,2019-2023,44.90474,-70.73456,Not LSOG,Not LSOG,,2
509642561126144,2019-2023,44.873132,-70.647853,Not LSOG,Not LSOG,,1
509642562126144,2019-2023,44.91214,-70.67039,Not LSOG,Not LSOG,,1
509642563126144,2019-2023,44.65729,-70.77369,Transitioning LS,Not LSOG,,
509642564126144,2019-2023,44.66366,-70.70668,LS,LS,,
509642565126144,2019-2023,44.6806,-70.88241,Transitioning LS,Transitioning LS,,1
509642566126144,2019-2023,44.76234,-70.81347,Not LSOG,Not LSOG,1,1
509642567126144,2019-2023,44.7584,-70.94845,Not LSOG,Not LSOG,1,1
509642568126144,2019-2023,44.61627,-70.93195,Transitioning LS,Not LSOG,,2
509642569126144,2019-2023,44.52978,-70.81161,Not LSOG,Not LSOG,,
509642570126144,2019-2023,44.73726,-71.0085,Transitioning LS,Transitioning LS,,1
509642571126144,2019-2023,44.52411,-70.98813,Transitioning LS,Transitioning LS,,
509642572126144,2019-2023,44.45127,-70.99455,Not LSOG,Not LSOG,,1
509642573126144,2019-2023,44.30993,-70.98529,Transitioning LS,Transitioning LS,,3
509642574126144,2019-2023,47.17396,-69.04018,Not LSOG,Not LSOG,,2
509642576126144,2019-2023,47.27486,-69.12861,Not LSOG,Not LSOG,,1
509642577126144,2019-2023,47.1897,-69.19628,Not LSOG,Not LSOG,,2
509642578126144,2019-2023,46.94999,-69.18779,Not LSOG,Not LSOG,,2
509642579126144,2019-2023,47.02332,-69.13902,Transitioning LS,Transitioning LS,,2
509642580126144,2019-2023,47.12838,-69.23685,Not LSOG,Not LSOG,,1
509642581126144,2019-2023,47.03883,-69.23779,Transitioning LS,Not LSOG,,1
509642582126144,2019-2023,47.00762,-69.36499,Not LSOG,Not LSOG,2,2
509642583126144,2019-2023,46.82682,-69.31542,Transitioning LS,Transitioning LS,,2
509642584126144,2019-2023,46.74131,-69.3956,LS,LS,,1
509642585126144,2019-2023,46.85419,-69.49032,Not LSOG,Not LSOG,,2
509642586126144,2019-2023,46.77383,-69.55889,Not LSOG,Not LSOG,,3
509642587126144,2019-2023,46.69875,-69.44342,Not LSOG,Not LSOG,,1
509642588126144,2019-2023,46.5475,-69.54962,Not LSOG,Not LSOG,,1
509642589126144,2019-2023,46.70417,-69.61117,Not LSOG,Not LSOG,1,1
509642590126144,2019-2023,46.64637,-69.66546,Not LSOG,Not LSOG,,1
509642591126144,2019-2023,46.5672,-69.7213,LS,LS,2,2
509642592126144,2019-2023,46.38701,-69.6936,Not LSOG,Not LSOG,,1
509642593126144,2019-2023,46.32155,-69.75412,Transitioning LS,Not LSOG,,2
509642594126144,2019-2023,46.42263,-69.84904,Not LSOG,Not LSOG,,1
509642595126144,2019-2023,46.35269,-69.92032,Not LSOG,Not LSOG,,1
509642596126144,2019-2023,46.20233,-69.84011,Not LSOG,Not LSOG,,1
509642597126144,2019-2023,46.11696,-69.91095,Transitioning LS,Not LSOG,,1
509642598126144,2019-2023,46.24249,-70.09658,Not LSOG,Not LSOG,,2
509642599126144,2019-2023,46.15046,-70.08663,Not LSOG,Not LSOG,,1
509642600126144,2019-2023,45.99779,-69.99222,Not LSOG,Not LSOG,,1
509642601126144,2019-2023,45.9125,-70.09974,Not LSOG,Not LSOG,,1
509642602126144,2019-2023,46.0766,-70.03258,Not LSOG,Not LSOG,,1
509642603126144,2019-2023,46.00728,-70.20356,Not LSOG,Not LSOG,,1
509642604126144,2019-2023,45.77101,-70.2336,Not LSOG,Not LSOG,,1
509642605126144,2019-2023,45.71139,-70.25781,Not LSOG,Not LSOG,,1
509642606126144,2019-2023,45.80178,-70.36866,Transitioning LS,Transitioning LS,,1
509642607126144,2019-2023,45.57392,-70.36778,Not LSOG,Not LSOG,,1
509642608126144,2019-2023,45.46594,-70.42978,Transitioning LS,Not LSOG,,1
509642609126144,2019-2023,45.41208,-70.61329,Not LSOG,Not LSOG,,
509642610126144,2019-2023,45.51165,-70.61921,Transitioning LS,Transitioning LS,,2
509642611126144,2019-2023,45.34188,-70.54911,Not LSOG,Not LSOG,,1
509642612126144,2019-2023,45.26475,-70.59991,Not LSOG,Not LSOG,,
509642613126144,2019-2023,45.38196,-70.73913,Not LSOG,Not LSOG,,1
509642614126144,2019-2023,45.2794,-70.76312,LS,Transitioning LS,,1
509642615126144,2019-2023,45.15779,-70.71784,Not LSOG,Not LSOG,,1
509642616126144,2019-2023,45.06038,-70.7814,Not LSOG,Not LSOG,1,1
509642617126144,2019-2023,45.14929,-70.87762,LS,Transitioning LS,1,1
509642618126144,2019-2023,45.08606,-70.95869,Not LSOG,Not LSOG,,2
509642619126144,2019-2023,44.94339,-70.87161,Not LSOG,Not LSOG,,2
509642620126144,2019-2023,44.86613,-70.96858,Not LSOG,Not LSOG,1,1
509642621126144,2019-2023,47.43062,-69.18252,Not LSOG,Not LSOG,,2
509642622126144,2019-2023,47.39644,-69.23129,Not LSOG,Not LSOG,,1
509642623126144,2019-2023,47.35895,-69.23292,Not LSOG,Not LSOG,,1
509642624126144,2019-2023,47.28723,-69.31072,Transitioning LS,Not LSOG,,1
509642625126144,2019-2023,47.22813,-69.35207,Not LSOG,Not LSOG,,2
509642626126144,2019-2023,47.17293,-69.42864,Not LSOG,Not LSOG,,2
509642627126144,2019-2023,47.08529,-69.48739,Not LSOG,Not LSOG,1,1
509642628126144,2019-2023,47.01647,-69.56853,Not LSOG,Not LSOG,1,1
509642629126144,2019-2023,46.98444,-69.61657,Transitioning LS,Not LSOG,1,1
509642630126144,2019-2023,46.91904,-69.60625,Not LSOG,Not LSOG,,1
509642631126144,2019-2023,46.88847,-69.65114,Not LSOG,Not LSOG,,1
509642632126144,2019-2023,46.79398,-69.7389,Not LSOG,Not LSOG,,1
509642633126144,2019-2023,46.73312,-69.82278,Not LSOG,Not LSOG,,1
509642634126144,2019-2023,46.63551,-69.85749,Not LSOG,Not LSOG,,1
509642635126144,2019-2023,46.58196,-69.91342,Not LSOG,Not LSOG,,1
509642636126144,2019-2023,46.55786,-69.90897,Not LSOG,Not LSOG,,1
509642637126144,2019-2023,46.49862,-69.96287,Not LSOG,Not LSOG,,1
509642638126144,2019-2023,46.44946,-70.03276,Not LSOG,Not LSOG,,1
509642639126144,2019-2023,46.32744,-70.10409,Not LSOG,Not LSOG,,1
509642640126144,2019-2023,46.30474,-70.15374,Not LSOG,Not LSOG,,1
509642641126144,2019-2023,46.24489,-70.20995,Not LSOG,Not LSOG,,1
509642642126144,2019-2023,45.33212,-70.95529,Not LSOG,Not LSOG,,1
509642643126144,2019-2023,45.29734,-70.99558,Not LSOG,Not LSOG,,1
509642644126144,2019-2023,45.25144,-71.02234,Not LSOG,Not LSOG,,1
509642645126144,2019-2023,44.343124,-70.886137,Not LSOG,Not LSOG,,1
509642646126144,2019-2023,44.334465,-70.934067,Transitioning LS,Not LSOG,,1
509642647126144,2019-2023,44.282811,-70.964341,Not LSOG,Not LSOG,,1
606237253126144,2019-2023,44.75108,-67.09148,LS,Transitioning LS,,1
606237254126144,2019-2023,44.99025,-67.06332,Not LSOG,Not LSOG,,
606237255126144,2019-2023,44.81457,-67.01218,Transitioning LS,Not LSOG,,
606237257126144,2019-2023,45.03101,-67.25971,Not LSOG,Not LSOG,,
606237258126144,2019-2023,44.84404,-67.17601,Not LSOG,Not LSOG,,1
606237259126144,2019-2023,44.77695,-67.24746,Not LSOG,Not LSOG,,
606237260126144,2019-2023,44.70966,-67.32711,Not LSOG,Not LSOG,,
606237261126144,2019-2023,44.81661,-67.42427,Not LSOG,Not LSOG,,
606237263126144,2019-2023,44.66992,-67.53598,Not LSOG,Not LSOG,,
606237264126144,2019-2023,45.08628,-67.16894,Transitioning LS,Not LSOG,,
606237266126144,2019-2023,45.20147,-67.47041,Not LSOG,Not LSOG,,
606237267126144,2019-2023,45.08764,-67.28885,LS,Transitioning LS,,3
606237268126144,2019-2023,45.03469,-67.43781,Not LSOG,Not LSOG,,
606237269126144,2019-2023,44.9378,-67.31825,Not LSOG,Not LSOG,,1
606237270126144,2019-2023,44.89425,-67.3617,Not LSOG,Not LSOG,,1
606237271126144,2019-2023,44.95757,-67.45689,LS,Transitioning LS,,
606237272126144,2019-2023,44.90271,-67.53495,Not LSOG,Not LSOG,,1
606237273126144,2019-2023,44.97595,-67.59516,Not LSOG,Not LSOG,,1
606237274126144,2019-2023,44.87733,-67.59722,Not LSOG,Not LSOG,,
606237275126144,2019-2023,44.74144,-67.50243,Transitioning LS,Transitioning LS,,
606237276126144,2019-2023,44.59422,-67.60013,Not LSOG,Not LSOG,,
606237277126144,2019-2023,44.64004,-67.71678,Transitioning LS,Not LSOG,,
606237278126144,2019-2023,44.70192,-67.72064,Not LSOG,Not LSOG,,
606237279126144,2019-2023,44.79063,-67.82123,Not LSOG,Not LSOG,,1
606237281126144,2019-2023,44.63426,-67.78206,Transitioning LS,Transitioning LS,,
606237284126144,2019-2023,44.48842,-67.89922,Not LSOG,Not LSOG,,
606237285126144,2019-2023,44.59003,-68.02241,Not LSOG,Not LSOG,,2
606237287126144,2019-2023,45.3713,-67.52713,Not LSOG,Not LSOG,,1
606237288126144,2019-2023,45.30206,-67.5947,Not LSOG,Not LSOG,,
606237289126144,2019-2023,45.1367,-67.53475,Not LSOG,Not LSOG,,
606237290126144,2019-2023,45.06146,-67.59299,Not LSOG,Not LSOG,,
606237291126144,2019-2023,45.233549,-67.680593,Not LSOG,Not LSOG,,
606237293126144,2019-2023,45.11164,-67.76797,Not LSOG,Not LSOG,,1
606237294126144,2019-2023,44.92661,-67.68635,Not LSOG,Not LSOG,,
606237295126144,2019-2023,44.87458,-67.79359,Not LSOG,Not LSOG,,1
606237296126144,2019-2023,45.1077,-67.92661,Not LSOG,Not LSOG,,1
606237297126144,2019-2023,44.88765,-67.97553,Not LSOG,Not LSOG,,1
606237298126144,2019-2023,44.72209,-67.8981,Not LSOG,Not LSOG,,1
606237299126144,2019-2023,44.6484,-67.94928,Not LSOG,Not LSOG,,
606237301126144,2019-2023,44.75522,-68.07263,Transitioning LS,Transitioning LS,,1
606237302126144,2019-2023,44.67243,-68.13577,Not LSOG,Not LSOG,,1
606237303126144,2019-2023,44.49739,-68.06573,Transitioning LS,Not LSOG,,
606237304126144,2019-2023,44.33788,-68.36566,LS,LS,,
606237305126144,2019-2023,44.53344,-68.25439,Not LSOG,Not LSOG,,
606237306126144,2019-2023,44.47307,-68.30146,Transitioning LS,Transitioning LS,,
606237307126144,2019-2023,44.31384,-68.24276,LS,LS,,
606237308126144,2019-2023,44.23277,-68.31645,Not LSOG,Not LSOG,,
606237311126144,2019-2023,44.05251,-68.65305,Not LSOG,Not LSOG,,
606237312126144,2019-2023,45.5422,-67.58145,Not LSOG,Not LSOG,,1
606237313126144,2019-2023,45.62286,-67.70094,Not LSOG,Not LSOG,,2
606237314126144,2019-2023,45.57463,-67.75595,Not LSOG,Not LSOG,,1
606237315126144,2019-2023,45.5126,-67.64817,Not LSOG,Not LSOG,,2
606237316126144,2019-2023,45.46467,-67.65426,Not LSOG,Not LSOG,,1
606237317126144,2019-2023,45.39769,-67.70963,Not LSOG,Not LSOG,,1
606237319126144,2019-2023,45.36693,-67.86655,Not LSOG,Not LSOG,,1
606237320126144,2019-2023,45.4085,-67.8984,Not LSOG,Not LSOG,,1
606237321126144,2019-2023,45.34848,-67.93686,Not LSOG,Not LSOG,,1
606237322126144,2019-2023,45.25432,-67.82581,Transitioning LS,Not LSOG,,1
606237323126144,2019-2023,45.19106,-67.881,Not LSOG,Not LSOG,,1
606237325126144,2019-2023,44.96406,-67.89265,Not LSOG,Not LSOG,,1
606237326126144,2019-2023,45.19825,-68.08475,Not LSOG,Not LSOG,,
606237327126144,2019-2023,45.13729,-68.12206,Not LSOG,Not LSOG,,2
606237328126144,2019-2023,45.09627,-68.00227,Not LSOG,Not LSOG,,3
606237329126144,2019-2023,45.0503,-68.00425,Transitioning LS,Not LSOG,,3
606237330126144,2019-2023,44.97263,-68.06596,Not LSOG,Not LSOG,,1
606237331126144,2019-2023,45.07582,-68.18345,Not LSOG,Not LSOG,,1
606237332126144,2019-2023,44.85355,-68.18763,Not LSOG,Not LSOG,,2
606237333126144,2019-2023,44.99897,-68.24815,Not LSOG,Not LSOG,,1
606237334126144,2019-2023,44.95112,-68.27733,Transitioning LS,Not LSOG,,2
606237335126144,2019-2023,44.91783,-68.12008,Not LSOG,Not LSOG,,1
606237336126144,2019-2023,44.78709,-68.27666,Not LSOG,Not LSOG,,2
606237337126144,2019-2023,44.88963,-68.34915,Not LSOG,Not LSOG,,
606237338126144,2019-2023,44.70615,-68.29887,Not LSOG,Not LSOG,,
606237339126144,2019-2023,44.79647,-68.41937,LS,Transitioning LS,,
606237340126144,2019-2023,44.73033,-68.47001,Not LSOG,Not LSOG,,
606237341126144,2019-2023,44.67178,-68.36026,Not LSOG,Not LSOG,,
606237342126144,2019-2023,44.63132,-68.33485,Not LSOG,Not LSOG,,1
606237343126144,2019-2023,44.5636,-68.42448,Transitioning LS,Transitioning LS,,
606237345126144,2019-2023,44.38638,-68.77107,Not LSOG,Not LSOG,,
606237347126144,2019-2023,44.5186,-68.64644,Transitioning LS,Not LSOG,,
606237348126144,2019-2023,44.42647,-68.56209,LS,Transitioning LS,,
606237349126144,2019-2023,44.35167,-68.59968,Transitioning LS,Not LSOG,,
606237350126144,2019-2023,44.43527,-68.66147,Not LSOG,Not LSOG,,
606237353126144,2019-2023,44.22442,-68.69366,Transitioning LS,Not LSOG,,
606237354126144,2019-2023,44.08043,-68.82491,Not LSOG,Not LSOG,,
606237355126144,2019-2023,45.88243,-67.99577,Not LSOG,Not LSOG,,1
606237356126144,2019-2023,45.65081,-67.88312,Not LSOG,Not LSOG,,
606237357126144,2019-2023,45.55615,-67.85714,Not LSOG,Not LSOG,,1
606237358126144,2019-2023,45.60064,-68.13275,Transitioning LS,Not LSOG,,1
606237359126144,2019-2023,45.44996,-68.05625,Not LSOG,Not LSOG,,1
606237360126144,2019-2023,45.37311,-68.12139,Not LSOG,Not LSOG,,1
606237361126144,2019-2023,45.4375,-68.29281,Not LSOG,Not LSOG,,
606237362126144,2019-2023,45.24056,-68.23477,Not LSOG,Not LSOG,,1
606237363126144,2019-2023,45.3375,-68.12356,Transitioning LS,Not LSOG,,1
606237364126144,2019-2023,45.18975,-68.48159,Not LSOG,Not LSOG,,
606237365126144,2019-2023,45.01208,-68.42725,Not LSOG,Not LSOG,,1
606237366126144,2019-2023,44.93999,-68.47616,Not LSOG,Not LSOG,,1
606237367126144,2019-2023,45.03093,-68.65941,Not LSOG,Not LSOG,,
606237368126144,2019-2023,44.82447,-68.59932,Not LSOG,Not LSOG,,
606237371126144,2019-2023,44.77232,-68.84506,Not LSOG,Not LSOG,,
606237372126144,2019-2023,44.60918,-68.78236,Transitioning LS,Transitioning LS,,
606237373126144,2019-2023,44.54139,-68.80749,Transitioning LS,Transitioning LS,,
606237376126144,2019-2023,44.35503,-69.16473,Not LSOG,Not LSOG,,
606237377126144,2019-2023,44.12189,-69.28764,LS,Transitioning LS,,
606237378126144,2019-2023,44.17277,-69.17372,Not LSOG,Not LSOG,,
606237379126144,2019-2023,44.14014,-69.35554,Not LSOG,Not LSOG,,
606237380126144,2019-2023,43.971,-69.30389,Not LSOG,Not LSOG,,
606237381126144,2019-2023,44.00512,-69.58592,Not LSOG,Not LSOG,,
606237382126144,2019-2023,46.18789,-67.81133,Not LSOG,Not LSOG,,
606237383126144,2019-2023,46.26662,-67.93396,Transitioning LS,Not LSOG,,1
606237384126144,2019-2023,46.11585,-67.87589,Not LSOG,Not LSOG,,
606237385126144,2019-2023,46.04712,-67.91838,Not LSOG,Not LSOG,,
606237386126144,2019-2023,45.94891,-67.81113,Not LSOG,Not LSOG,,
606237387126144,2019-2023,45.89297,-67.87575,Not LSOG,Not LSOG,,
606237388126144,2019-2023,45.97559,-67.97933,Not LSOG,Not LSOG,,1
606237389126144,2019-2023,46.09703,-68.11337,Not LSOG,Not LSOG,,
606237390126144,2019-2023,45.9265,-67.99792,Not LSOG,Not LSOG,,1
606237391126144,2019-2023,45.90468,-68.07095,Not LSOG,Not LSOG,,1
606237392126144,2019-2023,45.83179,-68.09863,Not LSOG,Not LSOG,,1
606237393126144,2019-2023,45.73827,-67.98425,Not LSOG,Not LSOG,,1
606237394126144,2019-2023,45.76459,-68.19303,Transitioning LS,Transitioning LS,,1
606237395126144,2019-2023,45.6769,-68.04535,Not LSOG,Not LSOG,,1
606237396126144,2019-2023,45.865,-68.28712,LS,Transitioning LS,,2
606237397126144,2019-2023,45.71847,-68.21529,Transitioning LS,Not LSOG,,1
606237398126144,2019-2023,45.63567,-68.29952,Not LSOG,Not LSOG,,1
606237399126144,2019-2023,45.54282,-68.17694,Not LSOG,Not LSOG,,1
606237400126144,2019-2023,45.46874,-68.23752,Not LSOG,Not LSOG,,1
606237401126144,2019-2023,45.56144,-68.34312,Transitioning LS,Not LSOG,,
606237402126144,2019-2023,45.67554,-68.46871,Not LSOG,Not LSOG,,1
606237403126144,2019-2023,45.51379,-68.35824,Not LSOG,Not LSOG,,
606237404126144,2019-2023,45.49741,-68.42309,Transitioning LS,Transitioning LS,,
606237405126144,2019-2023,45.42558,-68.49297,Not LSOG,Not LSOG,,
606237406126144,2019-2023,45.32794,-68.35854,Transitioning LS,Transitioning LS,,
606237407126144,2019-2023,45.25995,-68.41762,Not LSOG,Not LSOG,,
606237408126144,2019-2023,45.34899,-68.53106,Not LSOG,Not LSOG,,
606237409126144,2019-2023,45.43654,-68.65379,Not LSOG,Not LSOG,,
606237410126144,2019-2023,45.28132,-68.62187,Not LSOG,Not LSOG,,
606237411126144,2019-2023,45.21192,-68.65362,Not LSOG,Not LSOG,,
606237412126144,2019-2023,45.1271,-68.53389,Not LSOG,Not LSOG,,1
606237413126144,2019-2023,45.05211,-68.61022,Transitioning LS,Not LSOG,,
606237414126144,2019-2023,45.16997,-68.72078,Not LSOG,Not LSOG,,
606237415126144,2019-2023,45.23916,-68.80495,Not LSOG,Not LSOG,,
606237416126144,2019-2023,45.10166,-68.72112,Transitioning LS,Transitioning LS,,
606237417126144,2019-2023,45.093,-68.77171,Not LSOG,Not LSOG,,
606237418126144,2019-2023,45.01758,-68.81479,Transitioning LS,Transitioning LS,,
606237419126144,2019-2023,44.93182,-68.71935,Not LSOG,Not LSOG,,
606237420126144,2019-2023,44.84774,-68.77911,Not LSOG,Not LSOG,,
606237421126144,2019-2023,44.96076,-68.77748,Not LSOG,Not LSOG,,
606237422126144,2019-2023,45.03802,-69.01219,Not LSOG,Not LSOG,,
606237423126144,2019-2023,44.86872,-68.94883,Not LSOG,Not LSOG,,
606237424126144,2019-2023,44.83029,-68.83903,Not LSOG,Not LSOG,,
606237425126144,2019-2023,44.70706,-68.87987,Not LSOG,Not LSOG,,
606237426126144,2019-2023,44.63043,-68.94583,Not LSOG,Not LSOG,,
606237427126144,2019-2023,44.72271,-69.06343,Not LSOG,Not LSOG,,
606237429126144,2019-2023,44.68313,-69.0832,Not LSOG,Not LSOG,,
606237430126144,2019-2023,44.70491,-69.15141,Transitioning LS,Transitioning LS,,
606237431126144,2019-2023,44.59864,-69.16441,Not LSOG,Not LSOG,,
606237432126144,2019-2023,44.50047,-69.07206,Not LSOG,Not LSOG,,
606237433126144,2019-2023,44.41631,-69.18842,Not LSOG,Not LSOG,,
606237434126144,2019-2023,44.52209,-69.24376,Not LSOG,Not LSOG,,
606237435126144,2019-2023,44.61764,-69.38702,Transitioning LS,Not LSOG,,
606237436126144,2019-2023,44.45166,-69.29301,Not LSOG,Not LSOG,,
606237437126144,2019-2023,44.3494,-69.4005,Not LSOG,Not LSOG,,
606237438126144,2019-2023,44.29536,-69.22013,Not LSOG,Not LSOG,,
606237440126144,2019-2023,44.31028,-69.41364,Not LSOG,Not LSOG,,
606237441126144,2019-2023,44.40633,-69.52773,Not LSOG,Not LSOG,,
606237443126144,2019-2023,44.24538,-69.4841,Not LSOG,Not LSOG,,
606237444126144,2019-2023,44.18782,-69.528,Not LSOG,Not LSOG,,
606237445126144,2019-2023,44.06939,-69.4333,Not LSOG,Not LSOG,,
606237446126144,2019-2023,44.00116,-69.48395,Not LSOG,Not LSOG,,
606237448126144,2019-2023,44.33366,-69.70729,Not LSOG,Not LSOG,,
606237449126144,2019-2023,43.91202,-69.57787,Transitioning LS,Transitioning LS,,
606237454126144,2019-2023,43.84062,-69.74197,Not LSOG,Not LSOG,,
606237456126144,2019-2023,43.77978,-69.87271,Transitioning LS,Not LSOG,,
606237461126144,2019-2023,46.51995,-67.90513,Not LSOG,Not LSOG,,
606237462126144,2019-2023,46.4301,-67.79668,Not LSOG,Not LSOG,,
606237463126144,2019-2023,46.42511,-68.03427,Not LSOG,Not LSOG,,1
606237464126144,2019-2023,46.44778,-67.96154,Not LSOG,Not LSOG,,1
606237465126144,2019-2023,46.37942,-68.04589,Not LSOG,Not LSOG,,2
606237466126144,2019-2023,46.46491,-68.15795,Not LSOG,Not LSOG,,1
606237467126144,2019-2023,46.31334,-68.09916,Not LSOG,Not LSOG,,1
606237468126144,2019-2023,46.3245,-67.92176,Not LSOG,Not LSOG,,1
606237469126144,2019-2023,46.14214,-68.0557,Not LSOG,Not LSOG,,
606237470126144,2019-2023,46.23486,-68.16879,Not LSOG,Not LSOG,,4
606237471126144,2019-2023,46.16975,-68.23045,Not LSOG,Not LSOG,,
606237472126144,2019-2023,46.22046,-68.2208,Not LSOG,Not LSOG,,1
606237473126144,2019-2023,46.09574,-68.29176,Transitioning LS,Not LSOG,,
606237474126144,2019-2023,46.00657,-68.17811,Not LSOG,Not LSOG,,
606237475126144,2019-2023,45.950198,-68.232116,Not LSOG,Not LSOG,,
606237476126144,2019-2023,46.02603,-68.36098,Not LSOG,Not LSOG,,
606237479126144,2019-2023,45.8731,-68.58612,Not LSOG,Not LSOG,,1
606237480126144,2019-2023,45.7989,-68.34523,Transitioning LS,Not LSOG,,1
606237481126144,2019-2023,45.91528,-68.28411,Not LSOG,Not LSOG,,1
606237482126144,2019-2023,45.83927,-68.53994,Not LSOG,Not LSOG,,1
606237483126144,2019-2023,45.75287,-68.58804,Transitioning LS,Transitioning LS,,1
606237484126144,2019-2023,45.84448,-68.71334,Not LSOG,Not LSOG,,1
606237485126144,2019-2023,45.67829,-68.65639,Not LSOG,Not LSOG,,4
606237486126144,2019-2023,45.58811,-68.53504,Not LSOG,Not LSOG,,
606237487126144,2019-2023,45.40382,-68.65664,Not LSOG,Not LSOG,,
606237488126144,2019-2023,45.66812,-68.73888,Not LSOG,Not LSOG,,1
606237489126144,2019-2023,45.61615,-68.74602,Not LSOG,Not LSOG,,1
606237490126144,2019-2023,45.53084,-68.75972,Not LSOG,Not LSOG,,
606237491126144,2019-2023,45.648424,-68.898649,Not LSOG,Not LSOG,,1
606237492126144,2019-2023,45.47416,-68.83668,LS,LS,,
606237493126144,2019-2023,45.39849,-68.73404,Not LSOG,Not LSOG,,2
606237494126144,2019-2023,45.29131,-68.76294,Not LSOG,Not LSOG,,
606237495126144,2019-2023,45.37713,-68.95013,Not LSOG,Not LSOG,,1
606237496126144,2019-2023,45.35372,-68.97725,Not LSOG,Not LSOG,,1
606237497126144,2019-2023,45.43017,-69.06412,Transitioning LS,Transitioning LS,,1
606237498126144,2019-2023,45.2589,-69.03057,Not LSOG,Not LSOG,,
606237499126144,2019-2023,45.17567,-68.8849,Transitioning LS,Not LSOG,,1
606237500126144,2019-2023,45.09823,-68.95209,Not LSOG,Not LSOG,,
606237501126144,2019-2023,45.19181,-69.06884,Not LSOG,Not LSOG,,1
606237502126144,2019-2023,45.12663,-69.13098,Not LSOG,Not LSOG,,
606237503126144,2019-2023,45.21952,-69.2365,Not LSOG,Not LSOG,,
606237504126144,2019-2023,45.05495,-69.19359,Not LSOG,Not LSOG,,
606237505126144,2019-2023,44.97533,-69.0752,Not LSOG,Not LSOG,,
606237506126144,2019-2023,44.90818,-69.13698,Not LSOG,Not LSOG,,
606237507126144,2019-2023,44.98208,-69.24308,Not LSOG,Not LSOG,,
606237508126144,2019-2023,44.91249,-69.30802,Not LSOG,Not LSOG,,
606237509126144,2019-2023,44.8443,-69.59663,Not LSOG,Not LSOG,,
606237510126144,2019-2023,44.84805,-69.36138,Not LSOG,Not LSOG,,
606237512126144,2019-2023,44.68512,-69.29506,Not LSOG,Not LSOG,,
606237513126144,2019-2023,44.76969,-69.43195,Not LSOG,Not LSOG,,
606237514126144,2019-2023,44.70218,-69.4597,Not LSOG,Not LSOG,,
606237515126144,2019-2023,45.575648,-69.909774,Not LSOG,Not LSOG,,1
606237516126144,2019-2023,44.6198,-69.56332,Not LSOG,Not LSOG,,
606237517126144,2019-2023,44.54682,-69.42177,Not LSOG,Not LSOG,,
606237518126144,2019-2023,44.4833,-69.47485,Not LSOG,Not LSOG,,
606237520126144,2019-2023,44.4883,-69.64933,Not LSOG,Not LSOG,,
606237523126144,2019-2023,44.32812,-69.58053,Transitioning LS,Transitioning LS,,
606237524126144,2019-2023,44.26197,-69.64961,Not LSOG,Not LSOG,,
606237525126144,2019-2023,44.39492,-69.76012,Not LSOG,Not LSOG,,
606237526126144,2019-2023,44.35842,-69.72985,Transitioning LS,Not LSOG,,
606237527126144,2019-2023,44.28067,-69.84102,Not LSOG,Not LSOG,,
606237528126144,2019-2023,44.37255,-69.93709,Not LSOG,Not LSOG,,
606237533126144,2019-2023,44.06725,-69.98594,Not LSOG,Not LSOG,,
606237534126144,2019-2023,44.166785,-70.130984,Not LSOG,Not LSOG,,
606237535126144,2019-2023,44.00838,-70.07511,Not LSOG,Not LSOG,,
606237536126144,2019-2023,43.90182,-69.92309,Not LSOG,Not LSOG,,
606237537126144,2019-2023,43.81082,-69.92932,Not LSOG,Not LSOG,,
606237538126144,2019-2023,43.93006,-70.06589,Transitioning LS,Transitioning LS,,
606237539126144,2019-2023,43.85847,-70.13638,Not LSOG,Not LSOG,,
606237540126144,2019-2023,43.94869,-70.27517,Not LSOG,Not LSOG,,
606237541126144,2019-2023,43.78676,-70.21991,Not LSOG,Not LSOG,,
606237543126144,2019-2023,43.71407,-70.27282,Not LSOG,Not LSOG,,
606237546126144,2019-2023,43.57482,-70.35642,Not LSOG,Not LSOG,,
606237549126144,2019-2023,43.43512,-70.59906,Not LSOG,Not LSOG,,
606237550126144,2019-2023,43.36366,-70.52262,Not LSOG,Not LSOG,,
606237552126144,2019-2023,43.20581,-70.64771,Not LSOG,Not LSOG,,
606237554126144,2019-2023,43.14884,-70.69929,LS,Transitioning LS,,
606237557126144,2019-2023,47.05047,-67.83827,Not LSOG,Not LSOG,,2
606237558126144,2019-2023,46.98745,-67.89786,LS,Transitioning LS,,1
606237561126144,2019-2023,46.91761,-67.95825,Not LSOG,Not LSOG,,
606237562126144,2019-2023,46.71336,-68.09687,Transitioning LS,Not LSOG,,
606237564126144,2019-2023,46.69482,-68.15461,Not LSOG,Not LSOG,,
606237565126144,2019-2023,46.60428,-68.03609,Not LSOG,Not LSOG,,
606237566126144,2019-2023,46.53808,-68.09265,Not LSOG,Not LSOG,,1
606237567126144,2019-2023,46.63037,-68.20784,Transitioning LS,Transitioning LS,,2
606237568126144,2019-2023,46.55488,-68.26244,Transitioning LS,Transitioning LS,,2
606237569126144,2019-2023,46.40141,-68.21316,Not LSOG,Not LSOG,,1
606237570126144,2019-2023,46.33144,-68.31273,Not LSOG,Not LSOG,,1
606237571126144,2019-2023,46.41645,-68.40221,Transitioning LS,Not LSOG,1,1
606237572126144,2019-2023,46.34162,-68.34068,Not LSOG,Not LSOG,,1
606237573126144,2019-2023,46.33797,-68.45009,Not LSOG,Not LSOG,,1
606237574126144,2019-2023,46.16996,-68.38927,Transitioning LS,Transitioning LS,,1
606237575126144,2019-2023,46.04395,-68.47015,Not LSOG,Not LSOG,,1
606237576126144,2019-2023,46.19539,-68.53055,Not LSOG,Not LSOG,,1
606237577126144,2019-2023,46.21599,-68.58457,Not LSOG,Not LSOG,,1
606237578126144,2019-2023,46.15269,-68.67162,Not LSOG,Not LSOG,,2
606237579126144,2019-2023,45.98439,-68.58307,Not LSOG,Not LSOG,,1
606237580126144,2019-2023,45.91522,-68.63739,Not LSOG,Not LSOG,,1
606237581126144,2019-2023,46.00207,-68.76783,Not LSOG,Not LSOG,,2
606237582126144,2019-2023,45.94118,-68.71186,Transitioning LS,Not LSOG,,2
606237583126144,2019-2023,45.93652,-68.83087,Transitioning LS,Transitioning LS,,1
606237584126144,2019-2023,45.78118,-68.77081,Not LSOG,Not LSOG,,3
606237585126144,2019-2023,45.68578,-68.8245,Transitioning LS,Transitioning LS,,1
606237586126144,2019-2023,45.79976,-68.92433,Transitioning LS,Not LSOG,,2
606237588126144,2019-2023,45.57872,-68.9502,Not LSOG,Not LSOG,,2
606237589126144,2019-2023,45.50129,-69.01055,Not LSOG,Not LSOG,,1
606237590126144,2019-2023,45.65511,-69.0644,Not LSOG,Not LSOG,,1
606237591126144,2019-2023,45.59997,-69.11612,Not LSOG,Not LSOG,,1
606237592126144,2019-2023,45.51768,-69.08082,Not LSOG,Not LSOG,,1
606237593126144,2019-2023,45.55084,-69.14559,Not LSOG,Not LSOG,,1
606237595126144,2019-2023,45.27323,-69.18032,Not LSOG,Not LSOG,,1
606237596126144,2019-2023,45.39482,-69.3401,Transitioning LS,Transitioning LS,,2
606237597126144,2019-2023,45.31035,-69.36275,Transitioning LS,Not LSOG,,1
606237598126144,2019-2023,45.16473,-69.32268,Transitioning LS,Not LSOG,,
606237599126144,2019-2023,45.08183,-69.39266,Not LSOG,Not LSOG,,
606237600126144,2019-2023,45.1688,-69.48444,Transitioning LS,Not LSOG,,
606237601126144,2019-2023,45.10172,-69.42132,Not LSOG,Not LSOG,,
606237602126144,2019-2023,45.0958,-69.55222,Not LSOG,Not LSOG,,
606237603126144,2019-2023,44.93599,-69.46091,Not LSOG,Not LSOG,,
606237604126144,2019-2023,44.86694,-69.50583,Not LSOG,Not LSOG,,
606237605126144,2019-2023,45.04629,-69.58722,Not LSOG,Not LSOG,,
606237606126144,2019-2023,44.9542,-69.6616,Not LSOG,Not LSOG,,
606237607126144,2019-2023,44.86958,-69.7069,Transitioning LS,Not LSOG,,
606237608126144,2019-2023,44.72715,-69.64251,Not LSOG,Not LSOG,,
606237609126144,2019-2023,44.65794,-69.70405,Transitioning LS,Not LSOG,,
606237610126144,2019-2023,44.75927,-69.83442,Not LSOG,Not LSOG,,
606237612126144,2019-2023,44.68007,-69.87821,Not LSOG,Not LSOG,,
606237614126144,2019-2023,44.46686,-69.86864,Not LSOG,Not LSOG,,
606237615126144,2019-2023,44.54402,-70.01314,Not LSOG,Not LSOG,,
606237617126144,2019-2023,44.28274,-70.05684,Not LSOG,Not LSOG,,
606237618126144,2019-2023,44.23313,-70.05025,Not LSOG,Not LSOG,,
606237619126144,2019-2023,44.3924,-70.13072,Not LSOG,Not LSOG,,
606237622126144,2019-2023,44.24305,-70.20974,Not LSOG,Not LSOG,,
606237624126144,2019-2023,44.01651,-70.21773,Transitioning LS,Not LSOG,,
606237625126144,2019-2023,44.10059,-70.34882,Not LSOG,Not LSOG,,
606237626126144,2019-2023,44.03487,-70.4058,Not LSOG,Not LSOG,,
606237627126144,2019-2023,43.86411,-70.32554,Not LSOG,Not LSOG,,
606237628126144,2019-2023,43.81747,-70.37078,Transitioning LS,Not LSOG,,
606237629126144,2019-2023,43.90288,-70.50806,Not LSOG,Not LSOG,,
606237632126144,2019-2023,43.436998,-70.669376,Not LSOG,Not LSOG,,
606237633126144,2019-2023,43.60049,-70.55544,Not LSOG,Not LSOG,,
606237634126144,2019-2023,43.87629,-70.66532,Not LSOG,Not LSOG,,
606237635126144,2019-2023,43.69492,-70.66222,Transitioning LS,Transitioning LS,,
606237636126144,2019-2023,43.63518,-70.64147,Not LSOG,Not LSOG,,
606237637126144,2019-2023,43.4461,-70.67164,Not LSOG,Not LSOG,,
606237638126144,2019-2023,43.39737,-70.69134,Not LSOG,Not LSOG,,
606237639126144,2019-2023,43.47718,-70.83618,Not LSOG,Not LSOG,,
606237640126144,2019-2023,43.40323,-70.60862,Not LSOG,Not LSOG,,
606237641126144,2019-2023,43.39659,-70.8864,Not LSOG,Not LSOG,,
606237642126144,2019-2023,43.24452,-70.82171,Not LSOG,Not LSOG,,
606237643126144,2019-2023,47.23805,-68.06199,Not LSOG,Not LSOG,,
606237645126144,2019-2023,47.08,-68.02391,Not LSOG,Not LSOG,,1
606237646126144,2019-2023,47.16048,-68.14136,Not LSOG,Not LSOG,,1
606237647126144,2019-2023,47.00992,-68.08601,Transitioning LS,Transitioning LS,,
606237648126144,2019-2023,47.07276,-68.15055,Not LSOG,Not LSOG,,
606237649126144,2019-2023,47.03513,-68.26564,Not LSOG,Not LSOG,,2
606237650126144,2019-2023,47.14986,-68.20537,Not LSOG,Not LSOG,,1
606237651126144,2019-2023,46.86661,-68.22145,Not LSOG,Not LSOG,,
606237652126144,2019-2023,46.96745,-68.34945,Transitioning LS,Transitioning LS,,1
606237653126144,2019-2023,46.79362,-68.27629,Not LSOG,Not LSOG,,
606237654126144,2019-2023,46.88912,-68.39238,Not LSOG,Not LSOG,1,1
606237655126144,2019-2023,46.82481,-68.46208,Not LSOG,Not LSOG,,1
606237656126144,2019-2023,47.28904,-68.20422,Transitioning LS,Transitioning LS,,
606237657126144,2019-2023,46.68161,-68.38681,Not LSOG,Not LSOG,,
606237658126144,2019-2023,46.59012,-68.46228,Not LSOG,Not LSOG,,1
606237659126144,2019-2023,46.75173,-68.51246,Not LSOG,Not LSOG,,1
606237660126144,2019-2023,46.72693,-68.57857,Not LSOG,Not LSOG,,1
606237661126144,2019-2023,46.61638,-68.63716,Not LSOG,Not LSOG,2,2
606237662126144,2019-2023,46.51287,-68.5047,Transitioning LS,Transitioning LS,,1
606237663126144,2019-2023,46.45124,-68.56609,Not LSOG,Not LSOG,,1
606237664126144,2019-2023,46.54732,-68.69721,Not LSOG,Not LSOG,,1
606237665126144,2019-2023,46.38169,-68.65299,Transitioning LS,Not LSOG,1,1
606237666126144,2019-2023,46.49241,-68.69426,Not LSOG,Not LSOG,1,1
606237667126144,2019-2023,46.57574,-68.8951,Not LSOG,Not LSOG,,1
606237668126144,2019-2023,46.48168,-68.88512,Not LSOG,Not LSOG,1,1
606237669126144,2019-2023,46.31426,-68.70365,Not LSOG,Not LSOG,,2
606237670126144,2019-2023,46.24277,-68.76845,LS,Transitioning LS,,1
606237671126144,2019-2023,46.32952,-68.89253,Not LSOG,Not LSOG,,1
606237673126144,2019-2023,46.25742,-68.94913,Transitioning LS,Not LSOG,,1
606237674126144,2019-2023,46.19013,-68.98693,Not LSOG,Not LSOG,,2
606237675126144,2019-2023,46.09809,-68.88909,Transitioning LS,Transitioning LS,,2
606237676126144,2019-2023,46.02677,-68.94596,Not LSOG,Not LSOG,,1
606237677126144,2019-2023,46.10443,-69.23798,Not LSOG,Not LSOG,,1
606237678126144,2019-2023,45.95143,-69.02337,Not LSOG,Not LSOG,,1
606237679126144,2019-2023,46.05295,-69.25199,Not LSOG,Not LSOG,,1
606237680126144,2019-2023,45.98286,-69.21076,Not LSOG,Not LSOG,,1
606237681126144,2019-2023,45.88621,-69.09635,Transitioning LS,Transitioning LS,,1
606237682126144,2019-2023,45.82255,-69.13431,LS,Transitioning LS,,3
606237683126144,2019-2023,45.90443,-69.16933,Transitioning LS,Transitioning LS,,1
606237684126144,2019-2023,45.75008,-69.18274,Not LSOG,Not LSOG,,2
606237686126144,2019-2023,45.77459,-69.38539,Not LSOG,Not LSOG,,1
606237687126144,2019-2023,45.67711,-69.23451,Not LSOG,Not LSOG,,1
606237688126144,2019-2023,45.61054,-69.31389,Transitioning LS,Transitioning LS,,1
606237689126144,2019-2023,45.69624,-69.45265,Not LSOG,Not LSOG,,1
606237690126144,2019-2023,45.43093,-69.43045,Not LSOG,Not LSOG,,1
606237691126144,2019-2023,45.65185,-69.51433,Not LSOG,Not LSOG,,1
606237692126144,2019-2023,45.57633,-69.54603,Not LSOG,Not LSOG,,1
606237693126144,2019-2023,45.47296,-69.4191,Not LSOG,Not LSOG,,1
606237694126144,2019-2023,45.44591,-69.46682,Not LSOG,Not LSOG,,1
606237696126144,2019-2023,45.35359,-69.50312,Transitioning LS,Transitioning LS,,2
606237697126144,2019-2023,45.44768,-69.65956,Not LSOG,Not LSOG,,2
606237698126144,2019-2023,45.33423,-69.76888,Not LSOG,Not LSOG,,1
606237699126144,2019-2023,45.23733,-69.62878,Not LSOG,Not LSOG,,1
606237700126144,2019-2023,45.18746,-69.66117,Not LSOG,Not LSOG,,1
606237701126144,2019-2023,45.27704,-69.78087,Not LSOG,Not LSOG,,1
606237702126144,2019-2023,45.1312,-69.7078,Not LSOG,Not LSOG,,1
606237703126144,2019-2023,45.12038,-69.84447,Transitioning LS,Transitioning LS,,1
606237704126144,2019-2023,45.15956,-69.89181,Transitioning LS,Transitioning LS,,1
606237705126144,2019-2023,45.21803,-69.83324,LS,Transitioning LS,,1
606237706126144,2019-2023,45.05179,-69.76824,Not LSOG,Not LSOG,,
606237707126144,2019-2023,44.97093,-69.80711,Not LSOG,Not LSOG,,
606237708126144,2019-2023,45.08643,-69.98097,Not LSOG,Not LSOG,,1
606237709126144,2019-2023,44.92586,-69.87757,Not LSOG,Not LSOG,,
606237710126144,2019-2023,44.99898,-70.00388,Not LSOG,Not LSOG,,1
606237711126144,2019-2023,44.93762,-70.05752,Not LSOG,Not LSOG,,
606237712126144,2019-2023,44.83627,-69.92924,Not LSOG,Not LSOG,,
606237713126144,2019-2023,44.78406,-69.99187,Not LSOG,Not LSOG,,
606237714126144,2019-2023,44.85954,-70.11602,Not LSOG,Not LSOG,,
606237716126144,2019-2023,44.80804,-70.16711,Not LSOG,Not LSOG,,
606237719126144,2019-2023,44.56755,-70.17514,Not LSOG,Not LSOG,,
606237720126144,2019-2023,44.69929,-70.30754,Not LSOG,Not LSOG,,
606237721126144,2019-2023,44.504,-70.18336,Not LSOG,Not LSOG,,
606237722126144,2019-2023,44.58817,-70.36367,Not LSOG,Not LSOG,,
606237723126144,2019-2023,44.50959,-70.40632,Not LSOG,Not LSOG,,
606237725126144,2019-2023,44.34508,-70.33731,Transitioning LS,Not LSOG,,
606237726126144,2019-2023,44.43824,-70.44051,Transitioning LS,Transitioning LS,,
606237727126144,2019-2023,44.27208,-70.40336,Transitioning LS,Transitioning LS,,
606237728126144,2019-2023,44.35921,-70.50482,Not LSOG,Not LSOG,,
606237730126144,2019-2023,44.22614,-70.47738,Not LSOG,Not LSOG,,
606237731126144,2019-2023,44.13265,-70.50243,Not LSOG,Not LSOG,,
606237732126144,2019-2023,44.21009,-70.60946,Transitioning LS,Not LSOG,,
606237733126144,2019-2023,44.06808,-70.57963,Transitioning LS,Transitioning LS,,
606237734126144,2019-2023,44.12603,-70.7623,Not LSOG,Not LSOG,,
606237737126144,2019-2023,43.92767,-70.69615,Not LSOG,Not LSOG,,
606237738126144,2019-2023,44.00868,-70.79448,Transitioning LS,Not LSOG,,
606237739126144,2019-2023,43.85854,-70.72608,Not LSOG,Not LSOG,,
606237740126144,2019-2023,43.95981,-70.7962,Not LSOG,Not LSOG,,
606237741126144,2019-2023,44.08064,-70.96429,Not LSOG,Not LSOG,,
606237743126144,2019-2023,43.73432,-70.78043,Not LSOG,Not LSOG,,
606237744126144,2019-2023,43.60084,-70.78157,Not LSOG,Not LSOG,,
606237745126144,2019-2023,43.81046,-70.95045,Not LSOG,Not LSOG,,
606237746126144,2019-2023,43.64121,-70.89002,Not LSOG,Not LSOG,,
606237747126144,2019-2023,43.54356,-70.9434,Not LSOG,Not LSOG,,
606237748126144,2019-2023,47.31568,-68.20309,Not LSOG,Not LSOG,,
606237749126144,2019-2023,47.28213,-68.26912,Not LSOG,Not LSOG,,
606237750126144,2019-2023,47.19139,-68.3219,Not LSOG,Not LSOG,,1
606237751126144,2019-2023,47.13514,-68.3715,Not LSOG,Not LSOG,,1
606237752126144,2019-2023,47.05744,-68.44787,Not LSOG,Not LSOG,,1
606237753126144,2019-2023,47.07449,-68.63632,Not LSOG,Not LSOG,,
606237754126144,2019-2023,46.9178,-68.5737,Not LSOG,Not LSOG,,2
606237755126144,2019-2023,46.91936,-68.70313,Not LSOG,Not LSOG,,1
606237756126144,2019-2023,46.87088,-68.81856,Not LSOG,Not LSOG,,1
606237757126144,2019-2023,46.78041,-68.71333,Transitioning LS,Transitioning LS,,1
606237758126144,2019-2023,46.70314,-68.75984,Not LSOG,Not LSOG,,1
606237759126144,2019-2023,46.67243,-68.78471,Not LSOG,Not LSOG,,1
606237760126144,2019-2023,46.65066,-69.01534,Transitioning LS,Not LSOG,,1
606237761126144,2019-2023,46.31311,-68.93147,Not LSOG,Not LSOG,,2
606237762126144,2019-2023,46.43114,-69.01306,Not LSOG,Not LSOG,,1
606237763126144,2019-2023,46.45562,-69.18368,Transitioning LS,Not LSOG,,1
606237764126144,2019-2023,46.37094,-69.07512,Transitioning LS,Not LSOG,1,1
606237765126144,2019-2023,46.29408,-69.14978,Not LSOG,Not LSOG,,1
606237766126144,2019-2023,46.21393,-69.18118,Not LSOG,Not LSOG,,2
606237767126144,2019-2023,46.23792,-69.38814,Transitioning LS,Not LSOG,2,2
606237768126144,2019-2023,46.0665,-69.31842,Not LSOG,Not LSOG,,1
606237769126144,2019-2023,46.00932,-69.3711,Not LSOG,Not LSOG,,2
606237770126144,2019-2023,46.0265,-69.53093,Not LSOG,Not LSOG,,1
606237771126144,2019-2023,45.94282,-69.43355,Not LSOG,Not LSOG,,1
606237772126144,2019-2023,45.86676,-69.45904,Transitioning LS,Not LSOG,,1
606237773126144,2019-2023,45.79138,-69.531,Not LSOG,Not LSOG,,1
606237774126144,2019-2023,45.79257,-69.78716,Not LSOG,Not LSOG,,1
606237776126144,2019-2023,45.59922,-69.72204,Not LSOG,Not LSOG,,1
606237777126144,2019-2023,45.5879,-69.87441,Not LSOG,Not LSOG,,1
606237778126144,2019-2023,45.52294,-69.77424,Not LSOG,Not LSOG,,1
606237779126144,2019-2023,45.44653,-69.84903,Not LSOG,Not LSOG,,1
606237780126144,2019-2023,45.36129,-69.88,Not LSOG,Not LSOG,,1
606237781126144,2019-2023,45.3937,-70.07536,Not LSOG,Not LSOG,,1
606237782126144,2019-2023,45.22479,-70.01768,Not LSOG,Not LSOG,,1
606237783126144,2019-2023,45.15451,-70.05561,Not LSOG,Not LSOG,,1
606237785126144,2019-2023,45.09139,-70.12847,Not LSOG,Not LSOG,,1
606237786126144,2019-2023,45.01012,-70.18594,Not LSOG,Not LSOG,,1
606237787126144,2019-2023,44.62555,-70.37295,Not LSOG,Not LSOG,,1
606237788126144,2019-2023,45.04224,-70.36553,Not LSOG,Not LSOG,,
606237789126144,2019-2023,44.81202,-70.35068,Transitioning LS,Transitioning LS,,
606237790126144,2019-2023,44.72713,-70.43236,Transitioning LS,Transitioning LS,,
606237791126144,2019-2023,44.775436,-70.584064,Transitioning LS,Transitioning LS,,1
606237792126144,2019-2023,44.66386,-70.45436,Transitioning LS,Transitioning LS,,
606237793126144,2019-2023,44.60746,-70.50866,Not LSOG,Not LSOG,,
606237794126144,2019-2023,44.5356,-70.57272,Not LSOG,Not LSOG,,
606237795126144,2019-2023,44.55285,-70.72784,Not LSOG,Not LSOG,,
606237796126144,2019-2023,44.38813,-70.69547,Not LSOG,Not LSOG,,
606237797126144,2019-2023,44.32569,-70.74654,Not LSOG,Not LSOG,,1
606237798126144,2019-2023,44.32299,-70.91269,Not LSOG,Not LSOG,,2
606237799126144,2019-2023,44.25917,-70.8118,Not LSOG,Not LSOG,,1
606237800126144,2019-2023,44.16925,-70.86683,Not LSOG,Not LSOG,,
606237801126144,2019-2023,44.11266,-70.90496,Not LSOG,Not LSOG,,
606237802126144,2019-2023,47.17376,-68.51613,Not LSOG,Not LSOG,,
606237804126144,2019-2023,47.2234,-68.68509,LS,LS,,
606237805126144,2019-2023,47.18576,-68.75271,Not LSOG,Not LSOG,,2
606237806126144,2019-2023,47.09877,-68.81756,Not LSOG,Not LSOG,,2
606237807126144,2019-2023,47.05223,-68.70067,Transitioning LS,Not LSOG,,2
606237808126144,2019-2023,46.93538,-68.76076,Not LSOG,Not LSOG,,2
606237809126144,2019-2023,47.01808,-68.89018,Not LSOG,Not LSOG,,2
606237810126144,2019-2023,47.1223,-69.00171,Not LSOG,Not LSOG,,2
606237811126144,2019-2023,46.97184,-68.92821,Not LSOG,Not LSOG,,2
606237812126144,2019-2023,46.89833,-68.99668,Transitioning LS,Not LSOG,,2
606237813126144,2019-2023,46.83778,-68.89738,Transitioning LS,Transitioning LS,,1
606237814126144,2019-2023,46.72347,-68.92581,Not LSOG,Not LSOG,,1
606237815126144,2019-2023,46.822,-69.06665,Not LSOG,Not LSOG,,2
606237816126144,2019-2023,46.92277,-69.17927,Not LSOG,Not LSOG,,1
606237817126144,2019-2023,46.71272,-69.25261,Not LSOG,Not LSOG,,2
606237818126144,2019-2023,46.68326,-69.30082,Not LSOG,Not LSOG,,1
606237819126144,2019-2023,46.58905,-69.06006,Not LSOG,Not LSOG,,1
606237821126144,2019-2023,46.58585,-69.31681,Not LSOG,Not LSOG,,1
606237822126144,2019-2023,46.71074,-69.37414,Not LSOG,Not LSOG,,1
606237823126144,2019-2023,46.54702,-69.31433,Not LSOG,Not LSOG,,1
606237824126144,2019-2023,46.47327,-69.37062,Not LSOG,Not LSOG,1,1
606237825126144,2019-2023,46.38093,-69.23875,Not LSOG,Not LSOG,1,1
606237826126144,2019-2023,46.31344,-69.31453,Not LSOG,Not LSOG,,3
606237827126144,2019-2023,46.37727,-69.4281,Not LSOG,Not LSOG,1,1
606237828126144,2019-2023,46.49763,-69.54873,Not LSOG,Not LSOG,,1
606237829126144,2019-2023,46.3347,-69.49109,Transitioning LS,Not LSOG,,2
606237830126144,2019-2023,46.26209,-69.55364,Not LSOG,Not LSOG,1,1
606237831126144,2019-2023,46.19914,-69.26147,Not LSOG,Not LSOG,,2
606237832126144,2019-2023,46.08889,-69.46885,Not LSOG,Not LSOG,,1
606237834126144,2019-2023,46.28598,-69.72599,Not LSOG,Not LSOG,,1
606237835126144,2019-2023,46.11708,-69.68917,Not LSOG,Not LSOG,1,1
606237836126144,2019-2023,46.06582,-69.73787,Not LSOG,Not LSOG,,1
606237837126144,2019-2023,45.96855,-69.60189,Not LSOG,Not LSOG,,1
606237838126144,2019-2023,45.96274,-69.6971,Not LSOG,Not LSOG,,1
606237839126144,2019-2023,45.9832,-69.79527,Not LSOG,Not LSOG,,1
606237840126144,2019-2023,46.07092,-69.77859,Not LSOG,Not LSOG,,1
606237841126144,2019-2023,46.07932,-69.92123,Not LSOG,Not LSOG,,1
606237842126144,2019-2023,45.91235,-69.84845,Not LSOG,Not LSOG,,1
606237843126144,2019-2023,45.84856,-69.91982,Not LSOG,Not LSOG,,1
606237845126144,2019-2023,45.6793,-69.84523,Not LSOG,Not LSOG,,1
606237846126144,2019-2023,45.78054,-69.95835,Not LSOG,Not LSOG,,1
606237847126144,2019-2023,45.86831,-70.07728,Not LSOG,Not LSOG,,1
606237848126144,2019-2023,45.71467,-69.99451,Not LSOG,Not LSOG,,1
606237849126144,2019-2023,45.60863,-70.03105,Not LSOG,Not LSOG,,2
606237850126144,2019-2023,45.49461,-69.96186,Not LSOG,Not LSOG,,1
606237851126144,2019-2023,45.4598,-70.03184,Not LSOG,Not LSOG,,1
606237852126144,2019-2023,45.54872,-70.14176,Not LSOG,Not LSOG,,1
606237853126144,2019-2023,45.64431,-70.24141,Not LSOG,Not LSOG,,1
606237854126144,2019-2023,45.49871,-70.20124,Not LSOG,Not LSOG,,1
606237855126144,2019-2023,45.42378,-70.25797,LS,Transitioning LS,,1
606237856126144,2019-2023,45.32899,-70.14198,Transitioning LS,Transitioning LS,,2
606237857126144,2019-2023,45.24093,-70.20392,Not LSOG,Not LSOG,,1
606237858126144,2019-2023,45.33553,-70.2953,Not LSOG,Not LSOG,,1
606237859126144,2019-2023,45.44027,-70.42746,Not LSOG,Not LSOG,,1
606237860126144,2019-2023,45.27443,-70.37922,Not LSOG,Not LSOG,,1
606237861126144,2019-2023,45.20222,-70.42389,Not LSOG,Not LSOG,,1
606237862126144,2019-2023,45.11335,-70.30611,Transitioning LS,Not LSOG,,2
606237863126144,2019-2023,44.95544,-70.43096,Transitioning LS,Transitioning LS,,1
606237864126144,2019-2023,45.1418,-70.48494,Not LSOG,Not LSOG,,1
606237865126144,2019-2023,45.24068,-70.61045,Not LSOG,Not LSOG,,
606237866126144,2019-2023,45.06557,-70.55538,Not LSOG,Not LSOG,,1
606237867126144,2019-2023,44.99184,-70.61773,Not LSOG,Not LSOG,,1
606237868126144,2019-2023,44.92279,-70.45558,LS,Transitioning LS,,1
606237869126144,2019-2023,44.8424,-70.53065,Not LSOG,Not LSOG,,1
606237870126144,2019-2023,44.83611,-70.7604,Not LSOG,Not LSOG,,1
606237871126144,2019-2023,45.0046,-70.7896,Not LSOG,Not LSOG,,1
606237872126144,2019-2023,44.85473,-70.71088,Not LSOG,Not LSOG,,1
606237873126144,2019-2023,44.78802,-70.76412,Transitioning LS,Not LSOG,,
606237874126144,2019-2023,44.695787,-70.62246,Not LSOG,Not LSOG,,
606237875126144,2019-2023,44.60864,-70.68342,Not LSOG,Not LSOG,,
606237876126144,2019-2023,44.70832,-70.80507,Not LSOG,Not LSOG,,3
606237877126144,2019-2023,44.81973,-70.8222,Not LSOG,Not LSOG,1,1
606237878126144,2019-2023,44.80314,-70.92975,Not LSOG,Not LSOG,2,2
606237879126144,2019-2023,44.64416,-70.87964,Not LSOG,Not LSOG,,4
606237880126144,2019-2023,44.575,-70.93548,Transitioning LS,Transitioning LS,,2
606237881126144,2019-2023,44.4907,-70.83018,Not LSOG,Not LSOG,,
606237882126144,2019-2023,44.40032,-70.87026,Transitioning LS,Not LSOG,,
606237883126144,2019-2023,44.50094,-70.98479,Not LSOG,Not LSOG,,
606237884126144,2019-2023,44.27202,-70.98409,Not LSOG,Not LSOG,,
606237885126144,2019-2023,47.17776,-68.91043,Not LSOG,Not LSOG,,3
606237886126144,2019-2023,47.28464,-69.05391,Not LSOG,Not LSOG,,1
606237887126144,2019-2023,47.22365,-69.12478,Not LSOG,Not LSOG,,3
606237888126144,2019-2023,47.31141,-69.24333,Not LSOG,Not LSOG,,1
606237889126144,2019-2023,47.19134,-69.04324,Transitioning LS,Not LSOG,,1
606237890126144,2019-2023,47.15031,-69.1931,Transitioning LS,Not LSOG,,2
606237891126144,2019-2023,47.05911,-69.05222,Not LSOG,Not LSOG,,2
606237892126144,2019-2023,46.99059,-69.12012,Not LSOG,Not LSOG,,2
606237893126144,2019-2023,47.09565,-69.24722,Not LSOG,Not LSOG,,1
606237894126144,2019-2023,47.16177,-69.34293,Not LSOG,Not LSOG,,1
606237895126144,2019-2023,47.10704,-69.43177,Not LSOG,Not LSOG,,1
606237896126144,2019-2023,46.9463,-69.3732,Not LSOG,Not LSOG,1,1
606237897126144,2019-2023,46.83997,-69.24452,Not LSOG,Not LSOG,,1
606237898126144,2019-2023,46.79072,-69.32578,Not LSOG,Not LSOG,,2
606237899126144,2019-2023,46.89032,-69.41343,Not LSOG,Not LSOG,,2
606237900126144,2019-2023,46.79733,-69.46608,Transitioning LS,Transitioning LS,,1
606237901126144,2019-2023,46.88827,-69.61144,Transitioning LS,Not LSOG,,1
606237902126144,2019-2023,46.76486,-69.44525,Not LSOG,Not LSOG,,1
606237903126144,2019-2023,46.73591,-69.54678,Not LSOG,Not LSOG,,1
606237904126144,2019-2023,46.71218,-69.48633,Not LSOG,Not LSOG,,1
606237905126144,2019-2023,46.56949,-69.48178,Not LSOG,Not LSOG,,1
606237906126144,2019-2023,46.64265,-69.62402,Not LSOG,Not LSOG,,1
606237907126144,2019-2023,46.57234,-69.65291,Not LSOG,Not LSOG,1,1
606237908126144,2019-2023,46.68631,-69.78942,Not LSOG,Not LSOG,,1
606237909126144,2019-2023,46.49192,-69.82552,Not LSOG,Not LSOG,,1
606237911126144,2019-2023,46.34071,-69.66566,Not LSOG,Not LSOG,,1
606237912126144,2019-2023,46.45799,-69.78733,Not LSOG,Not LSOG,,2
606237913126144,2019-2023,46.38199,-69.85379,Not LSOG,Not LSOG,,1
606237914126144,2019-2023,46.40673,-69.97767,Transitioning LS,Not LSOG,,1
606237915126144,2019-2023,46.34126,-69.8101,Not LSOG,Not LSOG,,1
606237916126144,2019-2023,46.21177,-69.78497,Transitioning LS,Not LSOG,,1
606237917126144,2019-2023,46.32405,-69.88291,Not LSOG,Not LSOG,,1
606237918126144,2019-2023,46.15568,-69.86035,Not LSOG,Not LSOG,,1
606237919126144,2019-2023,46.23244,-69.96568,Not LSOG,Not LSOG,,1
606237920126144,2019-2023,46.16494,-70.02283,Not LSOG,Not LSOG,,1
606237921126144,2019-2023,46.25875,-70.15833,Not LSOG,Not LSOG,,1
606237922126144,2019-2023,46.09818,-70.08753,Not LSOG,Not LSOG,,1
606237923126144,2019-2023,45.98229,-70.01601,Not LSOG,Not LSOG,,1
606237924126144,2019-2023,45.91106,-70.03139,Not LSOG,Not LSOG,,1
606237925126144,2019-2023,46.03622,-70.15448,Not LSOG,Not LSOG,,1
606237926126144,2019-2023,45.95632,-70.20548,Not LSOG,Not LSOG,,1
606237927126144,2019-2023,45.92897,-70.14035,Not LSOG,Not LSOG,,2
606237928126144,2019-2023,45.861585,-70.254538,Transitioning LS,Not LSOG,,1
606237929126144,2019-2023,45.79634,-70.14661,Not LSOG,Not LSOG,,1
606237930126144,2019-2023,45.83799,-70.25938,Not LSOG,Not LSOG,,1
606237931126144,2019-2023,45.80856,-70.3259,Not LSOG,Not LSOG,,1
606237932126144,2019-2023,45.63034,-70.32566,Transitioning LS,Transitioning LS,,1
606237933126144,2019-2023,45.67786,-70.42815,Not LSOG,Not LSOG,,1
606237934126144,2019-2023,45.58316,-70.31122,Not LSOG,Not LSOG,,1
606237935126144,2019-2023,45.51217,-70.36464,Not LSOG,Not LSOG,,1
606237936126144,2019-2023,45.60325,-70.48582,Not LSOG,Not LSOG,,2
606237937126144,2019-2023,45.5371,-70.55496,Not LSOG,Not LSOG,,1
606237938126144,2019-2023,45.48977,-70.50823,Not LSOG,Not LSOG,,1
606237939126144,2019-2023,45.46179,-70.60826,Not LSOG,Not LSOG,,1
606237940126144,2019-2023,45.3619,-70.47551,Not LSOG,Not LSOG,,1
606237941126144,2019-2023,45.30881,-70.53428,Not LSOG,Not LSOG,,1
606237942126144,2019-2023,45.32053,-70.72414,LS,Transitioning LS,,2
606237943126144,2019-2023,45.26267,-70.76192,Not LSOG,Not LSOG,,1
606237944126144,2019-2023,45.1581,-70.66548,Not LSOG,Not LSOG,,1
606237946126144,2019-2023,45.18419,-70.84089,Transitioning LS,Transitioning LS,1,1
606237947126144,2019-2023,45.10497,-70.99718,Not LSOG,Not LSOG,,
606237948126144,2019-2023,45.1993,-71.01079,Transitioning LS,Not LSOG,,1
606237949126144,2019-2023,45.08464,-70.82722,Not LSOG,Not LSOG,2,2
606237950126144,2019-2023,45.03737,-70.94288,Not LSOG,Not LSOG,,1
606237952126144,2019-2023,44.864634,-70.892107,Not LSOG,Not LSOG,1,1
606238087126144,2019-2023,44.95857,-71.00817,Not LSOG,Not LSOG,1,1
606238088126144,2019-2023,44.45911,-70.87847,Not LSOG,Not LSOG,,
606238089126144,2019-2023,47.38816,-69.18323,Not LSOG,Not LSOG,,1
606238090126144,2019-2023,47.24776,-69.29964,Not LSOG,Not LSOG,,4
606238091126144,2019-2023,47.00931,-69.30159,Not LSOG,Not LSOG,,2
606238092126144,2019-2023,47.03107,-69.48578,Not LSOG,Not LSOG,1,1
606238093126144,2019-2023,46.95922,-69.54266,Not LSOG,Not LSOG,,1
606238094126144,2019-2023,46.77202,-69.68414,Not LSOG,Not LSOG,1,1
606238095126144,2019-2023,46.7451,-69.74393,Not LSOG,Not LSOG,,1
606238096126144,2019-2023,46.78645,-69.89205,Not LSOG,Not LSOG,,1
606238097126144,2019-2023,46.60638,-69.87677,Not LSOG,Not LSOG,,1
606238098126144,2019-2023,46.57224,-69.96892,Not LSOG,Not LSOG,,1
606238099126144,2019-2023,46.41051,-70.0432,Not LSOG,Not LSOG,,1
606238100126144,2019-2023,46.36738,-70.1045,Not LSOG,Not LSOG,,1
606238101126144,2019-2023,46.20547,-70.19741,Transitioning LS,Transitioning LS,,2
606238102126144,2019-2023,45.26618,-70.95966,Not LSOG,Not LSOG,,1
606238103126144,2019-2023,45.13169,-71.05672,Not LSOG,Not LSOG,,1
606238117126144,2019-2023,43.545218,-70.664794,Not LSOG,Not LSOG,,
606238118126144,2019-2023,43.465527,-70.695216,Not LSOG,Not LSOG,,
606238119126144,2019-2023,44.370983,-70.985586,Not LSOG,Not LSOG,,2
606238201126144,2019-2023,44.358635,-70.907409,Transitioning LS,Transitioning LS,,1
606238202126144,2019-2023,44.284109,-70.934391,Not LSOG,Not LSOG,,
606238203126144,2019-2023,44.226462,-71.006388,Not LSOG,Not LSOG,,
721819617290487,2019-2023,44.89901,-70.99609,Not LSOG,Not LSOG,,1
721819618290487,2019-2023,44.69262,-71.00278,Not LSOG,Not LSOG,,2
721819619290487,2019-2023,44.88828,-69.6018,Not LSOG,Not LSOG,,
721819621290487,2019-2023,44.90182,-70.05053,Not LSOG,Not LSOG,,
721819622290487,2019-2023,43.77001,-70.58133,Not LSOG,Not LSOG,,
721819623290487,2019-2023,43.88424,-70.10715,Transitioning LS,Not LSOG,,
721819625290487,2019-2023,45.43864,-70.19878,Transitioning LS,Transitioning LS,,2
721819626290487,2019-2023,45.43478,-70.29388,Not LSOG,Not LSOG,,1
721819627290487,2019-2023,45.40239,-70.40425,Not LSOG,Not LSOG,,1
721819628290487,2019-2023,45.24122,-70.395269,Not LSOG,Not LSOG,,1
721819631290487,2019-2023,45.52341,-69.90645,Transitioning LS,Not LSOG,,1
721819632290487,2019-2023,44.43767,-70.58331,Transitioning LS,Transitioning LS,,
721819633290487,2019-2023,44.50591,-70.75322,Transitioning LS,Transitioning LS,,
721819634290487,2019-2023,44.42113,-70.63443,Not LSOG,Not LSOG,,
721819635290487,2019-2023,44.22489,-70.98483,Not LSOG,Not LSOG,,
721819636290487,2019-2023,44.20286,-70.79794,Not LSOG,Not LSOG,,
721819637290487,2019-2023,44.74863,-68.39926,Not LSOG,Not LSOG,,
721819638290487,2019-2023,44.68689,-68.47882,Not LSOG,Not LSOG,,
721819639290487,2019-2023,44.06897,-69.18369,Not LSOG,Not LSOG,,
721819641290487,2019-2023,43.8876,-69.52854,LS,LS,,
721819642290487,2019-2023,44.47049,-69.25047,Transitioning LS,Transitioning LS,,
721819644290487,2019-2023,46.64171,-69.78292,Not LSOG,Not LSOG,,2
721819645290487,2019-2023,46.67638,-69.9742,Not LSOG,Not LSOG,,1
721819646290487,2019-2023,47.02192,-69.07818,Not LSOG,Not LSOG,,4
721819647290487,2019-2023,46.73852,-69.30243,Not LSOG,Not LSOG,,1
721819648290487,2019-2023,46.52097,-69.49337,Not LSOG,Not LSOG,,1
721819649290487,2019-2023,46.13914,-70.01639,Not LSOG,Not LSOG,,2
721819650290487,2019-2023,46.93255,-69.10096,Not LSOG,Not LSOG,,1
721819651290487,2019-2023,46.2751,-68.15895,Transitioning LS,Transitioning LS,,1
721819652290487,2019-2023,45.68206,-68.39775,Not LSOG,Not LSOG,,1
721819653290487,2019-2023,44.84858,-69.10212,Not LSOG,Not LSOG,,
721819654290487,2019-2023,44.51696,-69.5722,Transitioning LS,Not LSOG,,
721819657290487,2019-2023,46.50961,-68.30877,Transitioning LS,Transitioning LS,,
721819658290487,2019-2023,46.24597,-68.52709,LS,Transitioning LS,,1
721819659290487,2019-2023,45.94203,-68.58674,Not LSOG,Not LSOG,,1
721819660290487,2019-2023,45.95994,-68.76645,Not LSOG,Not LSOG,,1
721819661290487,2019-2023,45.1062,-69.19777,Not LSOG,Not LSOG,,
721819662290487,2019-2023,45.12435,-69.49011,Transitioning LS,Not LSOG,,
721819665290487,2019-2023,45.9849,-67.92213,Not LSOG,Not LSOG,,1
721819666290487,2019-2023,45.70211,-70.37636,Not LSOG,Not LSOG,,1
721819667290487,2019-2023,45.5803,-70.56213,Not LSOG,Not LSOG,,2
721819668290487,2019-2023,45.93404,-69.21528,Not LSOG,Not LSOG,,1
721819669290487,2019-2023,45.32502,-69.52836,Transitioning LS,Transitioning LS,,1
721819670290487,2019-2023,45.37656,-69.66889,Not LSOG,Not LSOG,,1
721819671290487,2019-2023,45.10676,-69.9256,Not LSOG,Not LSOG,,2
721819672290487,2019-2023,44.48976,-70.23028,Not LSOG,Not LSOG,,
721819673290487,2019-2023,44.54463,-70.38641,Not LSOG,Not LSOG,,
721819675290487,2019-2023,46.87097,-68.56659,Not LSOG,Not LSOG,,1
721819676290487,2019-2023,46.61825,-69.00774,Not LSOG,Not LSOG,,1
721819677290487,2019-2023,45.14059,-70.25242,Transitioning LS,Transitioning LS,,2
721819678290487,2019-2023,44.84473,-69.70488,Not LSOG,Not LSOG,,
721819680290487,2019-2023,44.26711,-70.15145,Not LSOG,Not LSOG,,
721819681290487,2019-2023,43.42874,-70.82437,LS,LS,,
721819682290487,2019-2023,46.76363,-68.44279,Not LSOG,Not LSOG,,1
721819684290487,2019-2023,45.4202,-67.6433,Not LSOG,Not LSOG,,2
721819685290487,2019-2023,45.16408,-67.47579,Not LSOG,Not LSOG,,
721819688290487,2019-2023,45.30333,-67.9659,Not LSOG,Not LSOG,,1
721819689290487,2019-2023,44.73563,-68.24532,Not LSOG,Not LSOG,,
721819691290487,2019-2023,44.55443,-67.59905,Not LSOG,Not LSOG,,
721819692290487,2019-2023,46.2545,-69.70783,Not LSOG,Not LSOG,,2
721819693290487,2019-2023,46.00776,-69.72445,Not LSOG,Not LSOG,,1
721819694290487,2019-2023,46.07753,-69.66465,Not LSOG,Not LSOG,,1
721819695290487,2019-2023,46.01056,-69.90327,Not LSOG,Not LSOG,,1
721819696290487,2019-2023,45.8653,-69.85159,Not LSOG,Not LSOG,,1
721819697290487,2019-2023,45.79361,-69.90989,Not LSOG,Not LSOG,,1
721819699290487,2019-2023,44.47166,-69.94202,Not LSOG,Not LSOG,,
721819700290487,2019-2023,44.41027,-70.01851,Transitioning LS,Not LSOG,,
721819701290487,2019-2023,44.32523,-69.93921,Not LSOG,Not LSOG,,
721819702290487,2019-2023,44.37232,-70.12394,Not LSOG,Not LSOG,,
721819703290487,2019-2023,44.35106,-70.29816,Not LSOG,Not LSOG,,
721819704290487,2019-2023,44.18814,-70.22256,Not LSOG,Not LSOG,,
721819706290487,2019-2023,44.06477,-70.214,Transitioning LS,Transitioning LS,,
721819707290487,2019-2023,44.14226,-70.28198,Not LSOG,Not LSOG,,
721819708290487,2019-2023,44.06327,-70.32928,Transitioning LS,Transitioning LS,,
721819709290487,2019-2023,44.1635,-70.45272,Not LSOG,Not LSOG,,
721819710290487,2019-2023,44.03853,-70.26729,Not LSOG,Not LSOG,,
721819711290487,2019-2023,43.99274,-70.41488,Not LSOG,Not LSOG,,
721819712290487,2019-2023,43.89967,-70.26691,Transitioning LS,Transitioning LS,,
721819714290487,2019-2023,43.33135,-70.71099,LS,LS,,
721819715290487,2019-2023,43.17316,-70.65182,Not LSOG,Not LSOG,,
721819716290487,2019-2023,43.10658,-70.70857,LS,LS,,
721819718290487,2019-2023,44.94257,-69.24329,Not LSOG,Not LSOG,,
721819719290487,2019-2023,45.02373,-69.25336,Not LSOG,Not LSOG,,
721819720290487,2019-2023,45.03393,-69.3524,Not LSOG,Not LSOG,,
721819721290487,2019-2023,44.8076,-69.31492,Not LSOG,Not LSOG,,
721819722290487,2019-2023,44.79267,-69.35292,Not LSOG,Not LSOG,,
721819723290487,2019-2023,44.71339,-69.21687,Not LSOG,Not LSOG,,
721819725290487,2019-2023,44.72134,-69.36513,Not LSOG,Not LSOG,,
721819726290487,2019-2023,44.81879,-69.54517,Not LSOG,Not LSOG,,
721819727290487,2019-2023,44.65998,-69.47637,LS,Transitioning LS,,
721819728290487,2019-2023,44.58753,-69.52732,Transitioning LS,Transitioning LS,,
721819730290487,2019-2023,44.31073,-69.51776,Not LSOG,Not LSOG,,
721819731290487,2019-2023,46.60153,-67.81256,Not LSOG,Not LSOG,,
721819732290487,2019-2023,43.98886,-70.27223,Not LSOG,Not LSOG,,
721819733290487,2019-2023,43.92265,-70.44789,Not LSOG,Not LSOG,,
721819734290487,2019-2023,43.87089,-70.44135,Not LSOG,Not LSOG,,
721819736290487,2019-2023,43.78658,-70.56202,Transitioning LS,Transitioning LS,,
721819737290487,2019-2023,43.70218,-70.4345,Not LSOG,Not LSOG,,
721819738290487,2019-2023,43.61581,-70.49803,LS,Transitioning LS,,
721819739290487,2019-2023,43.70891,-70.60473,Transitioning LS,Transitioning LS,,
721819741290487,2019-2023,43.61287,-70.60871,Not LSOG,Not LSOG,,
721819742290487,2019-2023,43.57787,-70.73885,Transitioning LS,Transitioning LS,,
721819743290487,2019-2023,43.45241,-70.61275,Not LSOG,Not LSOG,,
721819744290487,2019-2023,43.40458,-70.65636,Not LSOG,Not LSOG,,
721819746290487,2019-2023,45.63211,-69.09796,Not LSOG,Not LSOG,,1
721819747290487,2019-2023,45.52951,-69.16526,Not LSOG,Not LSOG,,1
721819748290487,2019-2023,45.63534,-69.24754,Not LSOG,Not LSOG,,1
721819749290487,2019-2023,45.46619,-69.18815,Transitioning LS,Not LSOG,,1
721819751290487,2019-2023,45.31121,-69.11988,Not LSOG,Not LSOG,,2
721819752290487,2019-2023,45.40686,-69.24335,Not LSOG,Not LSOG,,1
721819753290487,2019-2023,45.33283,-69.30614,Not LSOG,Not LSOG,,1
721819754290487,2019-2023,45.54095,-69.37129,Not LSOG,Not LSOG,,1
721819755290487,2019-2023,45.322766,-69.21521,Not LSOG,Not LSOG,,1
721819756290487,2019-2023,45.26203,-69.36687,Not LSOG,Not LSOG,,1
721819757290487,2019-2023,45.18801,-69.26473,Not LSOG,Not LSOG,,
721819758290487,2019-2023,45.21249,-69.42249,Not LSOG,Not LSOG,,
721819759290487,2019-2023,45.22097,-69.58483,Transitioning LS,Not LSOG,,1
721819760290487,2019-2023,46.23137,-67.92595,Not LSOG,Not LSOG,,1
721819761290487,2019-2023,46.14358,-67.80277,Not LSOG,Not LSOG,,
721819762290487,2019-2023,46.09406,-67.89141,Not LSOG,Not LSOG,,
721819763290487,2019-2023,46.02926,-68.11126,Not LSOG,Not LSOG,,1
721819764290487,2019-2023,45.86227,-68.05683,Transitioning LS,Transitioning LS,,1
721819765290487,2019-2023,45.7972,-68.1139,Not LSOG,Not LSOG,,1
721819766290487,2019-2023,45.81762,-68.29299,Not LSOG,Not LSOG,,2
721819767290487,2019-2023,45.7219,-68.16827,Not LSOG,Not LSOG,,1
721819768290487,2019-2023,44.27969,-69.00958,Not LSOG,Not LSOG,,
721819769290487,2019-2023,44.30545,-69.17782,LS,LS,,
721819770290487,2019-2023,44.37289,-69.10449,Transitioning LS,Transitioning LS,,
721819772290487,2019-2023,44.24299,-69.24219,Not LSOG,Not LSOG,,
721819773290487,2019-2023,44.20696,-69.23231,Transitioning LS,Transitioning LS,,
721819774290487,2019-2023,44.17505,-69.30652,Not LSOG,Not LSOG,,
721819775290487,2019-2023,44.10956,-69.33483,Transitioning LS,Transitioning LS,,
721819779290487,2019-2023,44.97395,-67.84085,Not LSOG,Not LSOG,,1
721819780290487,2019-2023,44.90817,-67.87588,Not LSOG,Not LSOG,,1
721819781290487,2019-2023,46.71151,-67.89401,Not LSOG,Not LSOG,,
721819782290487,2019-2023,46.55316,-67.85543,Not LSOG,Not LSOG,,
721819783290487,2019-2023,46.46626,-67.90871,Not LSOG,Not LSOG,,
721819784290487,2019-2023,46.37707,-67.79849,Not LSOG,Not LSOG,,
721819785290487,2019-2023,46.30272,-67.86764,Not LSOG,Not LSOG,,
721819786290487,2019-2023,46.39825,-67.97758,Not LSOG,Not LSOG,,2
721819787290487,2019-2023,46.48781,-68.10027,Not LSOG,Not LSOG,,1
721819788290487,2019-2023,46.3273,-68.04897,Not LSOG,Not LSOG,,1
721819789290487,2019-2023,46.24489,-68.10447,Not LSOG,Not LSOG,,1
721819790290487,2019-2023,46.17445,-68.014,Not LSOG,Not LSOG,,
721819791290487,2019-2023,46.21453,-68.10889,Not LSOG,Not LSOG,,1
721819792290487,2019-2023,46.19692,-68.17979,Not LSOG,Not LSOG,,
721819793290487,2019-2023,46.34889,-68.21983,Not LSOG,Not LSOG,,1
721819794290487,2019-2023,46.11759,-68.20632,Not LSOG,Not LSOG,,
721819795290487,2019-2023,45.93307,-67.80911,Not LSOG,Not LSOG,,
721819796290487,2019-2023,45.8437,-67.85374,Transitioning LS,Transitioning LS,,
721819797290487,2019-2023,45.72448,-67.93451,Transitioning LS,Transitioning LS,,1
721819798290487,2019-2023,45.67605,-67.83971,Not LSOG,Not LSOG,,
721819799290487,2019-2023,45.61058,-67.87988,Not LSOG,Not LSOG,,
721819800290487,2019-2023,45.71514,-68.01725,Not LSOG,Not LSOG,,1
721819801290487,2019-2023,45.58954,-67.9935,Not LSOG,Not LSOG,,2
721819802290487,2019-2023,45.62759,-68.07324,Not LSOG,Not LSOG,,1
721819803290487,2019-2023,45.35999,-68.29198,Not LSOG,Not LSOG,,
721819804290487,2019-2023,45.40609,-68.04512,Not LSOG,Not LSOG,,1
721819806290487,2019-2023,45.50868,-68.12791,Not LSOG,Not LSOG,,1
721819807290487,2019-2023,45.00778,-68.35777,Transitioning LS,Not LSOG,,2
721819808290487,2019-2023,44.58691,-68.25428,Transitioning LS,Transitioning LS,,
721819809290487,2019-2023,44.53534,-68.42031,Not LSOG,Not LSOG,,
721819810290487,2019-2023,44.60652,-68.52457,Not LSOG,Not LSOG,,
721819811290487,2019-2023,44.52146,-68.58225,Transitioning LS,Transitioning LS,,
721819812290487,2019-2023,44.47333,-68.52466,Transitioning LS,Not LSOG,,
721819813290487,2019-2023,44.47146,-68.66479,Not LSOG,Not LSOG,,
721819814290487,2019-2023,44.31132,-68.61042,Not LSOG,Not LSOG,,
721819817290487,2019-2023,44.53538,-69.17913,LS,LS,,
721819818290487,2019-2023,44.5721,-69.35717,Transitioning LS,Not LSOG,,
721819819290487,2019-2023,44.41405,-69.30076,Not LSOG,Not LSOG,,
721819820290487,2019-2023,44.34058,-69.33722,Not LSOG,Not LSOG,,
721819821290487,2019-2023,44.34472,-69.50708,Not LSOG,Not LSOG,,
721819823290487,2019-2023,44.12594,-69.5234,Not LSOG,Not LSOG,,
721819824290487,2019-2023,43.9083,-69.67561,Not LSOG,Not LSOG,,
721819826290487,2019-2023,43.7657,-69.81068,Not LSOG,Not LSOG,,
721819827290487,2019-2023,45.65948,-68.24093,Not LSOG,Not LSOG,,1
721819828290487,2019-2023,45.54319,-68.2987,Not LSOG,Not LSOG,,
721819829290487,2019-2023,45.60511,-68.47807,Not LSOG,Not LSOG,,
721819830290487,2019-2023,45.4026,-68.42331,Not LSOG,Not LSOG,,
721819831290487,2019-2023,45.37105,-68.46969,Transitioning LS,Not LSOG,,
721819832290487,2019-2023,45.52217,-68.59631,Transitioning LS,Not LSOG,,2
721819833290487,2019-2023,45.30739,-68.52858,Transitioning LS,Not LSOG,,
721819834290487,2019-2023,45.2445,-68.5942,Not LSOG,Not LSOG,,
721819835290487,2019-2023,45.2681,-67.77027,Not LSOG,Not LSOG,,1
721819836290487,2019-2023,45.31953,-67.76109,Transitioning LS,Transitioning LS,,1
721819837290487,2019-2023,45.56105,-67.54799,Not LSOG,Not LSOG,,1
721819838290487,2019-2023,45.49106,-67.5895,Not LSOG,Not LSOG,,1
721819839290487,2019-2023,45.58685,-67.66938,Not LSOG,Not LSOG,,2
721819840290487,2019-2023,45.51359,-67.74733,Not LSOG,Not LSOG,,3
721819841290487,2019-2023,45.35132,-67.69607,Not LSOG,Not LSOG,,1
721819842290487,2019-2023,47.06968,-69.42737,Not LSOG,Not LSOG,,3
721819843290487,2019-2023,46.9861,-69.47961,Not LSOG,Not LSOG,,1
721819844290487,2019-2023,47.07932,-69.6085,Not LSOG,Not LSOG,1,1
721819845290487,2019-2023,47.00741,-69.674,Not LSOG,Not LSOG,1,1
721819846290487,2019-2023,46.94489,-69.73681,Not LSOG,Not LSOG,1,1
721819847290487,2019-2023,46.8485,-69.64057,Not LSOG,Not LSOG,,1
721819848290487,2019-2023,46.8186,-69.67602,Not LSOG,Not LSOG,1,1
721819849290487,2019-2023,46.88748,-69.79652,Not LSOG,Not LSOG,,1
721819850290487,2019-2023,46.80111,-69.85543,Not LSOG,Not LSOG,,1
721819852290487,2019-2023,46.58386,-69.85438,Not LSOG,Not LSOG,,1
721819853290487,2019-2023,46.47633,-69.96576,Not LSOG,Not LSOG,,1
721819854290487,2019-2023,46.35542,-70.03437,Not LSOG,Not LSOG,,1
721819855290487,2019-2023,46.84256,-69.00188,Not LSOG,Not LSOG,,3
721819856290487,2019-2023,47.05324,-69.32373,Not LSOG,Not LSOG,,2
721819857290487,2019-2023,44.15329,-69.74767,Not LSOG,Not LSOG,,
721819858290487,2019-2023,44.04818,-69.58023,Not LSOG,Not LSOG,,
721819859290487,2019-2023,43.97257,-69.63276,Not LSOG,Not LSOG,,
721819860290487,2019-2023,45.37317,-67.75631,Not LSOG,Not LSOG,,1
721819861290487,2019-2023,45.13575,-67.8916,Not LSOG,Not LSOG,,1
721819862290487,2019-2023,45.06238,-67.9771,Not LSOG,Not LSOG,,4
721819863290487,2019-2023,45.23999,-68.00135,Not LSOG,Not LSOG,,
721819864290487,2019-2023,45.16209,-68.0693,Not LSOG,Not LSOG,,2
721819865290487,2019-2023,45.09412,-68.12723,Not LSOG,Not LSOG,,2
721819866290487,2019-2023,44.94077,-68.06066,Not LSOG,Not LSOG,,1
721819867290487,2019-2023,44.86279,-68.12886,Not LSOG,Not LSOG,,2
721819868290487,2019-2023,44.94943,-68.28033,Not LSOG,Not LSOG,,1
721819869290487,2019-2023,44.91997,-68.2397,Transitioning LS,Transitioning LS,,
721819871290487,2019-2023,44.44345,-68.13504,Transitioning LS,Transitioning LS,,
721819872290487,2019-2023,44.28846,-68.41808,Not LSOG,Not LSOG,,
721819877290487,2019-2023,47.19684,-69.30477,Not LSOG,Not LSOG,,1
721819878290487,2019-2023,47.12236,-69.3603,Not LSOG,Not LSOG,,1
721819879290487,2019-2023,46.89753,-69.24879,Not LSOG,Not LSOG,,1
721819880290487,2019-2023,46.96615,-69.30667,Not LSOG,Not LSOG,,1
721819881290487,2019-2023,46.82768,-69.34194,Not LSOG,Not LSOG,,1
721819882290487,2019-2023,46.7996,-69.25069,Not LSOG,Not LSOG,,2
721819883290487,2019-2023,46.82439,-69.43764,Not LSOG,Not LSOG,,3
721819884290487,2019-2023,46.91219,-69.53314,Transitioning LS,Not LSOG,,1
721819885290487,2019-2023,46.75827,-69.48578,Not LSOG,Not LSOG,,2
721819886290487,2019-2023,46.66695,-69.37462,Not LSOG,Not LSOG,,1
721819887290487,2019-2023,46.56755,-69.41343,Not LSOG,Not LSOG,,1
721819888290487,2019-2023,46.60372,-69.61589,Not LSOG,Not LSOG,,1
721819889290487,2019-2023,46.66818,-69.72825,Not LSOG,Not LSOG,,1
721819890290487,2019-2023,47.14026,-68.74039,Not LSOG,Not LSOG,,2
721819891290487,2019-2023,47.05932,-68.82457,Not LSOG,Not LSOG,,1
721819892290487,2019-2023,47.08024,-69.02275,Not LSOG,Not LSOG,,1
721819893290487,2019-2023,46.92165,-68.94711,LS,LS,,1
721819895290487,2019-2023,44.28948,-70.91551,Not LSOG,Not LSOG,,
721819896290487,2019-2023,44.25212,-70.74229,LS,Transitioning LS,,1
721819897290487,2019-2023,44.43388,-70.8132,Not LSOG,Not LSOG,,
721819898290487,2019-2023,44.06374,-70.90474,Not LSOG,Not LSOG,,
721819900290487,2019-2023,43.98881,-70.97631,Not LSOG,Not LSOG,,
721819901290487,2019-2023,44.52604,-70.92836,Not LSOG,Not LSOG,,2
721819902290487,2019-2023,44.92425,-70.42177,Not LSOG,Not LSOG,,1
721819903290487,2019-2023,44.87347,-70.27647,Not LSOG,Not LSOG,,
721819904290487,2019-2023,44.83273,-70.3025,LS,LS,,
721819906290487,2019-2023,44.85334,-70.47712,Not LSOG,Not LSOG,,1
721819908290487,2019-2023,44.78588,-70.52608,Transitioning LS,Transitioning LS,,
721819909290487,2019-2023,44.72045,-70.59116,Not LSOG,Not LSOG,,
721819911290487,2019-2023,44.55796,-70.52229,Not LSOG,Not LSOG,,
721819912290487,2019-2023,44.62879,-70.65019,Not LSOG,Not LSOG,,
721819913290487,2019-2023,44.58985,-70.67986,Not LSOG,Not LSOG,,
721819914290487,2019-2023,44.51263,-70.52344,Transitioning LS,Transitioning LS,,
721819915290487,2019-2023,44.34385,-70.69479,Transitioning LS,Not LSOG,,
721819916290487,2019-2023,44.13285,-70.86344,Not LSOG,Not LSOG,,
721819917290487,2019-2023,46.45684,-68.94827,Transitioning LS,Transitioning LS,1,1
721819918290487,2019-2023,46.54713,-69.06057,Not LSOG,Not LSOG,2,2
721819919290487,2019-2023,46.463304,-69.130526,Not LSOG,Not LSOG,,2
721819920290487,2019-2023,46.31318,-69.06065,Not LSOG,Not LSOG,1,1
721819921290487,2019-2023,46.23376,-69.12078,Not LSOG,Not LSOG,,1
721819922290487,2019-2023,46.32962,-69.26521,Not LSOG,Not LSOG,1,1
721819923290487,2019-2023,46.17401,-69.19629,Not LSOG,Not LSOG,,1
721819925290487,2019-2023,46.20923,-69.3931,Not LSOG,Not LSOG,,1
721819926290487,2019-2023,46.15654,-69.25493,Not LSOG,Not LSOG,,1
721819927290487,2019-2023,46.12872,-69.09635,Not LSOG,Not LSOG,,1
721819928290487,2019-2023,46.0349,-69.30639,Not LSOG,Not LSOG,,1
721819929290487,2019-2023,46.12867,-69.42748,Not LSOG,Not LSOG,,1
721819930290487,2019-2023,45.284,-70.68817,Not LSOG,Not LSOG,,
721819931290487,2019-2023,45.27178,-70.71538,Transitioning LS,Transitioning LS,,
721819932290487,2019-2023,45.19737,-70.7693,Not LSOG,Not LSOG,,1
721819933290487,2019-2023,45.10882,-70.65291,Not LSOG,Not LSOG,,
721819934290487,2019-2023,45.0446,-70.73691,Not LSOG,Not LSOG,1,1
721819935290487,2019-2023,45.12736,-70.84171,Not LSOG,Not LSOG,1,1
721819936290487,2019-2023,45.15738,-71.02041,Not LSOG,Not LSOG,,2
721819937290487,2019-2023,44.99668,-70.95385,Not LSOG,Not LSOG,2,2
721819939290487,2019-2023,44.83355,-70.88553,Transitioning LS,Not LSOG,1,1
721819940290487,2019-2023,44.86985,-71.00227,Not LSOG,Not LSOG,,1
721819941290487,2019-2023,45.34226,-69.9113,Not LSOG,Not LSOG,,1
721819942290487,2019-2023,45.42565,-70.00095,Not LSOG,Not LSOG,,2
721819943290487,2019-2023,45.28884,-70.14845,Not LSOG,Not LSOG,,1
721819944290487,2019-2023,45.3017,-69.93826,Not LSOG,Not LSOG,,1
721819945290487,2019-2023,45.25932,-69.96082,Not LSOG,Not LSOG,,2
721819946290487,2019-2023,45.35556,-70.06657,Not LSOG,Not LSOG,,1
721819947290487,2019-2023,45.13035,-70.0261,Not LSOG,Not LSOG,,1
721819949290487,2019-2023,45.05516,-70.13309,Not LSOG,Not LSOG,,1
721819950290487,2019-2023,44.98186,-70.18271,Not LSOG,Not LSOG,,1
721819951290487,2019-2023,45.07816,-70.30052,LS,Transitioning LS,,1
721819952290487,2019-2023,44.90976,-70.24556,Not LSOG,Not LSOG,,1
721819953290487,2019-2023,45.00295,-70.37043,Not LSOG,Not LSOG,,
721819954290487,2019-2023,45.7444,-70.14431,Not LSOG,Not LSOG,,1
721819955290487,2019-2023,45.65312,-70.01838,Not LSOG,Not LSOG,,1
721819956290487,2019-2023,45.59917,-70.10334,Not LSOG,Not LSOG,,1
721819957290487,2019-2023,45.60325,-70.27662,LS,LS,,3
721819958290487,2019-2023,45.37836,-70.25442,Transitioning LS,Not LSOG,,2
721819960290487,2019-2023,46.0559,-69.48728,Not LSOG,Not LSOG,,1
721819961290487,2019-2023,45.99164,-69.53972,Not LSOG,Not LSOG,,1
721819962290487,2019-2023,45.88886,-69.42873,Not LSOG,Not LSOG,,1
721819963290487,2019-2023,45.82713,-69.49318,Not LSOG,Not LSOG,,1
721819964290487,2019-2023,45.93109,-69.55067,Not LSOG,Not LSOG,,1
721819965290487,2019-2023,45.7638,-69.56354,Not LSOG,Not LSOG,,1
721819967290487,2019-2023,45.72532,-69.60327,Not LSOG,Not LSOG,,1
721819971290487,2019-2023,45.63216,-69.8385,Not LSOG,Not LSOG,,1
721819972290487,2019-2023,45.47414,-69.78884,Not LSOG,Not LSOG,,1
721819973290487,2019-2023,45.4055,-69.84236,Not LSOG,Not LSOG,,1
721819974290487,2019-2023,45.54392,-69.95032,Not LSOG,Not LSOG,,1
721819975290487,2019-2023,46.74492,-68.35004,Not LSOG,Not LSOG,1,1
721819978290487,2019-2023,47.13265,-68.32317,Not LSOG,Not LSOG,,1
721819980290487,2019-2023,47.21404,-68.51551,Not LSOG,Not LSOG,,
721819981290487,2019-2023,46.19533,-70.15048,Not LSOG,Not LSOG,,1
721819982290487,2019-2023,46.13869,-70.20454,LS,LS,,1
721819983290487,2019-2023,45.23212,-70.95943,Not LSOG,Not LSOG,,1
721819984290487,2019-2023,45.08934,-71.04744,Not LSOG,Not LSOG,,1
721819985290487,2019-2023,44.25132,-70.58121,Not LSOG,Not LSOG,,
721819987290487,2019-2023,44.01874,-70.56226,Not LSOG,Not LSOG,,
721819988290487,2019-2023,44.17181,-70.60624,Not LSOG,Not LSOG,,
721819991290487,2019-2023,43.80322,-70.72017,Not LSOG,Not LSOG,,
721819992290487,2019-2023,43.89155,-70.85565,Not LSOG,Not LSOG,,
721819993290487,2019-2023,43.84999,-70.90666,Transitioning LS,Transitioning LS,,
721819994290487,2019-2023,43.66822,-70.84158,Not LSOG,Not LSOG,,
721819995290487,2019-2023,43.58899,-70.89078,Not LSOG,Not LSOG,,
721819996290487,2019-2023,45.04142,-69.51703,Not LSOG,Not LSOG,,
721819997290487,2019-2023,44.96834,-69.42089,Not LSOG,Not LSOG,,
721819998290487,2019-2023,44.89677,-69.47199,Not LSOG,Not LSOG,,
721819999290487,2019-2023,44.98419,-69.59391,Not LSOG,Not LSOG,,
721820001290487,2019-2023,44.99632,-69.74142,Transitioning LS,Transitioning LS,,
721820002290487,2019-2023,44.7164,-69.57249,Transitioning LS,Not LSOG,,
721820003290487,2019-2023,44.68684,-69.65809,Not LSOG,Not LSOG,,
721820004290487,2019-2023,44.76372,-69.79032,Transitioning LS,Transitioning LS,,
721820005290487,2019-2023,44.68923,-69.81646,Not LSOG,Not LSOG,,
721820006290487,2019-2023,44.79371,-69.95741,Not LSOG,Not LSOG,,
721820007290487,2019-2023,44.54321,-69.77288,Not LSOG,Not LSOG,,
721820009290487,2019-2023,44.562,-69.94385,Not LSOG,Not LSOG,,
721820010290487,2019-2023,44.48926,-69.99883,Not LSOG,Not LSOG,,
721820011290487,2019-2023,46.55641,-68.03197,Not LSOG,Not LSOG,,
721820012290487,2019-2023,46.65339,-68.14847,Not LSOG,Not LSOG,,
721820013290487,2019-2023,46.59034,-68.21472,Transitioning LS,Transitioning LS,,1
721820014290487,2019-2023,46.68129,-68.3567,Not LSOG,Not LSOG,,
721820015290487,2019-2023,46.46283,-68.22101,Not LSOG,Not LSOG,,1
721820016290487,2019-2023,46.42162,-68.16168,Not LSOG,Not LSOG,,1
721820017290487,2019-2023,46.28472,-68.26242,Not LSOG,Not LSOG,,1
721820018290487,2019-2023,46.46026,-68.34563,Not LSOG,Not LSOG,1,1
721820019290487,2019-2023,46.38081,-68.39545,Not LSOG,Not LSOG,,2
721820020290487,2019-2023,46.49453,-68.52583,Not LSOG,Not LSOG,,1
721820021290487,2019-2023,46.31537,-68.46209,Not LSOG,Not LSOG,,1
721820022290487,2019-2023,46.22326,-68.32382,Not LSOG,Not LSOG,,1
721820023290487,2019-2023,46.14275,-68.40988,Not LSOG,Not LSOG,,1
721820024290487,2019-2023,46.24512,-68.69831,Transitioning LS,Transitioning LS,,1
721820025290487,2019-2023,44.99047,-67.98495,Not LSOG,Not LSOG,,1
721820026290487,2019-2023,44.86404,-67.94125,Not LSOG,Not LSOG,,1
721820027290487,2019-2023,44.75238,-67.85904,Not LSOG,Not LSOG,,1
721820029290487,2019-2023,44.76662,-68.0099,Not LSOG,Not LSOG,,2
721820030290487,2019-2023,44.69557,-68.07396,Not LSOG,Not LSOG,,1
721820031290487,2019-2023,44.8016,-68.17836,Not LSOG,Not LSOG,,1
721820032290487,2019-2023,44.63503,-68.12,Transitioning LS,Not LSOG,,1
721820033290487,2019-2023,44.52152,-68.01633,Not LSOG,Not LSOG,,1
721820034290487,2019-2023,44.42145,-68.07679,Transitioning LS,Not LSOG,,
721820035290487,2019-2023,44.73046,-68.17328,Not LSOG,Not LSOG,,1
721820036290487,2019-2023,44.57838,-68.19695,Transitioning LS,Transitioning LS,,
721820037290487,2019-2023,44.48317,-68.27537,Transitioning LS,Not LSOG,,
721820038290487,2019-2023,44.7505,-68.2977,Not LSOG,Not LSOG,,1
721820040290487,2019-2023,44.72341,-67.654,Not LSOG,Not LSOG,,
721820041290487,2019-2023,44.80643,-67.76773,Not LSOG,Not LSOG,,1
721820042290487,2019-2023,44.78482,-67.66771,Transitioning LS,Transitioning LS,,
721820043290487,2019-2023,44.58741,-67.77487,Not LSOG,Not LSOG,,
721820045290487,2019-2023,44.44019,-67.89788,Transitioning LS,Not LSOG,,
721820046290487,2019-2023,44.61688,-69.73605,Not LSOG,Not LSOG,,
721820047290487,2019-2023,46.57319,-69.60713,Transitioning LS,Not LSOG,1,1
721820048290487,2019-2023,46.54254,-69.65152,Not LSOG,Not LSOG,1,1
721820049290487,2019-2023,46.48987,-69.68618,Not LSOG,Not LSOG,,1
721820050290487,2019-2023,46.39473,-69.63844,Not LSOG,Not LSOG,,2
721820051290487,2019-2023,46.31165,-69.67351,Not LSOG,Not LSOG,,1
721820052290487,2019-2023,46.41958,-69.79871,Not LSOG,Not LSOG,,2
721820053290487,2019-2023,46.40528,-69.91598,Not LSOG,Not LSOG,,1
721820054290487,2019-2023,46.33241,-69.85618,Not LSOG,Not LSOG,,1
721820056290487,2019-2023,46.11758,-69.8419,Not LSOG,Not LSOG,,2
721820057290487,2019-2023,46.19787,-69.97169,Not LSOG,Not LSOG,,1
721820058290487,2019-2023,46.2816,-70.09244,Not LSOG,Not LSOG,,2
721820059290487,2019-2023,46.13064,-69.96908,Not LSOG,Not LSOG,,1
721820060290487,2019-2023,46.0488,-70.08472,Not LSOG,Not LSOG,,1
721820061290487,2019-2023,45.9693,-69.93832,Not LSOG,Not LSOG,,1
721820062290487,2019-2023,45.893,-70.04931,Not LSOG,Not LSOG,,1
721820063290487,2019-2023,45.16435,-70.4135,LS,Transitioning LS,,2
721820065290487,2019-2023,45.4742,-69.62807,Not LSOG,Not LSOG,,2
721820066290487,2019-2023,45.32199,-69.7343,Not LSOG,Not LSOG,,1
721820067290487,2019-2023,45.15444,-69.64685,Not LSOG,Not LSOG,,1
721820068290487,2019-2023,45.07807,-69.71869,Not LSOG,Not LSOG,,
721820069290487,2019-2023,45.15888,-69.80278,Not LSOG,Not LSOG,,1
721820070290487,2019-2023,44.72269,-69.99629,Not LSOG,Not LSOG,,
721820071290487,2019-2023,46.14551,-68.52574,Not LSOG,Not LSOG,,1
721820072290487,2019-2023,46.10403,-68.67594,Not LSOG,Not LSOG,,1
721820073290487,2019-2023,46.04633,-68.69197,Not LSOG,Not LSOG,,1
721820074290487,2019-2023,46.06029,-68.89324,Not LSOG,Not LSOG,,1
721820075290487,2019-2023,45.89452,-68.82527,LS,LS,,2
721820076290487,2019-2023,45.8164,-68.71274,Not LSOG,Not LSOG,,1
721820077290487,2019-2023,45.73329,-68.77656,Not LSOG,Not LSOG,,1
721820079290487,2019-2023,45.67965,-68.91206,LS,Transitioning LS,,3
721820080290487,2019-2023,45.85006,-69.07096,LS,LS,,2
721820083290487,2019-2023,45.58137,-68.87959,Not LSOG,Not LSOG,,1
721820084290487,2019-2023,45.49964,-68.9449,Not LSOG,Not LSOG,,1
721820085290487,2019-2023,44.4482,-69.66612,Not LSOG,Not LSOG,,
721820086290487,2019-2023,44.37182,-69.70381,Not LSOG,Not LSOG,,
721820087290487,2019-2023,44.28616,-69.59578,Not LSOG,Not LSOG,,
721820089290487,2019-2023,44.30292,-69.77765,Not LSOG,Not LSOG,,
721820090290487,2019-2023,44.39718,-69.88834,Not LSOG,Not LSOG,,
721820091290487,2019-2023,44.16898,-69.88226,Not LSOG,Not LSOG,,
721820093290487,2019-2023,44.00216,-69.8092,Transitioning LS,Transitioning LS,,
721820094290487,2019-2023,44.09955,-69.93085,Not LSOG,Not LSOG,,
721820095290487,2019-2023,44.18111,-70.05465,Not LSOG,Not LSOG,,
721820096290487,2019-2023,43.85917,-69.93176,Not LSOG,Not LSOG,,
721820098290487,2019-2023,46.05182,-68.26805,Not LSOG,Not LSOG,,
721820099290487,2019-2023,45.95849,-68.16075,LS,Transitioning LS,,2
721820100290487,2019-2023,45.91116,-68.15683,Not LSOG,Not LSOG,,1
721820101290487,2019-2023,45.97996,-68.33914,Transitioning LS,Transitioning LS,,
721820102290487,2019-2023,46.0748,-68.46012,Not LSOG,Not LSOG,,1
721820103290487,2019-2023,45.9105,-68.3918,Transitioning LS,Not LSOG,,
721820104290487,2019-2023,45.8313,-68.4831,Not LSOG,Not LSOG,,1
721820105290487,2019-2023,45.70683,-68.35666,Not LSOG,Not LSOG,,1
721820106290487,2019-2023,45.77148,-68.53048,Not LSOG,Not LSOG,,1
721820107290487,2019-2023,45.87169,-68.64487,Not LSOG,Not LSOG,,2
721820108290487,2019-2023,45.7078,-68.59694,Transitioning LS,Transitioning LS,,1
721820109290487,2019-2023,45.64914,-68.66497,Transitioning LS,Transitioning LS,,
721820110290487,2019-2023,45.1731,-70.58846,Not LSOG,Not LSOG,,1
721820111290487,2019-2023,45.02527,-70.53925,Not LSOG,Not LSOG,,1
721820112290487,2019-2023,44.95159,-70.59267,Transitioning LS,Not LSOG,,1
721820113290487,2019-2023,44.977,-70.78745,Not LSOG,Not LSOG,,1
721820114290487,2019-2023,44.80586,-70.71824,LS,Transitioning LS,,1
721820115290487,2019-2023,44.73284,-70.76799,Transitioning LS,Transitioning LS,,2
721820116290487,2019-2023,44.7774,-71.00919,Transitioning LS,Not LSOG,,1
721820117290487,2019-2023,44.60415,-70.86425,OG,OG,,2
721820118290487,2019-2023,47.03265,-69.00672,Transitioning LS,Transitioning LS,,3
721820119290487,2019-2023,46.63192,-69.19036,Not LSOG,Not LSOG,,1
721820120290487,2019-2023,46.71258,-69.12168,Not LSOG,Not LSOG,,1
721820121290487,2019-2023,46.74254,-69.14043,Not LSOG,Not LSOG,,1
721820122290487,2019-2023,46.69062,-69.54091,Not LSOG,Not LSOG,,2
721820123290487,2019-2023,46.40975,-69.40719,Not LSOG,Not LSOG,1,1
721820124290487,2019-2023,46.4313,-69.37088,Not LSOG,Not LSOG,1,1
721820125290487,2019-2023,46.42848,-69.55416,Not LSOG,Not LSOG,,1
721820126290487,2019-2023,46.29022,-69.49687,Not LSOG,Not LSOG,1,1
721820127290487,2019-2023,46.95484,-68.45635,Not LSOG,Not LSOG,,1
721820128290487,2019-2023,47.08368,-68.55901,Not LSOG,Not LSOG,,4
721820129290487,2019-2023,47.03201,-68.63493,Transitioning LS,Transitioning LS,,
721820131290487,2019-2023,44.81667,-70.09893,Not LSOG,Not LSOG,,
721820132290487,2019-2023,44.76073,-70.24205,Not LSOG,Not LSOG,,
721820133290487,2019-2023,44.83748,-70.18946,Not LSOG,Not LSOG,,
721820134290487,2019-2023,44.43918,-70.22884,Not LSOG,Not LSOG,,
721820135290487,2019-2023,44.59924,-70.32315,Not LSOG,Not LSOG,,
721820136290487,2019-2023,44.47526,-70.39692,Not LSOG,Not LSOG,,
721820137290487,2019-2023,44.28792,-70.32978,Not LSOG,Not LSOG,,
721820138290487,2019-2023,44.30214,-70.57834,Not LSOG,Not LSOG,,
721820139290487,2019-2023,46.56458,-68.64875,Not LSOG,Not LSOG,1,1
721820140290487,2019-2023,46.41988,-68.60587,Not LSOG,Not LSOG,1,1
721820141290487,2019-2023,46.3345,-68.64727,Not LSOG,Not LSOG,,1
721820142290487,2019-2023,46.44455,-68.77137,LS,Transitioning LS,,1
721820143290487,2019-2023,46.35712,-68.82992,Not LSOG,Not LSOG,,1
721820144290487,2019-2023,46.18629,-68.75863,LS,Transitioning LS,,
721820145290487,2019-2023,46.11287,-68.80918,Not LSOG,Not LSOG,,2
721820146290487,2019-2023,46.21332,-68.95546,Not LSOG,Not LSOG,,2
721820147290487,2019-2023,46.14208,-69.00089,Not LSOG,Not LSOG,,1
721820148290487,2019-2023,45.98764,-68.95677,Not LSOG,Not LSOG,,1
721820149290487,2019-2023,46.08687,-69.06929,Transitioning LS,Transitioning LS,,2
721820150290487,2019-2023,46.01701,-69.11099,Not LSOG,Not LSOG,,1
721820151290487,2019-2023,46.99475,-67.83476,Transitioning LS,Not LSOG,,1
721820152290487,2019-2023,47.08622,-67.95879,Not LSOG,Not LSOG,,1
721820153290487,2019-2023,46.93025,-67.9124,Transitioning LS,Transitioning LS,,
721820156290487,2019-2023,46.79094,-68.02678,Not LSOG,Not LSOG,,
721820157290487,2019-2023,46.88312,-68.15827,Not LSOG,Not LSOG,,
721820158290487,2019-2023,46.84026,-68.02149,Not LSOG,Not LSOG,,
721820159290487,2019-2023,46.63382,-67.9754,Not LSOG,Not LSOG,,
721820160290487,2019-2023,45.16348,-68.29537,LS,Transitioning LS,,1
721820161290487,2019-2023,45.4531,-68.17993,Not LSOG,Not LSOG,,1
721820162290487,2019-2023,45.41941,-68.24145,Not LSOG,Not LSOG,,
721820163290487,2019-2023,45.55999,-68.14176,Not LSOG,Not LSOG,,1
721820164290487,2019-2023,45.25289,-68.17946,Not LSOG,Not LSOG,,
721820165290487,2019-2023,45.1877,-68.24895,Not LSOG,Not LSOG,,1
721820166290487,2019-2023,45.28124,-68.35489,Not LSOG,Not LSOG,,
721820167290487,2019-2023,45.28236,-68.2662,Not LSOG,Not LSOG,,1
721820168290487,2019-2023,45.21484,-68.39518,Transitioning LS,Not LSOG,,
721820169290487,2019-2023,45.09319,-68.47975,Not LSOG,Not LSOG,,1
721820170290487,2019-2023,45.05901,-68.36323,Not LSOG,Not LSOG,,2
721820171290487,2019-2023,44.9821,-68.41769,Not LSOG,Not LSOG,,1
721820172290487,2019-2023,45.07602,-68.54113,Not LSOG,Not LSOG,,
721820173290487,2019-2023,44.40532,-68.11168,Not LSOG,Not LSOG,,
721820174290487,2019-2023,46.977312,-68.506853,Not LSOG,Not LSOG,,1
721820175290487,2019-2023,46.93088,-68.51298,Transitioning LS,Not LSOG,,1
721820176290487,2019-2023,46.95474,-68.69584,Transitioning LS,Not LSOG,,2
721820177290487,2019-2023,46.80083,-68.64012,Not LSOG,Not LSOG,,2
721820178290487,2019-2023,46.88933,-68.75076,Not LSOG,Not LSOG,,2
721820179290487,2019-2023,46.8211,-68.83681,Not LSOG,Not LSOG,,1
721820180290487,2019-2023,46.72719,-68.71281,Not LSOG,Not LSOG,,1
721820181290487,2019-2023,46.61816,-68.8275,Not LSOG,Not LSOG,1,1
721820182290487,2019-2023,46.75465,-68.90679,Not LSOG,Not LSOG,,1
721820183290487,2019-2023,46.59321,-68.82937,Not LSOG,Not LSOG,,2
721820184290487,2019-2023,46.68524,-68.94814,Not LSOG,Not LSOG,,1
721820185290487,2019-2023,46.47117,-68.78373,Not LSOG,Not LSOG,,1
721820186290487,2019-2023,46.50386,-68.89479,Not LSOG,Not LSOG,2,2
721820187290487,2019-2023,45.78444,-69.1386,LS,Transitioning LS,,2
721820188290487,2019-2023,45.71196,-69.1895,Not LSOG,Not LSOG,,1
721820190290487,2019-2023,45.79388,-69.31551,Not LSOG,Not LSOG,,1
721820191290487,2019-2023,45.7245,-69.36972,Not LSOG,Not LSOG,,1
721820192290487,2019-2023,45.58757,-69.31263,Not LSOG,Not LSOG,,1
721820193290487,2019-2023,45.4847,-69.36307,Not LSOG,Not LSOG,,1
721820194290487,2019-2023,45.59187,-69.47979,Transitioning LS,Not LSOG,,1
721820196290487,2019-2023,47.18719,-68.08645,Not LSOG,Not LSOG,,1
721820197290487,2019-2023,47.026,-68.02643,Not LSOG,Not LSOG,,1
721820199290487,2019-2023,47.13055,-68.11826,Not LSOG,Not LSOG,,2
721820200290487,2019-2023,46.9915,-68.21203,Not LSOG,Not LSOG,,
721820201290487,2019-2023,43.9963,-70.18251,Not LSOG,Not LSOG,,
721820202290487,2019-2023,43.8114,-70.13506,LS,LS,,
721820203290487,2019-2023,43.73914,-70.21038,Not LSOG,Not LSOG,,
721820206290487,2019-2023,43.53738,-70.38634,Not LSOG,Not LSOG,,
721820207290487,2019-2023,43.41484,-70.41476,Not LSOG,Not LSOG,,
721820208290487,2019-2023,43.55211,-70.54178,Not LSOG,Not LSOG,,
721820209290487,2019-2023,45.18298,-68.64538,Not LSOG,Not LSOG,,
721820210290487,2019-2023,45.55288,-68.53588,Not LSOG,Not LSOG,,1
721820211290487,2019-2023,45.46861,-68.59658,Not LSOG,Not LSOG,,
721820212290487,2019-2023,47.40444,-69.1179,Not LSOG,Not LSOG,,1
721820213290487,2019-2023,47.21823,-69.23403,Not LSOG,Not LSOG,,1
721820214290487,2019-2023,45.98256,-70.14611,Not LSOG,Not LSOG,,1
721820215290487,2019-2023,46.06771,-70.26538,Not LSOG,Not LSOG,,1
721820216290487,2019-2023,46.98639,-68.28327,Not LSOG,Not LSOG,,
721820217290487,2019-2023,46.83496,-68.22763,Not LSOG,Not LSOG,,
721820218290487,2019-2023,46.74018,-68.27516,LS,Transitioning LS,,
721820219290487,2019-2023,46.8369,-68.42226,Not LSOG,Not LSOG,1,1
721820220290487,2019-2023,46.6277,-68.38225,Not LSOG,Not LSOG,,
721820221290487,2019-2023,46.53831,-68.4591,Not LSOG,Not LSOG,1,1
721820222290487,2019-2023,46.71937,-68.49773,Not LSOG,Not LSOG,1,1
721820223290487,2019-2023,46.63654,-68.58273,Transitioning LS,Not LSOG,,1
721820225290487,2019-2023,45.04931,-68.75709,Not LSOG,Not LSOG,,
721820226290487,2019-2023,44.96231,-68.839116,Not LSOG,Not LSOG,,
721820227290487,2019-2023,44.99574,-68.99659,Not LSOG,Not LSOG,,
721820229290487,2019-2023,44.74329,-68.91022,Not LSOG,Not LSOG,,
721820230290487,2019-2023,44.76033,-69.00477,Transitioning LS,Not LSOG,,
721820231290487,2019-2023,44.78819,-69.16704,Not LSOG,Not LSOG,,
721820232290487,2019-2023,44.62289,-69.11395,Not LSOG,Not LSOG,,
721820233290487,2019-2023,45.4889,-68.77115,Not LSOG,Not LSOG,,1
721820234290487,2019-2023,45.44946,-68.84849,Transitioning LS,Transitioning LS,,2
721820235290487,2019-2023,45.33122,-68.7166,Transitioning LS,Transitioning LS,,
721820236290487,2019-2023,45.26671,-68.77035,LS,Transitioning LS,,
721820237290487,2019-2023,45.29501,-68.96633,Not LSOG,Not LSOG,,
721820238290487,2019-2023,45.14039,-68.90036,Not LSOG,Not LSOG,,1
721820239290487,2019-2023,45.05913,-68.95072,Not LSOG,Not LSOG,,
721820240290487,2019-2023,45.14284,-69.08504,LS,Transitioning LS,,1
721820241290487,2019-2023,45.13335,-69.22582,Not LSOG,Not LSOG,,
721820242290487,2019-2023,45.07703,-69.1249,Not LSOG,Not LSOG,,
721820243290487,2019-2023,45.01771,-69.17053,Not LSOG,Not LSOG,,
721820244290487,2019-2023,44.91316,-68.47702,Not LSOG,Not LSOG,,1
721820245290487,2019-2023,44.99327,-68.60366,Not LSOG,Not LSOG,,
721820247290487,2019-2023,45.91246,-70.20887,Not LSOG,Not LSOG,,1
721820248290487,2019-2023,45.72576,-70.20302,Not LSOG,Not LSOG,,1
721820249290487,2019-2023,45.82252,-70.10521,Not LSOG,Not LSOG,,2
721820250290487,2019-2023,45.69559,-70.22191,Not LSOG,Not LSOG,,1
721820251290487,2019-2023,45.78567,-70.32144,Not LSOG,Not LSOG,,1
721820252290487,2019-2023,45.72956,-70.32749,Transitioning LS,Transitioning LS,,1
721820253290487,2019-2023,45.6105,-70.43579,Not LSOG,Not LSOG,,1
721820254290487,2019-2023,45.52117,-70.30003,Not LSOG,Not LSOG,,1
721820255290487,2019-2023,45.4704,-70.38061,Not LSOG,Not LSOG,,1
721820256290487,2019-2023,45.55587,-70.50986,Not LSOG,Not LSOG,,2
721820257290487,2019-2023,45.48889,-70.54969,Not LSOG,Not LSOG,,1
721820258290487,2019-2023,45.34432,-70.48944,Transitioning LS,Transitioning LS,,2
721820259290487,2019-2023,45.25735,-70.57278,Not LSOG,Not LSOG,,
721820260290487,2019-2023,45.34155,-70.66247,Not LSOG,Not LSOG,,3
721820261290487,2019-2023,47.14591,-68.94245,Transitioning LS,Not LSOG,,1
721820262290487,2019-2023,47.22949,-69.0713,Not LSOG,Not LSOG,,1
721820263290487,2019-2023,47.34667,-69.18892,Transitioning LS,Not LSOG,,1
721820264290487,2019-2023,47.1658,-69.1209,Transitioning LS,Not LSOG,,1
721820265290487,2019-2023,47.06957,-69.15952,Not LSOG,Not LSOG,,1
721820266290487,2019-2023,46.22503,-69.55012,Not LSOG,Not LSOG,1,1
721820267290487,2019-2023,43.26695,-70.75706,Not LSOG,Not LSOG,,
721820269290487,2019-2023,45.39772,-67.46192,Not LSOG,Not LSOG,,1
721820270290487,2019-2023,45.28253,-67.53551,Not LSOG,Not LSOG,,
721820272290487,2019-2023,45.10416,-67.53323,Not LSOG,Not LSOG,,
721820273290487,2019-2023,45.17516,-67.65225,Not LSOG,Not LSOG,,1
721820274290487,2019-2023,45.14291,-67.76784,Not LSOG,Not LSOG,,1
721820276290487,2019-2023,45.03506,-67.74696,Not LSOG,Not LSOG,,1
721820277290487,2019-2023,44.94954,-67.65638,Not LSOG,Not LSOG,,
721820278290487,2019-2023,44.90208,-67.66293,Not LSOG,Not LSOG,,
721820279290487,2019-2023,43.39091,-70.48395,Transitioning LS,Not LSOG,,
721820280290487,2019-2023,44.85407,-68.55934,Not LSOG,Not LSOG,,
721820281290487,2019-2023,44.78007,-68.61732,Not LSOG,Not LSOG,,
721820282290487,2019-2023,44.86468,-68.70796,Not LSOG,Not LSOG,,
721820283290487,2019-2023,44.69123,-68.65605,Not LSOG,Not LSOG,,
721820286290487,2019-2023,44.63322,-68.71612,Transitioning LS,Not LSOG,,
721820288290487,2019-2023,44.51229,-68.83996,Not LSOG,Not LSOG,,
721820289290487,2019-2023,44.58105,-68.9476,Not LSOG,Not LSOG,,
721820290290487,2019-2023,44.53106,-68.98963,Not LSOG,Not LSOG,,
721820292290487,2019-2023,45.02692,-67.11466,Not LSOG,Not LSOG,,
721820293290487,2019-2023,44.96707,-67.24304,Not LSOG,Not LSOG,,
721820294290487,2019-2023,44.84648,-67.22527,Not LSOG,Not LSOG,,1
721820295290487,2019-2023,44.73547,-67.23832,Transitioning LS,Not LSOG,,
721820298290487,2019-2023,45.03198,-67.17844,Not LSOG,Not LSOG,,
721820299290487,2019-2023,45.13756,-67.28659,Not LSOG,Not LSOG,,
721820301290487,2019-2023,44.97224,-67.40873,Not LSOG,Not LSOG,,
721820302290487,2019-2023,44.89965,-67.28654,Not LSOG,Not LSOG,,1
721820303290487,2019-2023,45.11457,-67.36124,Not LSOG,Not LSOG,,
721820304290487,2019-2023,44.88655,-67.47946,Not LSOG,Not LSOG,,1
721820305290487,2019-2023,44.86222,-67.5285,Not LSOG,Not LSOG,,1
721820306290487,2019-2023,44.79957,-67.60287,Transitioning LS,Transitioning LS,,
721820307290487,2019-2023,44.71821,-67.46889,Not LSOG,Not LSOG,,
721820308290487,2019-2023,44.953,-67.48553,Transitioning LS,Not LSOG,,1
721820309290487,2019-2023,45.04286,-67.60261,Transitioning LS,Transitioning LS,,
721820310290487,2019-2023,44.33196,-68.1865,Not LSOG,Not LSOG,,
721820311290487,2019-2023,44.4508,-69.06389,Transitioning LS,Not LSOG,,
721820312290487,2019-2023,45.5866,-68.70628,Not LSOG,Not LSOG,,2
721820313290487,2019-2023,45.6579,-68.82931,Not LSOG,Not LSOG,,2
721820314290487,2019-2023,45.36262,-68.90228,Not LSOG,Not LSOG,,1
721820315290487,2019-2023,45.45177,-68.96904,Not LSOG,Not LSOG,,1
721820317290487,2019-2023,44.23516,-69.82715,Not LSOG,Not LSOG,,
721820319290487,2019-2023,46.1599,-68.6001,Not LSOG,Not LSOG,,1
721820320290487,2019-2023,46.01111,-68.53107,Not LSOG,Not LSOG,,
721820321290487,2019-2023,44.62863,-69.88209,Not LSOG,Not LSOG,,
721820322290487,2019-2023,43.78303,-70.78184,Not LSOG,Not LSOG,,
721820323290487,2019-2023,43.50087,-70.78242,Not LSOG,Not LSOG,,
721820324290487,2019-2023,43.35907,-70.89076,Not LSOG,Not LSOG,,
721820325290487,2019-2023,45.90905,-69.00468,Transitioning LS,Not LSOG,,2
721820326290487,2019-2023,44.7968,-69.72288,Not LSOG,Not LSOG,,
721820328290487,2019-2023,46.37002,-69.00399,Not LSOG,Not LSOG,1,1
721820329290487,2019-2023,46.57066,-69.13325,Not LSOG,Not LSOG,,1
721820330290487,2019-2023,45.20805,-69.95357,Not LSOG,Not LSOG,,1
721820331290487,2019-2023,46.17916,-69.76494,Not LSOG,Not LSOG,,1
721820332290487,2019-2023,45.07093,-70.91185,Not LSOG,Not LSOG,1,1
721820333290487,2019-2023,44.298624,-71.005368,Not LSOG,Not LSOG,,1
721820334290487,2019-2023,44.387754,-70.920104,Not LSOG,Not LSOG,,
721820335290487,2019-2023,44.336288,-70.875526,Not LSOG,Not LSOG,,2
815193695290487,2019-2023,43.78565,-70.313,Transitioning LS,Transitioning LS,,
815193696290487,2019-2023,43.96371,-70.5588,Not LSOG,Not LSOG,,
815193697290487,2019-2023,43.59944,-70.65955,Not LSOG,Not LSOG,,
815193698290487,2019-2023,46.01202,-68.88876,Not LSOG,Not LSOG,,2
815193699290487,2019-2023,45.23954,-69.77591,Not LSOG,Not LSOG,,1
815193701290487,2019-2023,45.16335,-69.00569,Not LSOG,Not LSOG,,1
815193702290487,2019-2023,45.09566,-69.07129,Transitioning LS,Transitioning LS,,
815193704290487,2019-2023,44.25488,-70.45233,Not LSOG,Not LSOG,,
815193706290487,2019-2023,44.31849,-70.86647,Transitioning LS,Transitioning LS,,2
815193708290487,2019-2023,44.19777,-69.10233,Not LSOG,Not LSOG,,
815193709290487,2019-2023,43.968272,-69.403113,Not LSOG,Not LSOG,,
815193710290487,2019-2023,44.71196,-68.99521,LS,Transitioning LS,,
815193711290487,2019-2023,44.49541,-69.14936,Transitioning LS,Transitioning LS,,
815193712290487,2019-2023,45.39639,-70.18563,Not LSOG,Not LSOG,,1
815193713290487,2019-2023,45.02598,-70.42357,Not LSOG,Not LSOG,,1
815193716290487,2019-2023,44.54957,-70.89243,LS,Transitioning LS,,
815193717290487,2019-2023,46.90982,-69.31959,Not LSOG,Not LSOG,,1
815193718290487,2019-2023,45.88441,-69.66482,Not LSOG,Not LSOG,,1
815193719290487,2019-2023,46.4535,-68.10553,Not LSOG,Not LSOG,,1
815193720290487,2019-2023,45.87057,-68.41858,Not LSOG,Not LSOG,,
815193721290487,2019-2023,43.91534,-70.06221,Not LSOG,Not LSOG,,
815193722290487,2019-2023,47.12604,-67.89976,Not LSOG,Not LSOG,,1
815193723290487,2019-2023,46.7064,-68.26941,Not LSOG,Not LSOG,,
815193724290487,2019-2023,46.40018,-68.34653,Not LSOG,Not LSOG,1,1
815193725290487,2019-2023,46.13399,-68.60126,Not LSOG,Not LSOG,,1
815193726290487,2019-2023,45.57342,-69.06195,Transitioning LS,Not LSOG,,1
815193728290487,2019-2023,44.02404,-69.18272,Not LSOG,Not LSOG,,
815193729290487,2019-2023,45.67179,-68.19866,Not LSOG,Not LSOG,,1
815193730290487,2019-2023,44.79616,-68.93698,Not LSOG,Not LSOG,,
815193731290487,2019-2023,44.20227,-69.43225,Not LSOG,Not LSOG,,
815193732290487,2019-2023,43.97461,-69.75875,Not LSOG,Not LSOG,,
815193733290487,2019-2023,45.85836,-69.40354,Not LSOG,Not LSOG,,1
815193734290487,2019-2023,45.00216,-70.13144,Not LSOG,Not LSOG,,2
815193735290487,2019-2023,44.16436,-70.80379,Not LSOG,Not LSOG,,
815193736290487,2019-2023,47.03433,-68.38314,Not LSOG,Not LSOG,,2
815193737290487,2019-2023,47.12601,-68.51521,Not LSOG,Not LSOG,,
815193738290487,2019-2023,46.74837,-68.63992,Transitioning LS,Transitioning LS,,2
815193739290487,2019-2023,46.55385,-69.01933,Not LSOG,Not LSOG,2,2
815193741290487,2019-2023,44.74364,-69.47899,Not LSOG,Not LSOG,,
815193742290487,2019-2023,44.71338,-69.7703,Not LSOG,Not LSOG,,
815193744290487,2019-2023,43.85081,-70.51157,Not LSOG,Not LSOG,,
815193746290487,2019-2023,43.30208,-70.85986,Not LSOG,Not LSOG,,
815193747290487,2019-2023,47.13468,-68.08262,Not LSOG,Not LSOG,,1
815193748290487,2019-2023,46.15375,-68.75257,Not LSOG,Not LSOG,,1
815193749290487,2019-2023,46.17135,-68.93648,Transitioning LS,Transitioning LS,,2
815193750290487,2019-2023,44.69426,-67.83945,Not LSOG,Not LSOG,,
815193751290487,2019-2023,44.60571,-68.3013,Not LSOG,Not LSOG,,1
815193752290487,2019-2023,44.30869,-68.36973,LS,Transitioning LS,,
815193753290487,2019-2023,44.44741,-68.68821,Not LSOG,Not LSOG,,
815193754290487,2019-2023,43.96318,-69.22922,Not LSOG,Not LSOG,,
815193755290487,2019-2023,44.76765,-67.19312,Not LSOG,Not LSOG,,
815193756290487,2019-2023,46.265067,-69.671793,Not LSOG,Not LSOG,,1
815193757290487,2019-2023,46.19182,-69.72874,Not LSOG,Not LSOG,3,3
815193758290487,2019-2023,46.10633,-69.61192,Transitioning LS,Not LSOG,,2
815193759290487,2019-2023,46.04139,-69.67044,Not LSOG,Not LSOG,,1
815193760290487,2019-2023,46.13344,-69.76788,Not LSOG,Not LSOG,,3
815193761290487,2019-2023,46.05687,-69.84287,Not LSOG,Not LSOG,,1
815193762290487,2019-2023,45.90829,-69.95879,Not LSOG,Not LSOG,,1
815193763290487,2019-2023,45.92663,-69.77951,Not LSOG,Not LSOG,,2
815193764290487,2019-2023,45.88856,-69.79288,Transitioning LS,Transitioning LS,,1
815193765290487,2019-2023,45.81482,-69.84766,Not LSOG,Not LSOG,,1
815193766290487,2019-2023,46.00005,-69.92225,Not LSOG,Not LSOG,,1
815193767290487,2019-2023,45.73589,-69.94197,Not LSOG,Not LSOG,,1
815193769290487,2019-2023,45.78699,-70.07889,Not LSOG,Not LSOG,,1
815193770290487,2019-2023,44.4996,-69.881,Not LSOG,Not LSOG,,
815193771290487,2019-2023,44.36284,-70.07388,Not LSOG,Not LSOG,,
815193773290487,2019-2023,44.21372,-69.98962,Not LSOG,Not LSOG,,
815193774290487,2019-2023,44.30705,-70.12284,Not LSOG,Not LSOG,,
815193775290487,2019-2023,44.39462,-70.23573,Not LSOG,Not LSOG,,
815193776290487,2019-2023,44.21931,-70.15,Transitioning LS,Transitioning LS,,
815193777290487,2019-2023,44.16325,-70.22967,Not LSOG,Not LSOG,,
815193778290487,2019-2023,44.04633,-70.11403,Transitioning LS,Not LSOG,,
815193779290487,2019-2023,43.9873,-70.20527,Transitioning LS,Not LSOG,,
815193780290487,2019-2023,44.09038,-70.27821,Not LSOG,Not LSOG,,
815193781290487,2019-2023,44.18539,-70.41902,Not LSOG,Not LSOG,,
815193782290487,2019-2023,44.02649,-70.3345,Not LSOG,Not LSOG,,
815193783290487,2019-2023,43.95307,-70.39467,Not LSOG,Not LSOG,,
815193785290487,2019-2023,43.27221,-70.71284,Transitioning LS,Transitioning LS,,
815193787290487,2019-2023,44.96462,-69.17834,Not LSOG,Not LSOG,,
815193788290487,2019-2023,44.98285,-69.387,Transitioning LS,Transitioning LS,,
815193789290487,2019-2023,44.85267,-69.30866,Not LSOG,Not LSOG,,
815193790290487,2019-2023,44.75503,-69.35411,Not LSOG,Not LSOG,,
815193791290487,2019-2023,44.77605,-69.54405,Not LSOG,Not LSOG,,
815193792290487,2019-2023,44.68186,-69.43126,Not LSOG,Not LSOG,,
815193793290487,2019-2023,44.60504,-69.47155,Not LSOG,Not LSOG,,
815193795290487,2019-2023,46.3134,-67.78629,Not LSOG,Not LSOG,,
815193797290487,2019-2023,43.73676,-70.55294,Not LSOG,Not LSOG,,
815193798290487,2019-2023,43.58328,-70.47655,Not LSOG,Not LSOG,,
815193799290487,2019-2023,43.67069,-70.60236,Not LSOG,Not LSOG,,
815193800290487,2019-2023,43.75421,-70.72516,Not LSOG,Not LSOG,,
815193801290487,2019-2023,43.52451,-70.71091,Not LSOG,Not LSOG,,
815193803290487,2019-2023,43.44852,-70.77132,Not LSOG,Not LSOG,,
815193804290487,2019-2023,43.55278,-70.78085,Not LSOG,Not LSOG,,
815193805290487,2019-2023,43.43454,-70.90855,Not LSOG,Not LSOG,,
815193806290487,2019-2023,43.38441,-70.82266,Not LSOG,Not LSOG,,
815193807290487,2019-2023,45.65564,-69.20027,Not LSOG,Not LSOG,,1
815193808290487,2019-2023,45.50394,-69.12245,Transitioning LS,Not LSOG,,1
815193809290487,2019-2023,45.4405,-69.17912,Not LSOG,Not LSOG,,1
815193810290487,2019-2023,45.34165,-69.06317,Not LSOG,Not LSOG,,2
815193812290487,2019-2023,45.35268,-69.25647,Not LSOG,Not LSOG,,1
815193813290487,2019-2023,45.46056,-69.36021,Not LSOG,Not LSOG,,1
815193815290487,2019-2023,45.22289,-69.18417,Not LSOG,Not LSOG,,
815193816290487,2019-2023,45.04617,-69.31529,Not LSOG,Not LSOG,,
815193817290487,2019-2023,45.12585,-69.41477,Not LSOG,Not LSOG,,
815193818290487,2019-2023,45.16927,-69.60281,Not LSOG,Not LSOG,,1
815193819290487,2019-2023,45.08281,-69.51276,Not LSOG,Not LSOG,,
815193821290487,2019-2023,46.16935,-67.932,Not LSOG,Not LSOG,,
815193822290487,2019-2023,46.0832,-67.83225,Not LSOG,Not LSOG,,
815193823290487,2019-2023,46.03186,-67.89262,Transitioning LS,Transitioning LS,,
815193825290487,2019-2023,45.95913,-67.9347,Not LSOG,Not LSOG,,1
815193826290487,2019-2023,46.06086,-68.05087,Not LSOG,Not LSOG,,
815193827290487,2019-2023,45.98684,-68.11332,Not LSOG,Not LSOG,,1
815193828290487,2019-2023,45.8103,-67.91465,Not LSOG,Not LSOG,,
815193829290487,2019-2023,45.81148,-68.05434,Not LSOG,Not LSOG,,1
815193830290487,2019-2023,45.89737,-68.2305,Not LSOG,Not LSOG,,2
815193831290487,2019-2023,45.7686,-68.12481,Not LSOG,Not LSOG,,1
815193832290487,2019-2023,45.83514,-68.23147,Not LSOG,Not LSOG,,1
815193833290487,2019-2023,45.78849,-68.30609,Not LSOG,Not LSOG,,1
815193836290487,2019-2023,44.25503,-69.05536,Transitioning LS,Transitioning LS,,
815193837290487,2019-2023,44.25435,-69.17886,Not LSOG,Not LSOG,,
815193840290487,2019-2023,43.93421,-69.52369,Transitioning LS,Transitioning LS,,
815193841290487,2019-2023,44.93531,-67.86389,Not LSOG,Not LSOG,,1
815193844290487,2019-2023,46.40813,-67.91559,Not LSOG,Not LSOG,,1
815193845290487,2019-2023,46.34433,-67.97624,Not LSOG,Not LSOG,,1
815193846290487,2019-2023,46.29364,-68.02737,Transitioning LS,Transitioning LS,,1
815193847290487,2019-2023,46.10496,-68.04749,Not LSOG,Not LSOG,,
815193848290487,2019-2023,46.24395,-68.29025,Not LSOG,Not LSOG,,1
815193849290487,2019-2023,46.1471,-68.29221,Not LSOG,Not LSOG,,
815193850290487,2019-2023,45.80689,-67.86405,Transitioning LS,Not LSOG,,
815193851290487,2019-2023,45.77639,-67.94911,Not LSOG,Not LSOG,,
815193852290487,2019-2023,45.58088,-67.94371,Not LSOG,Not LSOG,,1
815193853290487,2019-2023,45.4952,-67.94738,Not LSOG,Not LSOG,,1
815193854290487,2019-2023,45.64871,-68.00503,Not LSOG,Not LSOG,,1
815193855290487,2019-2023,45.58788,-68.05439,Not LSOG,Not LSOG,,1
815193856290487,2019-2023,45.51395,-68.00372,Not LSOG,Not LSOG,,1
815193857290487,2019-2023,45.49619,-68.16922,Transitioning LS,Transitioning LS,,1
815193858290487,2019-2023,44.84897,-68.30849,Not LSOG,Not LSOG,,
815193859290487,2019-2023,44.60114,-68.17365,Not LSOG,Not LSOG,,
815193861290487,2019-2023,44.77047,-68.36816,Transitioning LS,Transitioning LS,,
815193862290487,2019-2023,44.71128,-68.38831,Not LSOG,Not LSOG,,
815193866290487,2019-2023,44.55682,-68.56394,Not LSOG,Not LSOG,,
815193868290487,2019-2023,44.38316,-68.72828,Transitioning LS,Transitioning LS,,
815193869290487,2019-2023,44.36202,-68.72825,Not LSOG,Not LSOG,,
815193871290487,2019-2023,44.65308,-69.23975,Not LSOG,Not LSOG,,
815193872290487,2019-2023,44.58564,-69.28951,Not LSOG,Not LSOG,,
815193873290487,2019-2023,44.50553,-69.3493,Transitioning LS,Transitioning LS,,
815193874290487,2019-2023,44.41869,-69.24734,Transitioning LS,Not LSOG,,
815193875290487,2019-2023,44.34135,-69.32396,Not LSOG,Not LSOG,,
815193876290487,2019-2023,44.41436,-69.35835,Not LSOG,Not LSOG,,
815193877290487,2019-2023,44.28742,-69.36135,Not LSOG,Not LSOG,,
815193878290487,2019-2023,44.37395,-69.47544,Not LSOG,Not LSOG,,
815193879290487,2019-2023,44.43012,-69.47414,Not LSOG,Not LSOG,,
815193880290487,2019-2023,44.15095,-69.48331,Not LSOG,Not LSOG,,
815193882290487,2019-2023,44.01747,-69.77947,Not LSOG,Not LSOG,,
815193885290487,2019-2023,43.88734,-69.86624,LS,LS,,
815193886290487,2019-2023,43.79409,-69.75613,Not LSOG,Not LSOG,,
815193887290487,2019-2023,43.82164,-69.95501,Not LSOG,Not LSOG,,
815193888290487,2019-2023,46.62259,-68.24622,Not LSOG,Not LSOG,,2
815193889290487,2019-2023,45.76603,-68.36018,Not LSOG,Not LSOG,,1
815193890290487,2019-2023,45.58442,-68.29553,Not LSOG,Not LSOG,,
815193891290487,2019-2023,45.64236,-68.40888,Not LSOG,Not LSOG,,1
815193892290487,2019-2023,45.56166,-68.47447,Not LSOG,Not LSOG,,
815193893290487,2019-2023,45.48915,-68.53556,Not LSOG,Not LSOG,,1
815193894290487,2019-2023,45.4717,-68.43055,Transitioning LS,Not LSOG,,
815193895290487,2019-2023,45.47573,-68.36177,Not LSOG,Not LSOG,,
815193896290487,2019-2023,45.33736,-68.4675,Not LSOG,Not LSOG,,
815193897290487,2019-2023,45.30227,-68.6919,Not LSOG,Not LSOG,,
815193898290487,2019-2023,45.34436,-68.6668,Not LSOG,Not LSOG,,
815193900290487,2019-2023,45.19668,-68.60219,Transitioning LS,Not LSOG,,
815193901290487,2019-2023,45.41868,-68.59712,Transitioning LS,Transitioning LS,,2
815193902290487,2019-2023,45.39711,-67.8327,Not LSOG,Not LSOG,,1
815193903290487,2019-2023,45.33312,-67.88922,Not LSOG,Not LSOG,,1
815193904290487,2019-2023,44.13934,-68.89501,Not LSOG,Not LSOG,,
815193906290487,2019-2023,45.56917,-67.46088,Transitioning LS,Transitioning LS,,
815193907290487,2019-2023,45.5069,-67.53064,Not LSOG,Not LSOG,,1
815193908290487,2019-2023,45.59233,-67.67321,Not LSOG,Not LSOG,,1
815193909290487,2019-2023,45.52174,-67.72622,Not LSOG,Not LSOG,,1
815193910290487,2019-2023,45.60851,-67.81293,Not LSOG,Not LSOG,,
815193911290487,2019-2023,45.46384,-67.76938,Not LSOG,Not LSOG,,1
815193912290487,2019-2023,45.36257,-67.64327,Transitioning LS,Transitioning LS,,1
815193913290487,2019-2023,45.31424,-67.70193,Not LSOG,Not LSOG,,
815193914290487,2019-2023,47.00546,-69.41242,Not LSOG,Not LSOG,,3
815193915290487,2019-2023,46.93098,-69.51695,Not LSOG,Not LSOG,,1
815193916290487,2019-2023,47.02888,-69.60595,Not LSOG,Not LSOG,1,1
815193917290487,2019-2023,46.96859,-69.67165,Not LSOG,Not LSOG,1,1
815193918290487,2019-2023,46.8746,-69.74182,Not LSOG,Not LSOG,,1
815193919290487,2019-2023,46.78053,-69.58857,Transitioning LS,Not LSOG,,1
815193920290487,2019-2023,46.72699,-69.66319,Not LSOG,Not LSOG,1,1
815193921290487,2019-2023,46.82538,-69.79444,Not LSOG,Not LSOG,,1
815193922290487,2019-2023,46.78218,-69.78201,Not LSOG,Not LSOG,,1
815193923290487,2019-2023,46.74375,-69.84495,Not LSOG,Not LSOG,,1
815193924290487,2019-2023,46.69208,-69.89413,Not LSOG,Not LSOG,,1
815193925290487,2019-2023,46.58974,-69.78296,Not LSOG,Not LSOG,1,1
815193926290487,2019-2023,46.51897,-69.84215,Transitioning LS,Not LSOG,,1
815193927290487,2019-2023,46.59444,-69.95658,Not LSOG,Not LSOG,,1
815193928290487,2019-2023,46.37486,-69.97429,Not LSOG,Not LSOG,,1
815193929290487,2019-2023,46.31056,-70.02895,Not LSOG,Not LSOG,,1
815193930290487,2019-2023,47.1068,-69.22369,Not LSOG,Not LSOG,,1
815193931290487,2019-2023,44.10508,-69.67293,Not LSOG,Not LSOG,,
815193932290487,2019-2023,44.00543,-69.57662,Not LSOG,Not LSOG,,
815193933290487,2019-2023,43.9623,-69.68525,Transitioning LS,Not LSOG,,
815193934290487,2019-2023,45.35163,-68.07235,Transitioning LS,Transitioning LS,,1
815193936290487,2019-2023,45.16313,-67.82606,Not LSOG,Not LSOG,,1
815193937290487,2019-2023,45.06556,-67.83003,LS,LS,,1
815193938290487,2019-2023,45.18309,-68.0126,Transitioning LS,Transitioning LS,,
815193939290487,2019-2023,45.10949,-68.08691,Not LSOG,Not LSOG,,3
815193940290487,2019-2023,45.21949,-68.15842,Not LSOG,Not LSOG,,
815193942290487,2019-2023,44.95342,-68.01004,Not LSOG,Not LSOG,,2
815193943290487,2019-2023,44.88527,-68.06323,Not LSOG,Not LSOG,,1
815193944290487,2019-2023,44.97953,-68.17885,Not LSOG,Not LSOG,,1
815193945290487,2019-2023,44.88843,-68.17065,Not LSOG,Not LSOG,,2
815193946290487,2019-2023,44.88615,-68.33486,Transitioning LS,Transitioning LS,,
815193948290487,2019-2023,44.26219,-68.36063,Transitioning LS,Not LSOG,,
815193950290487,2019-2023,44.18557,-68.65713,Not LSOG,Not LSOG,,
815193951290487,2019-2023,47.15186,-69.28231,Not LSOG,Not LSOG,,1
815193952290487,2019-2023,47.25792,-69.4058,Transitioning LS,Not LSOG,,3
815193953290487,2019-2023,47.20067,-69.41991,Not LSOG,Not LSOG,,1
815193954290487,2019-2023,47.18405,-69.49099,Not LSOG,Not LSOG,,2
815193955290487,2019-2023,47.10146,-69.55954,Transitioning LS,Not LSOG,1,1
815193956290487,2019-2023,47.08706,-69.37077,Not LSOG,Not LSOG,,1
815193957290487,2019-2023,46.89983,-69.37224,Not LSOG,Not LSOG,,1
815193958290487,2019-2023,46.87484,-69.52416,Not LSOG,Not LSOG,,2
815193959290487,2019-2023,46.63708,-69.43103,Not LSOG,Not LSOG,,1
815193960290487,2019-2023,46.63401,-69.5514,Not LSOG,Not LSOG,,1
815193961290487,2019-2023,47.23346,-68.62101,Not LSOG,Not LSOG,,
815193962290487,2019-2023,47.21658,-68.67714,Transitioning LS,Transitioning LS,,
815193963290487,2019-2023,47.15056,-68.67043,Transitioning LS,Transitioning LS,,
815193964290487,2019-2023,47.08824,-68.77577,Not LSOG,Not LSOG,,2
815193965290487,2019-2023,47.17662,-68.87907,Not LSOG,Not LSOG,,1
815193966290487,2019-2023,47.01234,-68.82531,Not LSOG,Not LSOG,,1
815193967290487,2019-2023,47.09905,-68.94218,Not LSOG,Not LSOG,,4
815193968290487,2019-2023,46.87347,-69.17378,Not LSOG,Not LSOG,,1
815193969290487,2019-2023,46.92364,-68.87102,Transitioning LS,Not LSOG,,1
815193970290487,2019-2023,46.86641,-68.9498,Not LSOG,Not LSOG,,1
815193971290487,2019-2023,46.96744,-69.06041,Not LSOG,Not LSOG,,1
815193972290487,2019-2023,46.80065,-68.98962,Not LSOG,Not LSOG,,3
815193973290487,2019-2023,46.89803,-69.11525,Not LSOG,Not LSOG,,1
815193974290487,2019-2023,46.60062,-69.19304,Not LSOG,Not LSOG,,1
815193975290487,2019-2023,44.38858,-70.81745,Not LSOG,Not LSOG,,
815193976290487,2019-2023,44.23057,-70.89292,Not LSOG,Not LSOG,,
815193977290487,2019-2023,44.08611,-70.85819,Not LSOG,Not LSOG,,
815193979290487,2019-2023,44.63828,-71.01475,Not LSOG,Not LSOG,,1
815193980290487,2019-2023,44.48103,-70.92898,Transitioning LS,Transitioning LS,,3
815193981290487,2019-2023,44.39169,-70.99557,LS,LS,,
815193982290487,2019-2023,44.89943,-70.44213,Not LSOG,Not LSOG,,1
815193983290487,2019-2023,44.73232,-70.38177,Transitioning LS,Transitioning LS,,
815193984290487,2019-2023,44.65366,-70.42779,Not LSOG,Not LSOG,,
815193985290487,2019-2023,44.93796,-70.28901,Transitioning LS,Transitioning LS,,1
815193986290487,2019-2023,44.66086,-70.58341,Transitioning LS,Transitioning LS,,
815193987290487,2019-2023,44.46793,-70.61279,Not LSOG,Not LSOG,,1
815193988290487,2019-2023,44.47677,-70.582,Not LSOG,Not LSOG,,1
815193989290487,2019-2023,44.59489,-70.6362,Not LSOG,Not LSOG,,
815193991290487,2019-2023,44.45491,-70.75084,Not LSOG,Not LSOG,,
815193992290487,2019-2023,44.29575,-70.6983,Not LSOG,Not LSOG,,1
815193993290487,2019-2023,44.22419,-70.74315,LS,LS,,
815193994290487,2019-2023,46.46247,-68.82858,Transitioning LS,Transitioning LS,1,1
815193995290487,2019-2023,46.3351,-69.00406,Not LSOG,Not LSOG,2,2
815193996290487,2019-2023,46.49125,-69.06277,Transitioning LS,Not LSOG,,1
815193997290487,2019-2023,46.426177,-69.112341,Not LSOG,Not LSOG,1,1
815193998290487,2019-2023,46.37607,-69.18813,Not LSOG,Not LSOG,2,2
815193999290487,2019-2023,46.19627,-69.1305,Not LSOG,Not LSOG,,1
815194000290487,2019-2023,46.13199,-69.18858,LS,LS,,1
815194002290487,2019-2023,46.14926,-69.3711,Not LSOG,Not LSOG,,1
815194003290487,2019-2023,45.9822,-69.28377,Not LSOG,Not LSOG,,1
815194004290487,2019-2023,45.38515,-70.79489,Transitioning LS,Transitioning LS,,1
815194005290487,2019-2023,45.2364,-70.71722,Transitioning LS,Not LSOG,,1
815194007290487,2019-2023,45.22474,-70.86291,Not LSOG,Not LSOG,,
815194008290487,2019-2023,45.1709,-70.96003,Not LSOG,Not LSOG,,1
815194009290487,2019-2023,44.95568,-70.92449,Not LSOG,Not LSOG,,1
815194010290487,2019-2023,45.02067,-70.89772,Not LSOG,Not LSOG,2,2
815194011290487,2019-2023,45.35583,-69.82731,Not LSOG,Not LSOG,,1
815194012290487,2019-2023,45.26829,-69.88812,Transitioning LS,Transitioning LS,,2
815194013290487,2019-2023,45.38873,-70.01822,Transitioning LS,Not LSOG,,1
815194014290487,2019-2023,45.22044,-70.1281,Not LSOG,Not LSOG,,1
815194015290487,2019-2023,45.11926,-70.05874,Not LSOG,Not LSOG,,1
815194016290487,2019-2023,45.07013,-70.05548,Not LSOG,Not LSOG,,1
815194018290487,2019-2023,44.91802,-70.17949,Not LSOG,Not LSOG,,2
815194019290487,2019-2023,44.86262,-70.23585,Not LSOG,Not LSOG,,1
815194020290487,2019-2023,45.00063,-70.25219,Not LSOG,Not LSOG,,1
815194021290487,2019-2023,45.67552,-69.95959,Not LSOG,Not LSOG,,1
815194022290487,2019-2023,45.62857,-70.0859,Not LSOG,Not LSOG,,1
815194023290487,2019-2023,45.70653,-70.14033,Not LSOG,Not LSOG,,1
815194024290487,2019-2023,45.53456,-70.07727,Not LSOG,Not LSOG,,1
815194025290487,2019-2023,45.62525,-70.19295,Not LSOG,Not LSOG,,1
815194026290487,2019-2023,45.52209,-70.14058,Not LSOG,Not LSOG,,1
815194027290487,2019-2023,45.44679,-70.13664,Not LSOG,Not LSOG,,1
815194028290487,2019-2023,45.49652,-70.29904,Not LSOG,Not LSOG,,1
815194029290487,2019-2023,45.32233,-70.24531,Not LSOG,Not LSOG,,4
815194030290487,2019-2023,45.41597,-70.36548,Not LSOG,Not LSOG,,2
815194031290487,2019-2023,45.34949,-70.42918,Not LSOG,Not LSOG,,2
815194032290487,2019-2023,45.25738,-70.30149,Not LSOG,Not LSOG,,1
815194033290487,2019-2023,45.16772,-70.36736,Not LSOG,Not LSOG,,1
815194034290487,2019-2023,45.27747,-70.48239,Transitioning LS,Transitioning LS,,1
815194035290487,2019-2023,45.91902,-69.3661,Not LSOG,Not LSOG,,1
815194036290487,2019-2023,46.00313,-69.48562,Not LSOG,Not LSOG,,1
815194037290487,2019-2023,45.91909,-69.60143,Not LSOG,Not LSOG,,1
815194038290487,2019-2023,45.75995,-69.4782,Not LSOG,Not LSOG,,2
815194039290487,2019-2023,45.71953,-69.55833,Transitioning LS,Not LSOG,,1
815194040290487,2019-2023,45.86349,-69.6054,Not LSOG,Not LSOG,,1
815194042290487,2019-2023,45.562188,-69.652199,Not LSOG,Not LSOG,,2
815194043290487,2019-2023,45.47747,-69.73288,Not LSOG,Not LSOG,,1
815194044290487,2019-2023,45.65119,-69.78176,Not LSOG,Not LSOG,,1
815194045290487,2019-2023,45.61056,-69.90698,Not LSOG,Not LSOG,,1
815194046290487,2019-2023,45.55099,-69.91976,Not LSOG,Not LSOG,,1
815194047290487,2019-2023,47.23492,-68.20173,Not LSOG,Not LSOG,,
815194051290487,2019-2023,46.35291,-70.1412,Not LSOG,Not LSOG,,1
815194052290487,2019-2023,46.16865,-70.15814,Not LSOG,Not LSOG,,1
815194053290487,2019-2023,46.09996,-70.20828,Not LSOG,Not LSOG,,1
815194054290487,2019-2023,45.5486,-70.67893,Not LSOG,Not LSOG,,2
815194055290487,2019-2023,45.247,-70.89851,Transitioning LS,Not LSOG,,
815194056290487,2019-2023,45.27083,-71.0704,Not LSOG,Not LSOG,,1
815194057290487,2019-2023,45.10223,-70.89046,Not LSOG,Not LSOG,2,2
815194059290487,2019-2023,44.20205,-70.57012,Transitioning LS,Transitioning LS,,
815194060290487,2019-2023,44.11625,-70.45419,Not LSOG,Not LSOG,,
815194061290487,2019-2023,44.04399,-70.5022,Not LSOG,Not LSOG,,
815194062290487,2019-2023,44.13594,-70.63154,Not LSOG,Not LSOG,,
815194064290487,2019-2023,44.00587,-70.75016,Not LSOG,Not LSOG,,
815194066290487,2019-2023,43.83063,-70.68399,Not LSOG,Not LSOG,,
815194067290487,2019-2023,43.91799,-70.79347,Not LSOG,Not LSOG,,
815194068290487,2019-2023,43.85565,-70.84398,Not LSOG,Not LSOG,,
815194069290487,2019-2023,43.94175,-70.97164,LS,LS,,
815194071290487,2019-2023,43.76854,-70.88403,Not LSOG,Not LSOG,,
815194072290487,2019-2023,43.6134,-70.84222,Not LSOG,Not LSOG,,
815194073290487,2019-2023,44.9137,-69.41447,Not LSOG,Not LSOG,,
815194074290487,2019-2023,44.8437,-69.46135,Not LSOG,Not LSOG,,
815194075290487,2019-2023,44.67838,-69.768,Not LSOG,Not LSOG,,
815194077290487,2019-2023,44.74299,-69.59742,Not LSOG,Not LSOG,,
815194078290487,2019-2023,44.81926,-69.77184,Not LSOG,Not LSOG,,
815194079290487,2019-2023,44.81542,-69.20432,Transitioning LS,Not LSOG,,
815194081290487,2019-2023,44.56212,-69.89976,Not LSOG,Not LSOG,,
815194082290487,2019-2023,44.40572,-69.83701,Not LSOG,Not LSOG,,
815194084290487,2019-2023,44.60504,-70.06755,Not LSOG,Not LSOG,,
815194085290487,2019-2023,46.53807,-68.04596,Not LSOG,Not LSOG,,1
815194086290487,2019-2023,46.59354,-68.15407,Not LSOG,Not LSOG,,
815194087290487,2019-2023,46.54278,-68.22496,Transitioning LS,Not LSOG,,1
815194088290487,2019-2023,46.47289,-68.2901,Not LSOG,Not LSOG,,1
815194089290487,2019-2023,46.37275,-68.155,Not LSOG,Not LSOG,,1
815194090290487,2019-2023,46.30583,-68.23269,Not LSOG,Not LSOG,,1
815194091290487,2019-2023,46.49779,-68.45194,Not LSOG,Not LSOG,,1
815194092290487,2019-2023,46.33496,-68.3894,Not LSOG,Not LSOG,,1
815194093290487,2019-2023,46.25548,-68.44746,Not LSOG,Not LSOG,,1
815194094290487,2019-2023,46.16732,-68.34451,Not LSOG,Not LSOG,,2
815194095290487,2019-2023,46.1012,-68.41203,Not LSOG,Not LSOG,,
815194096290487,2019-2023,46.29189,-68.52986,Not LSOG,Not LSOG,,1
815194098290487,2019-2023,45.02399,-67.95408,Not LSOG,Not LSOG,,1
815194099290487,2019-2023,44.84582,-67.82643,Not LSOG,Not LSOG,,1
815194100290487,2019-2023,44.77755,-67.94292,Not LSOG,Not LSOG,,1
815194101290487,2019-2023,44.62313,-67.8714,Not LSOG,Not LSOG,,
815194102290487,2019-2023,44.70874,-68.01579,LS,Transitioning LS,,1
815194103290487,2019-2023,44.81561,-68.1299,Not LSOG,Not LSOG,,1
815194104290487,2019-2023,44.67754,-68.01929,Not LSOG,Not LSOG,,1
815194105290487,2019-2023,44.67378,-68.06017,Not LSOG,Not LSOG,,1
815194106290487,2019-2023,44.58913,-68.12885,Transitioning LS,Transitioning LS,,2
815194107290487,2019-2023,44.42277,-67.97793,Not LSOG,Not LSOG,,
815194108290487,2019-2023,44.44929,-68.06583,Not LSOG,Not LSOG,,
815194109290487,2019-2023,44.49382,-68.17986,Not LSOG,Not LSOG,,
815194111290487,2019-2023,44.36498,-68.27719,Not LSOG,Not LSOG,,
815194112290487,2019-2023,44.74723,-67.60508,Not LSOG,Not LSOG,,1
815194114290487,2019-2023,44.76248,-67.76985,Not LSOG,Not LSOG,,
815194115290487,2019-2023,44.61348,-67.73141,Not LSOG,Not LSOG,,
815194119290487,2019-2023,44.54919,-69.68736,Transitioning LS,Transitioning LS,,
815194120290487,2019-2023,46.71263,-69.73093,Transitioning LS,Transitioning LS,,1
815194121290487,2019-2023,46.47408,-69.68995,Not LSOG,Not LSOG,,1
815194122290487,2019-2023,46.41949,-69.7294,Not LSOG,Not LSOG,,1
815194123290487,2019-2023,46.51946,-69.75325,Not LSOG,Not LSOG,1,1
815194124290487,2019-2023,46.45415,-69.89936,Not LSOG,Not LSOG,,1
815194125290487,2019-2023,46.21954,-69.90528,Transitioning LS,Transitioning LS,,1
815194126290487,2019-2023,46.20442,-70.04342,Not LSOG,Not LSOG,,2
815194127290487,2019-2023,46.05916,-70.15373,Not LSOG,Not LSOG,,1
815194128290487,2019-2023,46.01636,-70.07351,Not LSOG,Not LSOG,,1
815194129290487,2019-2023,45.20287,-70.53073,Not LSOG,Not LSOG,,1
815194130290487,2019-2023,43.70696,-70.95034,Not LSOG,Not LSOG,,
815194131290487,2019-2023,43.47697,-70.94929,Not LSOG,Not LSOG,,
815194132290487,2019-2023,45.31461,-69.48197,LS,LS,,1
815194133290487,2019-2023,45.40439,-69.59879,Not LSOG,Not LSOG,,1
815194134290487,2019-2023,45.33047,-69.65069,Not LSOG,Not LSOG,,1
815194135290487,2019-2023,45.44465,-69.77073,Transitioning LS,Transitioning LS,,1
815194137290487,2019-2023,45.25802,-69.54191,Not LSOG,Not LSOG,,1
815194138290487,2019-2023,45.10123,-69.67181,Not LSOG,Not LSOG,,1
815194139290487,2019-2023,45.19763,-69.77409,Not LSOG,Not LSOG,,1
815194140290487,2019-2023,45.20071,-69.99047,Transitioning LS,Transitioning LS,,1
815194141290487,2019-2023,45.10391,-69.78323,Not LSOG,Not LSOG,,1
815194142290487,2019-2023,45.05868,-69.89531,Not LSOG,Not LSOG,,1
815194143290487,2019-2023,44.95748,-69.7863,Not LSOG,Not LSOG,,
815194144290487,2019-2023,44.88604,-69.84748,Transitioning LS,Transitioning LS,,
815194145290487,2019-2023,44.96857,-69.96382,Not LSOG,Not LSOG,,1
815194146290487,2019-2023,44.90254,-70.00613,Transitioning LS,Transitioning LS,,
815194147290487,2019-2023,44.76995,-70.12412,Not LSOG,Not LSOG,,
815194148290487,2019-2023,44.68216,-70.00369,Not LSOG,Not LSOG,,
815194149290487,2019-2023,46.04648,-68.64799,Not LSOG,Not LSOG,,1
815194150290487,2019-2023,45.8918,-68.47119,Not LSOG,Not LSOG,,
815194151290487,2019-2023,46.07963,-68.7074,Not LSOG,Not LSOG,,1
815194152290487,2019-2023,45.91934,-68.77496,Not LSOG,Not LSOG,,1
815194153290487,2019-2023,45.84244,-68.83069,Not LSOG,Not LSOG,,1
815194154290487,2019-2023,45.67741,-68.79268,Not LSOG,Not LSOG,,1
815194155290487,2019-2023,45.78417,-68.87182,Not LSOG,Not LSOG,,1
815194156290487,2019-2023,45.86066,-68.99909,Transitioning LS,Transitioning LS,,1
815194158290487,2019-2023,45.64419,-69.01489,Not LSOG,Not LSOG,,1
815194159290487,2019-2023,45.52978,-68.90698,Not LSOG,Not LSOG,,1
815194160290487,2019-2023,45.4784,-68.94108,Not LSOG,Not LSOG,,2
815194161290487,2019-2023,44.40391,-69.64359,Transitioning LS,Not LSOG,,
815194162290487,2019-2023,44.18629,-69.70045,Not LSOG,Not LSOG,,
815194163290487,2019-2023,44.34659,-69.86672,Not LSOG,Not LSOG,,
815194164290487,2019-2023,44.2618,-69.74883,Transitioning LS,Transitioning LS,,
815194166290487,2019-2023,44.13616,-70.04978,Not LSOG,Not LSOG,,
815194168290487,2019-2023,46.00589,-68.25835,Not LSOG,Not LSOG,,
815194169290487,2019-2023,46.14435,-68.46919,Not LSOG,Not LSOG,,3
815194170290487,2019-2023,45.93098,-68.35057,Not LSOG,Not LSOG,,
815194171290487,2019-2023,45.80993,-68.48859,Not LSOG,Not LSOG,,1
815194172290487,2019-2023,45.82489,-68.6502,Not LSOG,Not LSOG,,1
815194173290487,2019-2023,45.66467,-68.58997,Not LSOG,Not LSOG,,
815194174290487,2019-2023,45.13566,-70.60831,Not LSOG,Not LSOG,,1
815194175290487,2019-2023,45.04228,-70.4842,Not LSOG,Not LSOG,,1
815194176290487,2019-2023,44.99088,-70.5293,Not LSOG,Not LSOG,,1
815194177290487,2019-2023,45.07772,-70.63766,Not LSOG,Not LSOG,,1
815194180290487,2019-2023,44.82749,-70.65311,Not LSOG,Not LSOG,,1
815194181290487,2019-2023,44.77129,-70.72633,Not LSOG,Not LSOG,,1
815194182290487,2019-2023,44.8422,-70.82734,Transitioning LS,Transitioning LS,,2
815194183290487,2019-2023,44.69465,-70.754,Not LSOG,Not LSOG,,2
815194184290487,2019-2023,44.7829,-70.87983,Not LSOG,Not LSOG,2,2
815194185290487,2019-2023,44.72983,-70.9618,Not LSOG,Not LSOG,1,2
815194186290487,2019-2023,44.639772,-70.798044,Not LSOG,Not LSOG,,
815194187290487,2019-2023,44.62615,-70.79229,Not LSOG,Not LSOG,,
815194188290487,2019-2023,46.78664,-69.0707,Not LSOG,Not LSOG,,1
815194189290487,2019-2023,46.7382,-69.05691,Not LSOG,Not LSOG,,1
815194190290487,2019-2023,46.66552,-69.12901,Transitioning LS,Not LSOG,,1
815194191290487,2019-2023,46.73985,-69.25431,Not LSOG,Not LSOG,,2
815194192290487,2019-2023,46.825,-69.20606,Not LSOG,Not LSOG,,1
815194193290487,2019-2023,46.68568,-69.19619,Not LSOG,Not LSOG,,2
815194194290487,2019-2023,46.61803,-69.38292,Transitioning LS,Not LSOG,,1
815194195290487,2019-2023,46.51894,-69.25612,Not LSOG,Not LSOG,,1
815194196290487,2019-2023,46.43728,-69.31529,Transitioning LS,Transitioning LS,,1
815194197290487,2019-2023,46.48735,-69.30774,Not LSOG,Not LSOG,,1
815194199290487,2019-2023,46.45796,-69.48763,Not LSOG,Not LSOG,,1
815194200290487,2019-2023,46.39973,-69.55259,Transitioning LS,Transitioning LS,,1
815194201290487,2019-2023,46.35978,-69.43418,Not LSOG,Not LSOG,1,1
815194202290487,2019-2023,46.31719,-69.4512,Not LSOG,Not LSOG,,2
815194203290487,2019-2023,46.24404,-69.48514,Not LSOG,Not LSOG,1,1
815194204290487,2019-2023,47.00134,-68.42241,Not LSOG,Not LSOG,,1
815194205290487,2019-2023,47.05489,-68.56999,Not LSOG,Not LSOG,,
815194207290487,2019-2023,44.70298,-70.19287,Not LSOG,Not LSOG,,
815194208290487,2019-2023,44.79778,-70.29284,Not LSOG,Not LSOG,,
815194210290487,2019-2023,44.61679,-70.23551,Transitioning LS,Transitioning LS,,
815194211290487,2019-2023,44.53319,-70.1158,Transitioning LS,Transitioning LS,,
815194212290487,2019-2023,44.46806,-70.16707,Not LSOG,Not LSOG,,
815194213290487,2019-2023,44.55496,-70.29531,Not LSOG,Not LSOG,,
815194215290487,2019-2023,44.59419,-70.46506,Not LSOG,Not LSOG,,
815194218290487,2019-2023,44.2593,-70.34807,Transitioning LS,Not LSOG,,
815194219290487,2019-2023,44.34758,-70.46252,Transitioning LS,Transitioning LS,,
815194220290487,2019-2023,44.27354,-70.50647,Transitioning LS,Not LSOG,,
815194221290487,2019-2023,46.52404,-68.64894,Not LSOG,Not LSOG,1,1
815194222290487,2019-2023,46.42791,-68.52012,LS,Transitioning LS,,2
815194223290487,2019-2023,46.3634,-68.58336,Transitioning LS,Transitioning LS,1,1
815194225290487,2019-2023,46.37317,-68.73843,Not LSOG,Not LSOG,,1
815194226290487,2019-2023,46.39964,-68.8251,Not LSOG,Not LSOG,,1
815194227290487,2019-2023,46.35337,-68.71664,Not LSOG,Not LSOG,,1
815194228290487,2019-2023,46.22057,-68.82897,Not LSOG,Not LSOG,,1
815194229290487,2019-2023,46.2172,-68.70346,Not LSOG,Not LSOG,,1
815194230290487,2019-2023,46.24183,-68.91558,Not LSOG,Not LSOG,,1
815194232290487,2019-2023,46.0366,-69.0669,Not LSOG,Not LSOG,,1
815194233290487,2019-2023,45.96094,-69.11843,Not LSOG,Not LSOG,,1
815194234290487,2019-2023,46.0636,-69.13332,Not LSOG,Not LSOG,,1
815194237290487,2019-2023,46.88527,-67.89302,LS,Transitioning LS,,
815194238290487,2019-2023,46.72752,-67.85288,Not LSOG,Not LSOG,,
815194241290487,2019-2023,46.74704,-68.03724,Transitioning LS,Not LSOG,,
815194242290487,2019-2023,46.6667,-68.07925,Not LSOG,Not LSOG,,
815194243290487,2019-2023,46.59922,-67.97949,Not LSOG,Not LSOG,,
815194244290487,2019-2023,45.42108,-68.00254,Not LSOG,Not LSOG,,1
815194245290487,2019-2023,45.29917,-68.18602,Not LSOG,Not LSOG,,
815194246290487,2019-2023,45.37527,-68.24373,Transitioning LS,Not LSOG,,
815194247290487,2019-2023,45.28582,-68.30992,Not LSOG,Not LSOG,,2
815194248290487,2019-2023,45.14309,-68.25354,Not LSOG,Not LSOG,,1
815194249290487,2019-2023,45.0809,-68.30137,Not LSOG,Not LSOG,,1
815194250290487,2019-2023,45.1686,-68.43557,Not LSOG,Not LSOG,,1
815194251290487,2019-2023,45.09678,-68.35926,Not LSOG,Not LSOG,,1
815194252290487,2019-2023,45.14678,-68.47619,Not LSOG,Not LSOG,,1
815194253290487,2019-2023,44.94271,-68.41474,Not LSOG,Not LSOG,,1
815194254290487,2019-2023,44.766,-68.47225,Transitioning LS,Not LSOG,,
815194256290487,2019-2023,46.82367,-68.57526,Not LSOG,Not LSOG,,1
815194257290487,2019-2023,46.84341,-68.64378,Not LSOG,Not LSOG,,1
815194258290487,2019-2023,46.84306,-68.75993,LS,LS,,1
815194259290487,2019-2023,46.68018,-68.82072,Not LSOG,Not LSOG,,1
815194260290487,2019-2023,46.59323,-68.73746,Not LSOG,Not LSOG,1,1
815194261290487,2019-2023,46.54356,-68.82993,Not LSOG,Not LSOG,,1
815194262290487,2019-2023,46.62201,-68.9557,Transitioning LS,Not LSOG,,1
815194263290487,2019-2023,45.91709,-69.25078,Not LSOG,Not LSOG,,1
815194265290487,2019-2023,45.72676,-69.12005,Not LSOG,Not LSOG,,1
815194266290487,2019-2023,45.82487,-69.24891,Transitioning LS,Not LSOG,,1
815194267290487,2019-2023,45.73422,-69.29456,Transitioning LS,Transitioning LS,,1
815194268290487,2019-2023,45.6776,-69.36356,Not LSOG,Not LSOG,,1
815194269290487,2019-2023,45.58584,-69.27901,Not LSOG,Not LSOG,,1
815194270290487,2019-2023,45.45222,-69.24951,Not LSOG,Not LSOG,,1
815194271290487,2019-2023,45.59851,-69.43363,Not LSOG,Not LSOG,,1
815194272290487,2019-2023,45.53722,-69.48724,Transitioning LS,Not LSOG,,1
815194273290487,2019-2023,45.6455,-69.5902,Not LSOG,Not LSOG,,1
815194274290487,2019-2023,45.517997,-69.423396,Not LSOG,Not LSOG,,1
815194275290487,2019-2023,45.47739,-69.54837,Not LSOG,Not LSOG,,1
815194276290487,2019-2023,45.37595,-69.41599,Not LSOG,Not LSOG,,2
815194278290487,2019-2023,47.18255,-67.95617,Not LSOG,Not LSOG,,
815194279290487,2019-2023,47.05234,-67.97121,Not LSOG,Not LSOG,,1
815194280290487,2019-2023,46.97932,-68.02883,Not LSOG,Not LSOG,,1
815194281290487,2019-2023,47.10798,-68.1936,Not LSOG,Not LSOG,,1
815194282290487,2019-2023,47.06028,-68.20839,Not LSOG,Not LSOG,,1
815194283290487,2019-2023,43.92456,-70.21211,Not LSOG,Not LSOG,,
815194287290487,2019-2023,43.71857,-70.35052,Not LSOG,Not LSOG,,
815194289290487,2019-2023,43.49869,-70.54525,Not LSOG,Not LSOG,,
815194290290487,2019-2023,43.45533,-70.41127,Not LSOG,Not LSOG,,
815194291290487,2019-2023,45.13766,-68.63663,Not LSOG,Not LSOG,,
815194292290487,2019-2023,45.24382,-68.70902,Not LSOG,Not LSOG,,
815194293290487,2019-2023,45.12165,-68.7974,Not LSOG,Not LSOG,,
815194294290487,2019-2023,45.60115,-68.63017,Not LSOG,Not LSOG,,2
815194295290487,2019-2023,47.42745,-69.05597,Not LSOG,Not LSOG,,1
815194296290487,2019-2023,47.34995,-69.1371,Not LSOG,Not LSOG,,1
815194297290487,2019-2023,47.37733,-69.297,Not LSOG,Not LSOG,,1
815194298290487,2019-2023,47.31942,-69.36667,Not LSOG,Not LSOG,,1
815194299290487,2019-2023,47.26766,-69.23898,Not LSOG,Not LSOG,,2
815194300290487,2019-2023,46.0298,-70.25731,Not LSOG,Not LSOG,,1
815194301290487,2019-2023,47.1103,-68.33508,Not LSOG,Not LSOG,,2
815194302290487,2019-2023,46.93605,-68.27647,Not LSOG,Not LSOG,,
815194304290487,2019-2023,46.76767,-68.2054,Not LSOG,Not LSOG,,
815194305290487,2019-2023,46.84535,-68.31495,Not LSOG,Not LSOG,1,1
815194306290487,2019-2023,46.79271,-68.39428,Not LSOG,Not LSOG,1,1
815194307290487,2019-2023,46.89124,-68.49569,Transitioning LS,Not LSOG,,1
815194308290487,2019-2023,46.77242,-68.33395,Transitioning LS,Not LSOG,1,1
815194309290487,2019-2023,46.7272,-68.44038,Not LSOG,Not LSOG,1,1
815194310290487,2019-2023,46.63576,-68.34013,Not LSOG,Not LSOG,,
815194311290487,2019-2023,46.57236,-68.39185,Not LSOG,Not LSOG,,
815194312290487,2019-2023,46.6605,-68.52058,Not LSOG,Not LSOG,1,1
815194313290487,2019-2023,46.59455,-68.58606,Not LSOG,Not LSOG,,1
815194314290487,2019-2023,46.59194,-68.69419,Not LSOG,Not LSOG,2,2
815194315290487,2019-2023,45.13788,-68.82043,Transitioning LS,Transitioning LS,,
815194316290487,2019-2023,45.07608,-68.69478,Not LSOG,Not LSOG,,
815194317290487,2019-2023,44.9412,-68.89924,Transitioning LS,Not LSOG,,
815194318290487,2019-2023,45.07087,-68.88458,Not LSOG,Not LSOG,,
815194319290487,2019-2023,45.91735,-68.83478,Not LSOG,Not LSOG,,1
815194320290487,2019-2023,45.01335,-68.9457,LS,LS,,
815194321290487,2019-2023,44.94243,-68.98358,Not LSOG,Not LSOG,,
815194322290487,2019-2023,44.84003,-68.88485,Not LSOG,Not LSOG,,
815194323290487,2019-2023,44.87251,-69.06347,Not LSOG,Not LSOG,,
815194324290487,2019-2023,44.80258,-69.10244,Transitioning LS,Not LSOG,,
815194325290487,2019-2023,44.74032,-69.19381,Transitioning LS,Transitioning LS,,
815194326290487,2019-2023,44.63751,-69.07407,OG,LS,,
815194328290487,2019-2023,45.50713,-68.71957,Not LSOG,Not LSOG,,
815194329290487,2019-2023,45.37732,-68.83904,Not LSOG,Not LSOG,,2
815194330290487,2019-2023,45.40763,-69.00947,Not LSOG,Not LSOG,,1
815194332290487,2019-2023,45.18604,-69.20143,Transitioning LS,Not LSOG,,
815194333290487,2019-2023,45.03232,-69.10536,LS,Transitioning LS,,
815194334290487,2019-2023,45.03706,-68.53112,Transitioning LS,Transitioning LS,,
815194335290487,2019-2023,44.95854,-68.59116,Transitioning LS,Transitioning LS,,
815194336290487,2019-2023,45.86111,-70.19748,Not LSOG,Not LSOG,,1
815194337290487,2019-2023,45.79445,-70.26994,Not LSOG,Not LSOG,,1
815194338290487,2019-2023,45.65353,-70.37219,Transitioning LS,Not LSOG,,1
815194340290487,2019-2023,45.60552,-70.61666,Not LSOG,Not LSOG,,1
815194341290487,2019-2023,45.44331,-70.55199,Not LSOG,Not LSOG,,1
815194342290487,2019-2023,45.36848,-70.61429,Not LSOG,Not LSOG,,
815194343290487,2019-2023,47.29572,-69.16621,Not LSOG,Not LSOG,,1
815194344290487,2019-2023,47.11884,-69.11439,Not LSOG,Not LSOG,,1
815194345290487,2019-2023,46.32801,-69.61896,Transitioning LS,Transitioning LS,,2
815194346290487,2019-2023,46.18279,-69.54024,Not LSOG,Not LSOG,,2
815194347290487,2019-2023,43.2187,-70.76324,Transitioning LS,Transitioning LS,,
815194348290487,2019-2023,45.36971,-67.44848,Not LSOG,Not LSOG,,1
815194349290487,2019-2023,45.4356,-67.58911,Not LSOG,Not LSOG,,1
815194350290487,2019-2023,45.32893,-67.52018,Transitioning LS,Not LSOG,,1
815194351290487,2019-2023,45.20875,-67.59627,Transitioning LS,Transitioning LS,,
815194352290487,2019-2023,45.11389,-67.46582,Not LSOG,Not LSOG,,
815194353290487,2019-2023,45.05163,-67.53371,Transitioning LS,Not LSOG,,
815194354290487,2019-2023,45.14426,-67.64548,Not LSOG,Not LSOG,,1
815194355290487,2019-2023,45.22755,-67.7667,Not LSOG,Not LSOG,,3
815194356290487,2019-2023,45.0835,-67.66224,Not LSOG,Not LSOG,,1
815194357290487,2019-2023,45.07591,-67.71462,Not LSOG,Not LSOG,,1
815194358290487,2019-2023,45.02067,-67.76433,Not LSOG,Not LSOG,,2
815194359290487,2019-2023,44.88004,-67.71755,Not LSOG,Not LSOG,,1
815194360290487,2019-2023,44.84651,-67.73727,Not LSOG,Not LSOG,,3
815194361290487,2019-2023,44.89167,-68.65645,OG,OG,,
815194362290487,2019-2023,44.72067,-68.60921,Not LSOG,Not LSOG,,
815194364290487,2019-2023,44.7524,-68.77365,LS,LS,,
815194365290487,2019-2023,44.57134,-68.65054,Not LSOG,Not LSOG,,
815194366290487,2019-2023,44.68744,-68.83631,Transitioning LS,Not LSOG,,
815194367290487,2019-2023,44.51899,-68.77511,Not LSOG,Not LSOG,,
815194368290487,2019-2023,44.28651,-68.90406,Not LSOG,Not LSOG,,
815194369290487,2019-2023,44.48408,-69.00471,Transitioning LS,Not LSOG,,
815194370290487,2019-2023,44.6605,-67.31094,Not LSOG,Not LSOG,,
815194371290487,2019-2023,45.0586,-67.12902,Transitioning LS,Not LSOG,,
815194373290487,2019-2023,44.99659,-67.18532,Not LSOG,Not LSOG,,
815194374290487,2019-2023,44.9254,-67.23151,Transitioning LS,Transitioning LS,,
815194375290487,2019-2023,44.84055,-67.09418,Transitioning LS,Transitioning LS,,
815194376290487,2019-2023,44.74281,-67.13273,Not LSOG,Not LSOG,,1
815194377290487,2019-2023,44.7021,-67.25997,Not LSOG,Not LSOG,,
815194379290487,2019-2023,44.65136,-67.48621,Not LSOG,Not LSOG,,
815194380290487,2019-2023,44.72261,-67.42466,Not LSOG,Not LSOG,,
815194382290487,2019-2023,44.50852,-67.59619,Not LSOG,Not LSOG,,
815194383290487,2019-2023,45.15562,-67.21038,Not LSOG,Not LSOG,,
815194385290487,2019-2023,45.02629,-67.35078,Transitioning LS,Not LSOG,,
815194387290487,2019-2023,45.00352,-67.64879,Not LSOG,Not LSOG,,2
815194388290487,2019-2023,44.78267,-67.51229,Not LSOG,Not LSOG,,
815194389290487,2019-2023,44.59357,-68.71435,Not LSOG,Not LSOG,,
815194391290487,2019-2023,44.23287,-69.58027,Transitioning LS,Not LSOG,,
815194392290487,2019-2023,44.0769,-69.51546,LS,LS,,
815194393290487,2019-2023,45.46364,-68.75926,Not LSOG,Not LSOG,,1
815194394290487,2019-2023,44.11129,-69.88499,Not LSOG,Not LSOG,,
815194395290487,2019-2023,45.98972,-68.71057,LS,Transitioning LS,,3
815194396290487,2019-2023,46.07921,-68.82507,Not LSOG,Not LSOG,,1
815194397290487,2019-2023,45.76873,-68.70291,Not LSOG,Not LSOG,,1
815194398290487,2019-2023,45.01652,-69.71897,Not LSOG,Not LSOG,,
815194399290487,2019-2023,44.93465,-69.84028,Not LSOG,Not LSOG,,
815194400290487,2019-2023,44.79376,-69.60505,Transitioning LS,Not LSOG,,
815194401290487,2019-2023,43.36223,-70.67907,Not LSOG,Not LSOG,,
815194402290487,2019-2023,43.14807,-70.82447,Not LSOG,Not LSOG,,
815194403290487,2019-2023,46.25348,-69.0463,Not LSOG,Not LSOG,,1
815194404290487,2019-2023,46.09989,-69.01347,Not LSOG,Not LSOG,,1
815194405290487,2019-2023,44.73972,-69.93552,Not LSOG,Not LSOG,,
815194406290487,2019-2023,45.309,-70.06774,Not LSOG,Not LSOG,,1
815194407290487,2019-2023,46.28529,-69.8396,Not LSOG,Not LSOG,,1
815194408290487,2019-2023,44.279377,-70.954408,Transitioning LS,Not LSOG,,
815194409290487,2019-2023,44.345065,-70.889743,Transitioning LS,Transitioning LS,,1
815194410290487,2019-2023,44.279899,-70.886378,Not LSOG,Not LSOG,,
815194411290487,2019-2023,44.35573,-70.987429,LS,LS,,2
1184860050290487,2019-2023,44.961652,-69.58078,Not LSOG,Not LSOG,,
1184860051290487,2019-2023,43.746935,-70.517025,Not LSOG,Not LSOG,,
1184860052290487,2019-2023,46.150366,-68.699813,Not LSOG,Not LSOG,,1
1184860053290487,2019-2023,46.28678,-69.047546,LS,Transitioning LS,,1
1184860054290487,2019-2023,45.125721,-69.641795,Transitioning LS,Not LSOG,,1
1184860055290487,2019-2023,43.871672,-70.800339,Transitioning LS,Transitioning LS,,
1184860056290487,2019-2023,43.972039,-70.913982,Not LSOG,Not LSOG,,
1184860058290487,2019-2023,43.901517,-70.199113,Not LSOG,Not LSOG,,
1184860060290487,2019-2023,43.668389,-70.414666,Not LSOG,Not LSOG,,
1184860061290487,2019-2023,45.369091,-70.192884,Not LSOG,Not LSOG,,1
1184860062290487,2019-2023,46.32848,-69.790825,Not LSOG,Not LSOG,,1
1184860063290487,2019-2023,46.266206,-69.969494,Not LSOG,Not LSOG,,1
1184860064290487,2019-2023,44.523965,-70.449466,Not LSOG,Not LSOG,,
1184860065290487,2019-2023,44.716442,-68.179824,Not LSOG,Not LSOG,,
1184860067290487,2019-2023,46.185319,-70.274726,Not LSOG,Not LSOG,,1
1184860068290487,2019-2023,45.290027,-70.241621,Not LSOG,Not LSOG,,1
1184860069290487,2019-2023,44.724705,-70.885424,Transitioning LS,Transitioning LS,4,4
1184860070290487,2019-2023,44.446303,-70.939264,Not LSOG,Not LSOG,,1
1184860071290487,2019-2023,47.119453,-69.327068,Not LSOG,Not LSOG,,1
1184860072290487,2019-2023,46.624937,-69.744855,Not LSOG,Not LSOG,,1
1184860073290487,2019-2023,46.386849,-69.740364,Transitioning LS,Transitioning LS,,1
1184860074290487,2019-2023,44.256543,-70.666479,Not LSOG,Not LSOG,,
1184860075290487,2019-2023,44.274103,-70.861063,Not LSOG,Not LSOG,,
1184860077290487,2019-2023,45.574991,-70.041687,Not LSOG,Not LSOG,,1
1184860078290487,2019-2023,46.349515,-68.152749,Not LSOG,Not LSOG,,1
1184860079290487,2019-2023,46.119936,-68.170452,Not LSOG,Not LSOG,,
1184860080290487,2019-2023,45.772995,-68.65755,Not LSOG,Not LSOG,,2
1184860081290487,2019-2023,45.445851,-68.850622,Not LSOG,Not LSOG,,3
1184860082290487,2019-2023,45.247703,-68.892801,LS,Transitioning LS,,
1184860083290487,2019-2023,44.924287,-69.355719,Not LSOG,Not LSOG,,
1184860084290487,2019-2023,44.713605,-69.356877,Not LSOG,Not LSOG,,
1184860085290487,2019-2023,44.413514,-69.618133,Not LSOG,Not LSOG,,
1184860086290487,2019-2023,45.212402,-68.360654,Not LSOG,Not LSOG,,
1184860087290487,2019-2023,44.911467,-68.397129,Not LSOG,Not LSOG,,2
1184860088290487,2019-2023,44.912565,-68.609817,Not LSOG,Not LSOG,,
1184860090290487,2019-2023,43.998779,-69.364026,Transitioning LS,Not LSOG,,
1184860091290487,2019-2023,45.578294,-68.239184,Not LSOG,Not LSOG,,1
1184860092290487,2019-2023,45.581258,-68.406995,Not LSOG,Not LSOG,,1
1184860093290487,2019-2023,44.646355,-68.997013,Not LSOG,Not LSOG,,
1184860094290487,2019-2023,44.383274,-69.410373,Not LSOG,Not LSOG,,
1184860095290487,2019-2023,44.097957,-69.475941,Not LSOG,Not LSOG,,
1184860096290487,2019-2023,45.100024,-70.790268,Not LSOG,Not LSOG,,1
1184860097290487,2019-2023,45.579022,-70.184288,Not LSOG,Not LSOG,,1
1184860098290487,2019-2023,44.69899,-69.96535,Transitioning LS,Transitioning LS,,
1184860100290487,2019-2023,46.257687,-69.257576,Not LSOG,Not LSOG,,2
1184860101290487,2019-2023,45.944872,-69.295281,Not LSOG,Not LSOG,,1
1184860102290487,2019-2023,45.96789,-69.462157,Not LSOG,Not LSOG,,1
1184860104290487,2019-2023,44.853318,-70.425097,Not LSOG,Not LSOG,,
1184860105290487,2019-2023,47.031811,-68.149508,Not LSOG,Not LSOG,,
1184860106290487,2019-2023,46.712237,-68.231798,Not LSOG,Not LSOG,,
1184860107290487,2019-2023,44.779298,-67.529337,Not LSOG,Not LSOG,,
1184860109290487,2019-2023,45.013686,-67.82374,Not LSOG,Not LSOG,,1
1184860110290487,2019-2023,45.253568,-67.677204,Not LSOG,Not LSOG,,
1184860111290487,2019-2023,44.622244,-68.650962,Not LSOG,Not LSOG,,
1184860113290487,2019-2023,45.54338,-68.067688,Not LSOG,Not LSOG,,1
1184860114290487,2019-2023,44.917231,-67.013898,Not LSOG,Not LSOG,,
1184860115290487,2019-2023,44.950574,-67.18053,Not LSOG,Not LSOG,,
1184860117290487,2019-2023,46.298011,-69.615898,Not LSOG,Not LSOG,,1
1184860118290487,2019-2023,46.242578,-69.66907,Not LSOG,Not LSOG,,1
1184860119290487,2019-2023,46.159647,-69.736347,Not LSOG,Not LSOG,,1
1184860120290487,2019-2023,45.978899,-69.668735,Not LSOG,Not LSOG,,1
1184860121290487,2019-2023,45.925337,-69.696898,Not LSOG,Not LSOG,,1
1184860122290487,2019-2023,45.992309,-69.867861,Not LSOG,Not LSOG,,2
1184860123290487,2019-2023,45.948636,-69.917578,LS,LS,,2
1184860124290487,2019-2023,45.782505,-69.850327,Not LSOG,Not LSOG,,1
1184860126290487,2019-2023,44.885577,-69.977433,LS,LS,,
1184860127290487,2019-2023,45.79723,-70.057279,Not LSOG,Not LSOG,,2
1184860128290487,2019-2023,44.550283,-70.028032,Transitioning LS,Transitioning LS,,
1184860129290487,2019-2023,44.40029,-70.00168,Not LSOG,Not LSOG,,
1184860130290487,2019-2023,44.341015,-70.05588,Transitioning LS,Transitioning LS,,
1184860131290487,2019-2023,44.353557,-70.206882,Not LSOG,Not LSOG,,
1184860132290487,2019-2023,44.203107,-70.152697,Not LSOG,Not LSOG,,
1184860133290487,2019-2023,44.119322,-70.243706,Transitioning LS,Transitioning LS,,
1184860135290487,2019-2023,43.957011,-70.327746,Transitioning LS,Not LSOG,,
1184860136290487,2019-2023,43.312332,-70.668266,Not LSOG,Not LSOG,,
1184860137290487,2019-2023,43.233362,-70.730676,Not LSOG,Not LSOG,,
1184860138290487,2019-2023,43.180147,-70.753273,Transitioning LS,Not LSOG,,
1184860139290487,2019-2023,44.910793,-69.215452,Not LSOG,Not LSOG,,
1184860143290487,2019-2023,44.799169,-69.410663,Transitioning LS,Transitioning LS,,
1184860144290487,2019-2023,44.794284,-69.467097,Transitioning LS,Not LSOG,,
1184860146290487,2019-2023,44.639167,-69.396303,Not LSOG,Not LSOG,,
1184860151290487,2019-2023,46.681492,-67.84565,Not LSOG,Not LSOG,,
1184860152290487,2019-2023,46.60755,-67.927952,Not LSOG,Not LSOG,,
1184860153290487,2019-2023,43.890904,-70.373631,Transitioning LS,Transitioning LS,,
1184860154290487,2019-2023,43.984386,-70.46105,Not LSOG,Not LSOG,,
1184860156290487,2019-2023,43.695738,-70.573721,Not LSOG,Not LSOG,,
1184860157290487,2019-2023,43.711399,-70.68592,Not LSOG,Not LSOG,,
1184860158290487,2019-2023,43.565953,-70.678087,Not LSOG,Not LSOG,,
1184860159290487,2019-2023,43.456906,-70.737966,Transitioning LS,Transitioning LS,,
1184860160290487,2019-2023,43.483819,-70.912765,Not LSOG,Not LSOG,,
1184860161290487,2019-2023,43.361667,-70.825706,Not LSOG,Not LSOG,,
1184860162290487,2019-2023,45.606472,-69.005937,Not LSOG,Not LSOG,,1
1184860163290487,2019-2023,45.606466,-69.188337,Transitioning LS,Transitioning LS,,1
1184860164290487,2019-2023,45.437047,-69.123596,Transitioning LS,Transitioning LS,,1
1184860165290487,2019-2023,45.374673,-69.166315,Not LSOG,Not LSOG,,1
1184860166290487,2019-2023,45.411374,-69.334416,Transitioning LS,Transitioning LS,,3
1184860167290487,2019-2023,45.240068,-69.307789,Transitioning LS,Transitioning LS,,
1184860168290487,2019-2023,45.171078,-69.374235,Not LSOG,Not LSOG,,
1184860169290487,2019-2023,45.228975,-69.453647,Transitioning LS,Not LSOG,,
1184860170290487,2019-2023,45.202272,-69.537813,Not LSOG,Not LSOG,,
1184860171290487,2019-2023,45.022466,-69.478943,Not LSOG,Not LSOG,,
1184860173290487,2019-2023,46.148262,-67.906408,Not LSOG,Not LSOG,,
1184860174290487,2019-2023,45.998024,-67.852416,Not LSOG,Not LSOG,,1
1184860175290487,2019-2023,45.907947,-67.908629,Not LSOG,Not LSOG,,
1184860176290487,2019-2023,46.059811,-68.024077,Not LSOG,Not LSOG,,
1184860177290487,2019-2023,46.001748,-68.020405,Not LSOG,Not LSOG,,
1184860178290487,2019-2023,45.928558,-68.095157,Not LSOG,Not LSOG,,1
1184860179290487,2019-2023,45.758903,-68.053375,Not LSOG,Not LSOG,,1
1184860180290487,2019-2023,45.719575,-68.086647,Transitioning LS,Transitioning LS,,1
1184860181290487,2019-2023,45.787906,-68.217878,Not LSOG,Not LSOG,,1
1184860182290487,2019-2023,44.248556,-68.919595,Not LSOG,Not LSOG,,
1184860183290487,2019-2023,44.342498,-69.047225,Not LSOG,Not LSOG,,
1184860185290487,2019-2023,44.392287,-69.212834,Transitioning LS,Transitioning LS,,
1184860187290487,2019-2023,44.044735,-69.103672,Transitioning LS,Not LSOG,,
1184860188290487,2019-2023,44.139368,-69.227753,Not LSOG,Not LSOG,,
1184860189290487,2019-2023,44.07896,-69.32387,Not LSOG,Not LSOG,,
1184860191290487,2019-2023,44.960728,-67.787505,Not LSOG,Not LSOG,,2
1184860192290487,2019-2023,46.523998,-67.821806,Not LSOG,Not LSOG,,
1184860194290487,2019-2023,46.533648,-67.953236,Not LSOG,Not LSOG,,
1184860195290487,2019-2023,46.351509,-67.903699,Not LSOG,Not LSOG,,
1184860196290487,2019-2023,46.454343,-68.070926,Not LSOG,Not LSOG,,1
1184860197290487,2019-2023,46.408086,-68.069681,Not LSOG,Not LSOG,,1
1184860198290487,2019-2023,46.32265,-67.991187,Not LSOG,Not LSOG,,1
1184860199290487,2019-2023,46.236954,-68.073052,Not LSOG,Not LSOG,,2
1184860200290487,2019-2023,46.16342,-68.122448,Not LSOG,Not LSOG,,
1184860201290487,2019-2023,46.259626,-68.253645,Not LSOG,Not LSOG,,1
1184860202290487,2019-2023,46.208812,-68.291764,Not LSOG,Not LSOG,,1
1184860203290487,2019-2023,46.022761,-68.233529,Not LSOG,Not LSOG,,
1184860204290487,2019-2023,46.030549,-67.791806,Not LSOG,Not LSOG,,
1184860205290487,2019-2023,45.849158,-67.800494,Not LSOG,Not LSOG,,
1184860206290487,2019-2023,45.808825,-67.844504,Not LSOG,Not LSOG,,
1184860207290487,2019-2023,45.732817,-67.851197,Not LSOG,Not LSOG,,
1184860208290487,2019-2023,45.861684,-67.977132,LS,Transitioning LS,,
1184860209290487,2019-2023,45.676423,-67.919403,Not LSOG,Not LSOG,,1
1184860210290487,2019-2023,45.586184,-67.825617,Not LSOG,Not LSOG,,1
1184860211290487,2019-2023,45.53197,-67.868571,Not LSOG,Not LSOG,,1
1184860212290487,2019-2023,45.607165,-67.968007,Not LSOG,Not LSOG,,1
1184860213290487,2019-2023,45.628064,-68.183008,Not LSOG,Not LSOG,,1
1184860214290487,2019-2023,45.471548,-68.119372,Not LSOG,Not LSOG,,1
1184860216290487,2019-2023,44.752299,-68.352075,Not LSOG,Not LSOG,,
1184860217290487,2019-2023,44.817658,-68.348476,Not LSOG,Not LSOG,,
1184860218290487,2019-2023,44.830909,-68.480589,Not LSOG,Not LSOG,,
1184860220290487,2019-2023,44.57346,-68.509051,Not LSOG,Not LSOG,,
1184860221290487,2019-2023,44.473826,-68.361713,Not LSOG,Not LSOG,,
1184860226290487,2019-2023,44.660381,-69.172614,Not LSOG,Not LSOG,,
1184860227290487,2019-2023,44.527166,-69.098201,Not LSOG,Not LSOG,,
1184860228290487,2019-2023,44.436875,-69.186069,Not LSOG,Not LSOG,,
1184860230290487,2019-2023,44.297327,-69.315238,Not LSOG,Not LSOG,,
1184860231290487,2019-2023,44.355946,-69.47343,Transitioning LS,Transitioning LS,,
1184860232290487,2019-2023,44.261885,-69.509313,Not LSOG,Not LSOG,,
1184860233290487,2019-2023,44.030953,-69.564988,LS,Transitioning LS,,
1184860234290487,2019-2023,44.185864,-69.621967,Transitioning LS,Transitioning LS,,
1184860236290487,2019-2023,44.033663,-69.695437,Not LSOG,Not LSOG,,
1184860237290487,2019-2023,43.869165,-69.63104,Not LSOG,Not LSOG,,
1184860240290487,2019-2023,43.821999,-69.882652,Transitioning LS,Transitioning LS,,
1184860241290487,2019-2023,45.735583,-68.275371,Not LSOG,Not LSOG,,1
1184860242290487,2019-2023,45.491521,-68.286297,Not LSOG,Not LSOG,,
1184860243290487,2019-2023,45.656812,-68.336195,Not LSOG,Not LSOG,,1
1184860244290487,2019-2023,45.516024,-68.448289,Not LSOG,Not LSOG,,
1184860245290487,2019-2023,45.350222,-68.394669,Transitioning LS,Not LSOG,,
1184860246290487,2019-2023,45.269682,-68.476178,Not LSOG,Not LSOG,,
1184860248290487,2019-2023,45.389311,-68.597868,Not LSOG,Not LSOG,,1
1184860249290487,2019-2023,45.29982,-68.688347,Transitioning LS,Transitioning LS,,
1184860250290487,2019-2023,45.359578,-67.836607,Not LSOG,Not LSOG,,1
1184860251290487,2019-2023,45.460573,-67.836387,Transitioning LS,Not LSOG,,1
1184860252290487,2019-2023,44.158707,-68.845242,Not LSOG,Not LSOG,,
1184860253290487,2019-2023,44.11146,-68.881064,Not LSOG,Not LSOG,,
1184860254290487,2019-2023,45.552708,-67.444553,Not LSOG,Not LSOG,,
1184860255290487,2019-2023,45.470412,-67.527169,Transitioning LS,Not LSOG,,1
1184860256290487,2019-2023,45.558868,-67.667123,Transitioning LS,Transitioning LS,,1
1184860257290487,2019-2023,45.64201,-67.748158,Not LSOG,Not LSOG,,
1184860258290487,2019-2023,45.483659,-67.674427,Not LSOG,Not LSOG,,1
1184860259290487,2019-2023,45.307098,-67.659641,Not LSOG,Not LSOG,,
1184860260290487,2019-2023,47.039034,-69.53986,Not LSOG,Not LSOG,1,1
1184860261290487,2019-2023,46.926195,-69.686344,Not LSOG,Not LSOG,,
1184860262290487,2019-2023,46.865401,-69.707768,Not LSOG,Not LSOG,,1
1184860263290487,2019-2023,46.690908,-69.84625,Not LSOG,Not LSOG,,1
1184860264290487,2019-2023,46.650525,-69.901845,Not LSOG,Not LSOG,,1
1184860265290487,2019-2023,46.72125,-69.949609,Not LSOG,Not LSOG,,1
1184860266290487,2019-2023,46.486816,-70.040117,Not LSOG,Not LSOG,,1
1184860267290487,2019-2023,47.163661,-69.251461,Not LSOG,Not LSOG,,2
1184860268290487,2019-2023,46.993652,-69.168941,Not LSOG,Not LSOG,,2
1184860269290487,2019-2023,45.442595,-67.935987,Not LSOG,Not LSOG,,1
1184860270290487,2019-2023,45.283994,-67.926044,Not LSOG,Not LSOG,,2
1184860271290487,2019-2023,45.219021,-67.909391,Not LSOG,Not LSOG,,2
1184860272290487,2019-2023,45.107997,-67.812091,Not LSOG,Not LSOG,,2
1184860273290487,2019-2023,45.065533,-67.874833,Transitioning LS,Not LSOG,,1
1184860274290487,2019-2023,45.134617,-67.973352,Not LSOG,Not LSOG,,1
1184860275290487,2019-2023,45.255801,-68.099109,Transitioning LS,Transitioning LS,,
1184860276290487,2019-2023,45.07764,-68.105662,Not LSOG,Not LSOG,,1
1184860277290487,2019-2023,45.008529,-68.118669,Not LSOG,Not LSOG,,1
1184860279290487,2019-2023,44.840183,-68.077146,Not LSOG,Not LSOG,,2
1184860280290487,2019-2023,44.939859,-68.214756,Not LSOG,Not LSOG,,1
1184860281290487,2019-2023,45.005385,-68.305656,Transitioning LS,Transitioning LS,,1
1184860282290487,2019-2023,44.869196,-68.26348,Not LSOG,Not LSOG,,
1184860283290487,2019-2023,44.784538,-68.300906,Not LSOG,Not LSOG,,1
1184860285290487,2019-2023,47.247393,-69.366237,Not LSOG,Not LSOG,,1
1184860286290487,2019-2023,47.112844,-69.488183,Not LSOG,Not LSOG,,1
1184860287290487,2019-2023,47.018781,-69.397437,Not LSOG,Not LSOG,,1
1184860288290487,2019-2023,46.938849,-69.240335,Not LSOG,Not LSOG,,2
1184860289290487,2019-2023,46.894794,-69.309239,Not LSOG,Not LSOG,,1
1184860290290487,2019-2023,46.970552,-69.433554,OG,LS,,1
1184860291290487,2019-2023,46.799952,-69.406753,Not LSOG,Not LSOG,,1
1184860292290487,2019-2023,46.924715,-69.425486,Not LSOG,Not LSOG,,1
1184860293290487,2019-2023,46.889645,-69.46081,Not LSOG,Not LSOG,,1
1184860294290487,2019-2023,46.807293,-69.536778,Not LSOG,Not LSOG,,2
1184860295290487,2019-2023,46.729606,-69.445311,Not LSOG,Not LSOG,,1
1184860296290487,2019-2023,46.643703,-69.493305,Not LSOG,Not LSOG,,1
1184860297290487,2019-2023,46.7586,-69.620836,LS,Transitioning LS,,2
1184860298290487,2019-2023,46.565546,-69.535697,Not LSOG,Not LSOG,,1
1184860299290487,2019-2023,46.684856,-69.683709,Not LSOG,Not LSOG,1,1
1184860300290487,2019-2023,47.187154,-68.652301,Not LSOG,Not LSOG,,
1184860301290487,2019-2023,47.187543,-68.821104,Not LSOG,Not LSOG,,1
1184860302290487,2019-2023,47.02027,-68.776935,Transitioning LS,Transitioning LS,,3
1184860303290487,2019-2023,46.972125,-68.827503,Transitioning LS,Transitioning LS,,2
1184860304290487,2019-2023,47.123953,-68.874076,Transitioning LS,Transitioning LS,,1
1184860305290487,2019-2023,47.058947,-68.948636,Not LSOG,Not LSOG,,1
1184860306290487,2019-2023,46.974915,-69.021402,Not LSOG,Not LSOG,,1
1184860307290487,2019-2023,46.815878,-68.904071,Not LSOG,Not LSOG,,3
1184860308290487,2019-2023,46.757894,-69.011313,Not LSOG,Not LSOG,,1
1184860309290487,2019-2023,46.922759,-69.091753,Not LSOG,Not LSOG,,1
1184860310290487,2019-2023,46.823112,-69.110837,Not LSOG,Not LSOG,,1
1184860311290487,2019-2023,44.363755,-70.805729,Not LSOG,Not LSOG,,1
1184860312290487,2019-2023,44.36864,-70.98192,LS,LS,,1
1184860313290487,2019-2023,44.213828,-70.929822,Transitioning LS,Not LSOG,,
1184860314290487,2019-2023,44.092507,-70.792733,Not LSOG,Not LSOG,,
1184860315290487,2019-2023,44.028061,-70.88486,Not LSOG,Not LSOG,,
1184860316290487,2019-2023,44.154532,-70.988997,Transitioning LS,Transitioning LS,,
1184860318290487,2019-2023,44.488008,-70.876229,Not LSOG,Not LSOG,,
1184860319290487,2019-2023,44.577367,-70.976848,Not LSOG,Not LSOG,,1
1184860320290487,2019-2023,44.888348,-70.350707,Not LSOG,Not LSOG,,
1184860321290487,2019-2023,45.015767,-70.48601,Not LSOG,Not LSOG,,1
1184860322290487,2019-2023,44.737385,-70.30127,Not LSOG,Not LSOG,,
1184860323290487,2019-2023,44.677717,-70.394889,Not LSOG,Not LSOG,,
1184860324290487,2019-2023,44.805083,-70.485539,Not LSOG,Not LSOG,,1
1184860325290487,2019-2023,44.757287,-70.455974,Not LSOG,Not LSOG,,
1184860326290487,2019-2023,44.694065,-70.552087,LS,LS,,
1184860327290487,2019-2023,44.784994,-70.668744,Not LSOG,Not LSOG,,1
1184860328290487,2019-2023,44.625819,-70.559018,Not LSOG,Not LSOG,,
1184860329290487,2019-2023,44.454205,-70.528976,Not LSOG,Not LSOG,,
1184860331290487,2019-2023,44.462815,-70.725073,Not LSOG,Not LSOG,,
1184860332290487,2019-2023,44.554463,-70.82308,LS,Transitioning LS,,
1184860333290487,2019-2023,44.410285,-70.773146,Not LSOG,Not LSOG,,
1184860334290487,2019-2023,44.326953,-70.650575,Not LSOG,Not LSOG,,
1184860335290487,2019-2023,46.52915,-69.004535,Not LSOG,Not LSOG,,2
1184860336290487,2019-2023,46.442567,-68.888211,Transitioning LS,Transitioning LS,2,2
1184860337290487,2019-2023,46.355482,-68.94272,Not LSOG,Not LSOG,,1
1184860338290487,2019-2023,46.445768,-69.038641,Not LSOG,Not LSOG,,1
1184860339290487,2019-2023,46.361138,-69.164347,Transitioning LS,Not LSOG,1,1
1184860340290487,2019-2023,46.484139,-69.259544,Not LSOG,Not LSOG,,1
1184860341290487,2019-2023,46.294309,-69.196574,Not LSOG,Not LSOG,,1
1184860342290487,2019-2023,46.135898,-69.118579,Transitioning LS,Transitioning LS,,2
1184860344290487,2019-2023,46.260455,-69.421111,Transitioning LS,Transitioning LS,,1
1184860345290487,2019-2023,46.09671,-69.384943,LS,LS,,
1184860346290487,2019-2023,46.00136,-69.229021,Not LSOG,Not LSOG,,1
1184860347290487,2019-2023,45.333412,-70.782885,Transitioning LS,Transitioning LS,,1
1184860348290487,2019-2023,45.263004,-70.63684,Transitioning LS,Transitioning LS,,
1184860349290487,2019-2023,45.181019,-70.697158,Transitioning LS,Not LSOG,,1
1184860350290487,2019-2023,45.184554,-70.886006,Not LSOG,Not LSOG,1,2
1184860351290487,2019-2023,45.149094,-70.943764,Not LSOG,Not LSOG,,1
1184860352290487,2019-2023,44.033977,-70.840036,Not LSOG,Not LSOG,,
1184860353290487,2019-2023,44.962855,-70.866815,Not LSOG,Not LSOG,,1
1184860355290487,2019-2023,44.994676,-71.046953,Not LSOG,Not LSOG,,1
1184860356290487,2019-2023,44.830398,-71.006512,Not LSOG,Not LSOG,,2
1184860358290487,2019-2023,45.463479,-69.966995,Not LSOG,Not LSOG,,1
1184860359290487,2019-2023,45.398801,-69.981539,Not LSOG,Not LSOG,,1
1184860360290487,2019-2023,45.329205,-70.00309,Not LSOG,Not LSOG,,1
1184860361290487,2019-2023,45.423928,-70.128204,Not LSOG,Not LSOG,,1
1184860363290487,2019-2023,45.15755,-69.945263,Not LSOG,Not LSOG,,2
1184860364290487,2019-2023,45.088973,-70.00202,Not LSOG,Not LSOG,,1
1184860365290487,2019-2023,45.192673,-70.144488,Not LSOG,Not LSOG,,1
1184860366290487,2019-2023,45.112724,-70.155245,Not LSOG,Not LSOG,,1
1184860367290487,2019-2023,45.216314,-70.280556,Not LSOG,Not LSOG,,1
1184860368290487,2019-2023,45.038501,-70.229501,LS,Transitioning LS,,1
1184860369290487,2019-2023,44.974683,-70.132421,Not LSOG,Not LSOG,,3
1184860370290487,2019-2023,44.90774,-70.187827,Not LSOG,Not LSOG,,1
1184860371290487,2019-2023,44.969447,-70.286208,LS,LS,,1
1184860372290487,2019-2023,45.710239,-70.097968,Not LSOG,Not LSOG,,1
1184860373290487,2019-2023,45.480195,-70.081544,Not LSOG,Not LSOG,,1
1184860374290487,2019-2023,45.67799,-70.153343,Not LSOG,Not LSOG,,1
1184860375290487,2019-2023,45.51143,-70.26051,Not LSOG,Not LSOG,,1
1184860376290487,2019-2023,45.392212,-70.361941,Not LSOG,Not LSOG,,1
1184860377290487,2019-2023,45.298193,-70.434735,Not LSOG,Not LSOG,,1
1184860378290487,2019-2023,45.127882,-70.346542,Not LSOG,Not LSOG,,3
1184860379290487,2019-2023,46.091187,-69.413071,Not LSOG,Not LSOG,,1
1184860380290487,2019-2023,46.024612,-69.45631,Not LSOG,Not LSOG,,1
1184860381290487,2019-2023,46.050061,-69.646729,Not LSOG,Not LSOG,,1
1184860382290487,2019-2023,45.908191,-69.547286,Not LSOG,Not LSOG,,1
1184860383290487,2019-2023,45.783532,-69.42252,Not LSOG,Not LSOG,,2
1184860384290487,2019-2023,45.725997,-69.467965,Not LSOG,Not LSOG,,1
1184860385290487,2019-2023,45.807305,-69.589954,Not LSOG,Not LSOG,,1
1184860386290487,2019-2023,45.757284,-69.69989,Not LSOG,Not LSOG,,1
1184860387290487,2019-2023,45.853177,-69.769082,Not LSOG,Not LSOG,,1
1184860388290487,2019-2023,45.602654,-69.609346,Not LSOG,Not LSOG,,2
1184860389290487,2019-2023,45.508959,-69.654103,Not LSOG,Not LSOG,,
1184860390290487,2019-2023,45.599652,-69.768624,Not LSOG,Not LSOG,,1
1184860391290487,2019-2023,45.537316,-69.864496,Not LSOG,Not LSOG,,1
1184860392290487,2019-2023,44.631701,-69.928305,Not LSOG,Not LSOG,,
1184860393290487,2019-2023,45.445194,-69.914921,Not LSOG,Not LSOG,,1
1184860394290487,2019-2023,45.381705,-69.76131,Not LSOG,Not LSOG,,1
1184860395290487,2019-2023,47.252163,-68.127752,Not LSOG,Not LSOG,,
1184860399290487,2019-2023,47.208654,-68.398566,Not LSOG,Not LSOG,,
1184860400290487,2019-2023,47.157481,-68.451817,Not LSOG,Not LSOG,,
1184860402290487,2019-2023,46.98071,-68.355961,Not LSOG,Not LSOG,,1
1184860403290487,2019-2023,46.294336,-70.203516,LS,Transitioning LS,,1
1184860404290487,2019-2023,45.210163,-71.054692,Not LSOG,Not LSOG,,
1184860405290487,2019-2023,44.369271,-70.598395,Not LSOG,Not LSOG,,
1184860406290487,2019-2023,44.221796,-70.532734,Not LSOG,Not LSOG,,
1184860408290487,2019-2023,44.086388,-70.444099,Transitioning LS,Transitioning LS,,
1184860409290487,2019-2023,44.011486,-70.488665,Not LSOG,Not LSOG,,
1184860410290487,2019-2023,44.071368,-70.61941,Not LSOG,Not LSOG,,
1184860411290487,2019-2023,44.193366,-70.721371,Not LSOG,Not LSOG,,
1184860412290487,2019-2023,44.018611,-70.7052,Not LSOG,Not LSOG,,
1184860414290487,2019-2023,43.779859,-70.687474,Not LSOG,Not LSOG,,
1184860415290487,2019-2023,43.796424,-70.85134,Not LSOG,Not LSOG,,
1184860416290487,2019-2023,43.743457,-70.885058,Not LSOG,Not LSOG,,
1184860417290487,2019-2023,43.648995,-70.775212,Not LSOG,Not LSOG,,
1184860418290487,2019-2023,43.661708,-70.974512,Not LSOG,Not LSOG,,
1184860419290487,2019-2023,44.957026,-69.711625,Not LSOG,Not LSOG,,
1184860420290487,2019-2023,44.816012,-69.674732,Not LSOG,Not LSOG,,
1184860421290487,2019-2023,44.733301,-69.709734,Transitioning LS,Transitioning LS,,
1184860424290487,2019-2023,44.513991,-69.875063,LS,LS,,
1184860425290487,2019-2023,44.599022,-69.955042,Not LSOG,Not LSOG,,
1184860426290487,2019-2023,46.626945,-68.085759,Not LSOG,Not LSOG,,
1184860428290487,2019-2023,46.486293,-68.187737,Not LSOG,Not LSOG,,1
1184860429290487,2019-2023,46.412468,-68.291924,Not LSOG,Not LSOG,,2
1184860430290487,2019-2023,46.494674,-68.306257,Not LSOG,Not LSOG,,1
1184860431290487,2019-2023,46.454022,-68.46907,Not LSOG,Not LSOG,,1
1184860432290487,2019-2023,46.289513,-68.425988,Not LSOG,Not LSOG,,1
1184860434290487,2019-2023,46.259074,-68.65436,Not LSOG,Not LSOG,,1
1184860435290487,2019-2023,44.960961,-67.950068,Not LSOG,Not LSOG,,1
1184860436290487,2019-2023,44.819765,-67.914271,Not LSOG,Not LSOG,,1
1184860437290487,2019-2023,44.749818,-67.948367,Not LSOG,Not LSOG,,1
1184860438290487,2019-2023,44.750571,-68.108943,Not LSOG,Not LSOG,,1
1184860442290487,2019-2023,44.388745,-68.241494,Not LSOG,Not LSOG,,
1184860443290487,2019-2023,44.689702,-67.622708,Not LSOG,Not LSOG,,
1184860444290487,2019-2023,44.784007,-67.700384,Not LSOG,Not LSOG,,
1184860445290487,2019-2023,44.708971,-67.79201,Not LSOG,Not LSOG,,
1184860446290487,2019-2023,44.615367,-67.635339,Not LSOG,Not LSOG,,
1184860447290487,2019-2023,44.560112,-67.705733,Not LSOG,Not LSOG,,
1184860448290487,2019-2023,44.664574,-67.866695,Not LSOG,Not LSOG,,
1184860449290487,2019-2023,44.595795,-67.837143,Not LSOG,Not LSOG,,
1184860450290487,2019-2023,44.56302,-67.896766,Transitioning LS,Not LSOG,,
1184860451290487,2019-2023,44.516236,-67.933304,Not LSOG,Not LSOG,,
1184860452290487,2019-2023,44.443931,-68.029391,Not LSOG,Not LSOG,,
1184860453290487,2019-2023,44.596065,-69.688294,Not LSOG,Not LSOG,,
1184860454290487,2019-2023,44.511591,-69.735814,Not LSOG,Not LSOG,,
1184860455290487,2019-2023,46.542214,-69.619015,Not LSOG,Not LSOG,1,1
1184860456290487,2019-2023,46.454456,-69.703633,Not LSOG,Not LSOG,,1
1184860457290487,2019-2023,46.489141,-69.826405,Not LSOG,Not LSOG,,2
1184860458290487,2019-2023,46.386725,-69.905215,Not LSOG,Not LSOG,,1
1184860459290487,2019-2023,46.225636,-69.863661,Not LSOG,Not LSOG,,1
1184860460290487,2019-2023,46.331161,-69.968254,Not LSOG,Not LSOG,,1
1184860461290487,2019-2023,46.181547,-69.892296,Not LSOG,Not LSOG,,1
1184860462290487,2019-2023,46.247894,-70.036983,Transitioning LS,Not LSOG,,1
1184860463290487,2019-2023,46.168294,-70.102653,LS,Transitioning LS,,1
1184860464290487,2019-2023,46.112307,-69.97163,Not LSOG,Not LSOG,,1
1184860465290487,2019-2023,46.047686,-70.006448,Not LSOG,Not LSOG,,1
1184860466290487,2019-2023,46.117179,-70.164602,Not LSOG,Not LSOG,,1
1184860467290487,2019-2023,45.058051,-70.4412,Not LSOG,Not LSOG,,1
1184860468290487,2019-2023,45.166555,-70.539248,Not LSOG,Not LSOG,,1
1184860469290487,2019-2023,43.735362,-70.960291,LS,LS,,
1184860472290487,2019-2023,45.343929,-69.590076,LS,Transitioning LS,,1
1184860473290487,2019-2023,45.434076,-69.703969,Not LSOG,Not LSOG,,1
1184860474290487,2019-2023,45.301147,-69.655727,Not LSOG,Not LSOG,,1
1184860475290487,2019-2023,45.237869,-69.724212,Not LSOG,Not LSOG,,1
1184860476290487,2019-2023,45.061406,-69.695323,Transitioning LS,Transitioning LS,,
1184860477290487,2019-2023,45.139547,-69.749772,Not LSOG,Not LSOG,,1
1184860478290487,2019-2023,45.222693,-69.875549,Not LSOG,Not LSOG,,1
1184860479290487,2019-2023,45.057994,-69.830406,Not LSOG,Not LSOG,,
1184860481290487,2019-2023,44.91202,-69.754372,Not LSOG,Not LSOG,,
1184860484290487,2019-2023,45.02846,-69.981712,Not LSOG,Not LSOG,,1
1184860486290487,2019-2023,44.800476,-70.053726,Not LSOG,Not LSOG,,
1184860487290487,2019-2023,44.61996,-70.036603,Not LSOG,Not LSOG,,
1184860488290487,2019-2023,46.071045,-68.554606,Transitioning LS,Transitioning LS,,2
1184860489290487,2019-2023,45.987156,-68.63757,Transitioning LS,Not LSOG,,4
1184860490290487,2019-2023,46.026416,-68.810415,Not LSOG,Not LSOG,,1
1184860491290487,2019-2023,45.870354,-68.770627,Not LSOG,Not LSOG,,1
1184860492290487,2019-2023,45.79691,-68.851294,Transitioning LS,Transitioning LS,,2
1184860493290487,2019-2023,45.873436,-68.911804,Not LSOG,Not LSOG,,1
1184860495290487,2019-2023,45.678012,-68.954891,Not LSOG,Not LSOG,,
1184860496290487,2019-2023,44.37196,-69.637299,Not LSOG,Not LSOG,,
1184860497290487,2019-2023,44.46115,-69.7588,Not LSOG,Not LSOG,,
1184860499290487,2019-2023,44.22189,-69.752067,Not LSOG,Not LSOG,,
1184860501290487,2019-2023,44.234067,-69.920022,Not LSOG,Not LSOG,,
1184860502290487,2019-2023,44.074205,-69.902305,Not LSOG,Not LSOG,,
1184860503290487,2019-2023,44.192673,-69.93799,Not LSOG,Not LSOG,,
1184860504290487,2019-2023,44.168257,-69.995277,Not LSOG,Not LSOG,,
1184860505290487,2019-2023,44.112441,-70.06011,Not LSOG,Not LSOG,,
1184860506290487,2019-2023,43.99492,-69.952844,LS,Transitioning LS,,
1184860508290487,2019-2023,44.026361,-70.07267,Transitioning LS,Transitioning LS,,
1184860509290487,2019-2023,43.854138,-70.035973,Transitioning LS,Transitioning LS,,
1184860510290487,2019-2023,46.110349,-68.352582,Not LSOG,Not LSOG,,
1184860511290487,2019-2023,45.944128,-68.275066,Not LSOG,Not LSOG,,1
1184860512290487,2019-2023,46.079862,-68.355033,Not LSOG,Not LSOG,,
1184860513290487,2019-2023,46.065932,-68.397714,Not LSOG,Not LSOG,,
1184860514290487,2019-2023,45.971416,-68.471371,Not LSOG,Not LSOG,,
1184860515290487,2019-2023,45.87152,-68.373749,Not LSOG,Not LSOG,,
1184860516290487,2019-2023,45.841404,-68.399432,LS,Transitioning LS,,1
1184860517290487,2019-2023,45.925631,-68.530014,OG,OG,,
1184860518290487,2019-2023,45.754457,-68.484563,Transitioning LS,Transitioning LS,,
1184860519290487,2019-2023,45.822503,-68.584856,Not LSOG,Not LSOG,,1
1184860520290487,2019-2023,45.687826,-68.517402,Not LSOG,Not LSOG,,1
1184860521290487,2019-2023,45.598668,-68.607385,Not LSOG,Not LSOG,,1
1184860522290487,2019-2023,45.721622,-68.718006,Transitioning LS,Transitioning LS,,1
1184860523290487,2019-2023,43.96463,-69.596999,LS,LS,,
1184860524290487,2019-2023,45.092519,-70.638167,Not LSOG,Not LSOG,,1
1184860525290487,2019-2023,44.923003,-70.388443,Not LSOG,Not LSOG,,2
1184860526290487,2019-2023,44.866859,-70.564086,LS,Transitioning LS,,1
1184860529290487,2019-2023,44.712296,-70.702918,Not LSOG,Not LSOG,,
1184860530290487,2019-2023,44.660349,-70.771613,Not LSOG,Not LSOG,,
1184860531290487,2019-2023,44.666661,-70.966009,Not LSOG,Not LSOG,,2
1184860532290487,2019-2023,46.7763,-69.194255,Not LSOG,Not LSOG,,1
1184860533290487,2019-2023,46.609348,-69.142173,Not LSOG,Not LSOG,,1
1184860534290487,2019-2023,46.561587,-69.178804,Not LSOG,Not LSOG,,1
1184860535290487,2019-2023,46.636982,-69.300842,Not LSOG,Not LSOG,,1
1184860536290487,2019-2023,46.577268,-69.374774,Not LSOG,Not LSOG,,2
1184860537290487,2019-2023,46.413752,-69.332731,Transitioning LS,Not LSOG,,1
1184860539290487,2019-2023,46.479846,-69.442175,Not LSOG,Not LSOG,1,1
1184860540290487,2019-2023,46.4267,-69.473181,Not LSOG,Not LSOG,,1
1184860541290487,2019-2023,46.368022,-69.564314,Not LSOG,Not LSOG,2,2
1184860542290487,2019-2023,47.072873,-68.523724,Not LSOG,Not LSOG,,2
1184860543290487,2019-2023,46.99853,-68.545581,Not LSOG,Not LSOG,,1
1184860544290487,2019-2023,44.796028,-70.247105,Transitioning LS,Transitioning LS,,
1184860545290487,2019-2023,44.659118,-70.198842,Not LSOG,Not LSOG,,
1184860546290487,2019-2023,44.609656,-70.246789,Transitioning LS,Transitioning LS,,
1184860547290487,2019-2023,44.506556,-70.105662,Not LSOG,Not LSOG,,
1184860548290487,2019-2023,44.429238,-70.183745,Not LSOG,Not LSOG,,
1184860549290487,2019-2023,44.520497,-70.287916,Not LSOG,Not LSOG,,
1184860550290487,2019-2023,44.579659,-70.427542,Not LSOG,Not LSOG,,
1184860551290487,2019-2023,44.4216,-70.375161,Not LSOG,Not LSOG,,
1184860552290487,2019-2023,44.36579,-70.403958,Not LSOG,Not LSOG,,
1184860554290487,2019-2023,44.222103,-70.347237,Transitioning LS,Not LSOG,,
1184860555290487,2019-2023,44.293393,-70.463183,Not LSOG,Not LSOG,,
1184860556290487,2019-2023,44.399633,-70.48578,Not LSOG,Not LSOG,,
1184860557290487,2019-2023,46.463222,-68.654652,Not LSOG,Not LSOG,1,1
1184860558290487,2019-2023,46.373319,-68.531413,Not LSOG,Not LSOG,,1
1184860559290487,2019-2023,46.320801,-68.588141,Not LSOG,Not LSOG,,1
1184860560290487,2019-2023,46.414395,-68.719894,Not LSOG,Not LSOG,,1
1184860561290487,2019-2023,46.484175,-68.832626,Not LSOG,Not LSOG,2,2
1184860562290487,2019-2023,46.337708,-68.732206,Not LSOG,Not LSOG,,1
1184860563290487,2019-2023,46.255766,-68.847197,Transitioning LS,Transitioning LS,,1
1184860564290487,2019-2023,46.100075,-68.807837,Not LSOG,Not LSOG,,1
1184860565290487,2019-2023,46.214121,-68.891945,Transitioning LS,Transitioning LS,,3
1184860566290487,2019-2023,46.126704,-68.929846,Transitioning LS,Transitioning LS,,2
1184860568290487,2019-2023,45.952882,-68.883327,LS,Transitioning LS,,1
1184860569290487,2019-2023,45.874112,-68.96247,Not LSOG,Not LSOG,,2
1184860570290487,2019-2023,45.982076,-69.098429,Not LSOG,Not LSOG,,1
1184860571290487,2019-2023,46.069077,-69.199024,Not LSOG,Not LSOG,,1
1184860572290487,2019-2023,45.913295,-69.116989,Not LSOG,Not LSOG,,1
1184860573290487,2019-2023,47.071745,-67.867861,Not LSOG,Not LSOG,,1
1184860574290487,2019-2023,46.894906,-67.870681,Not LSOG,Not LSOG,,
1184860576290487,2019-2023,46.857554,-68.101572,Not LSOG,Not LSOG,,
1184860577290487,2019-2023,46.712885,-68.009428,Not LSOG,Not LSOG,,
1184860578290487,2019-2023,45.359427,-68.010638,Not LSOG,Not LSOG,,
1184860579290487,2019-2023,45.298797,-68.050027,Transitioning LS,Not LSOG,,1
1184860580290487,2019-2023,45.410458,-68.172167,Not LSOG,Not LSOG,,2
1184860581290487,2019-2023,45.333862,-68.213648,Not LSOG,Not LSOG,,
1184860582290487,2019-2023,45.409894,-68.35975,Not LSOG,Not LSOG,,
1184860583290487,2019-2023,45.259148,-68.317494,Not LSOG,Not LSOG,,1
1184860584290487,2019-2023,45.174738,-68.188995,Not LSOG,Not LSOG,,
1184860585290487,2019-2023,45.094919,-68.233681,Not LSOG,Not LSOG,,2
1184860586290487,2019-2023,45.241837,-68.325552,Not LSOG,Not LSOG,,
1184860587290487,2019-2023,45.118322,-68.431984,Not LSOG,Not LSOG,,1
1184860588290487,2019-2023,45.209444,-68.537674,Transitioning LS,Not LSOG,,
1184860589290487,2019-2023,45.064682,-68.468938,Not LSOG,Not LSOG,,1
1184860590290487,2019-2023,44.950801,-68.334344,Not LSOG,Not LSOG,,1
1184860592290487,2019-2023,46.953344,-68.64234,Not LSOG,Not LSOG,,1
1184860593290487,2019-2023,46.839124,-68.51397,LS,Transitioning LS,,1
1184860594290487,2019-2023,46.792026,-68.550355,LS,Transitioning LS,,1
1184860595290487,2019-2023,46.876921,-68.686244,LS,Transitioning LS,,1
1184860596290487,2019-2023,46.784402,-68.737527,Transitioning LS,Not LSOG,,1
1184860597290487,2019-2023,46.892472,-68.908563,Not LSOG,Not LSOG,,2
1184860598290487,2019-2023,46.741311,-68.804774,Not LSOG,Not LSOG,,1
1184860599290487,2019-2023,46.619173,-68.693465,Not LSOG,Not LSOG,2,2
1184860600290487,2019-2023,46.556184,-68.749073,Transitioning LS,Not LSOG,,1
1184860601290487,2019-2023,46.721488,-68.858225,Not LSOG,Not LSOG,,1
1184860602290487,2019-2023,46.64062,-68.884773,Not LSOG,Not LSOG,,
1184860603290487,2019-2023,46.567479,-68.939636,Not LSOG,Not LSOG,1,1
1184860604290487,2019-2023,46.686365,-69.033016,Transitioning LS,Transitioning LS,,1
1184860605290487,2019-2023,45.845076,-69.188642,LS,Transitioning LS,,2
1184860606290487,2019-2023,45.743448,-69.056816,Transitioning LS,Transitioning LS,,2
1184860607290487,2019-2023,45.699879,-69.152333,Not LSOG,Not LSOG,,2
1184860608290487,2019-2023,45.77547,-69.259143,Not LSOG,Not LSOG,,1
1184860609290487,2019-2023,45.885218,-69.399101,Not LSOG,Not LSOG,,1
1184860610290487,2019-2023,45.714586,-69.335862,Not LSOG,Not LSOG,,1
1184860611290487,2019-2023,45.6266,-69.367048,Not LSOG,Not LSOG,,1
1184860612290487,2019-2023,45.551398,-69.23453,Transitioning LS,Not LSOG,,
1184860613290487,2019-2023,45.454623,-69.305277,Not LSOG,Not LSOG,,1
1184860614290487,2019-2023,45.556251,-69.437625,Not LSOG,Not LSOG,,1
1184860615290487,2019-2023,45.654242,-69.406827,Transitioning LS,Transitioning LS,,1
1184860616290487,2019-2023,45.667233,-69.558617,Not LSOG,Not LSOG,,1
1184860618290487,2019-2023,45.428359,-69.522911,Transitioning LS,Transitioning LS,,1
1184860619290487,2019-2023,45.320822,-69.449105,Not LSOG,Not LSOG,,1
1184860621290487,2019-2023,47.105483,-68.06421,Transitioning LS,Transitioning LS,,
1184860622290487,2019-2023,47.007997,-67.963934,Not LSOG,Not LSOG,,1
1184860624290487,2019-2023,47.115534,-68.26993,Not LSOG,Not LSOG,,2
1184860625290487,2019-2023,43.950044,-70.179722,Not LSOG,Not LSOG,,
1184860627290487,2019-2023,43.824737,-70.255955,Not LSOG,Not LSOG,,
1184860629290487,2019-2023,43.744244,-70.33119,Not LSOG,Not LSOG,,
1184860630290487,2019-2023,43.566015,-70.289725,Transitioning LS,Not LSOG,,
1184860631290487,2019-2023,43.580643,-70.456647,Transitioning LS,Transitioning LS,,
1184860632290487,2019-2023,43.449878,-70.390348,Not LSOG,Not LSOG,,
1184860633290487,2019-2023,43.551295,-70.420434,Not LSOG,Not LSOG,,
1184860634290487,2019-2023,43.5113,-70.51308,Not LSOG,Not LSOG,,
1184860635290487,2019-2023,43.453239,-70.51691,Not LSOG,Not LSOG,,
1184860637290487,2019-2023,45.085286,-68.628077,Not LSOG,Not LSOG,,
1184860638290487,2019-2023,45.557001,-68.681374,Not LSOG,Not LSOG,,
1184860639290487,2019-2023,47.334924,-69.294979,Not LSOG,Not LSOG,,1
1184860640290487,2019-2023,45.947838,-70.09162,Transitioning LS,Transitioning LS,,2
1184860641290487,2019-2023,46.046512,-70.217889,Not LSOG,Not LSOG,,1
1184860642290487,2019-2023,45.971346,-70.26086,Not LSOG,Not LSOG,,1
1184860643290487,2019-2023,46.96738,-68.209006,Not LSOG,Not LSOG,,
1184860644290487,2019-2023,46.886614,-68.266355,Not LSOG,Not LSOG,,
1184860645290487,2019-2023,46.810536,-68.179751,Not LSOG,Not LSOG,,
1184860646290487,2019-2023,46.806505,-68.335728,Not LSOG,Not LSOG,1,1
1184860647290487,2019-2023,46.912847,-68.326336,Transitioning LS,Transitioning LS,,1
1184860648290487,2019-2023,46.914496,-68.481595,Not LSOG,Not LSOG,,1
1184860649290487,2019-2023,46.743151,-68.392395,Not LSOG,Not LSOG,,
1184860651290487,2019-2023,46.591916,-68.320831,Not LSOG,Not LSOG,,
1184860652290487,2019-2023,46.528132,-68.405713,Not LSOG,Not LSOG,,
1184860653290487,2019-2023,46.625893,-68.501366,Not LSOG,Not LSOG,,1
1184860654290487,2019-2023,46.694828,-68.669898,Not LSOG,Not LSOG,,2
1184860655290487,2019-2023,46.531298,-68.603065,Not LSOG,Not LSOG,2,2
1184860656290487,2019-2023,45.154487,-68.784945,Transitioning LS,Transitioning LS,,
1184860657290487,2019-2023,45.104303,-68.837349,Not LSOG,Not LSOG,,
1184860658290487,2019-2023,44.952335,-68.777883,Not LSOG,Not LSOG,,
1184860662290487,2019-2023,44.887012,-69.029552,Not LSOG,Not LSOG,,
1184860663290487,2019-2023,44.746825,-68.976012,Transitioning LS,Not LSOG,,
1184860664290487,2019-2023,44.821414,-69.059469,Transitioning LS,Transitioning LS,,
1184860665290487,2019-2023,44.768208,-69.15764,Transitioning LS,Transitioning LS,,
1184860666290487,2019-2023,45.628503,-68.770523,LS,Transitioning LS,,1
1184860667290487,2019-2023,45.566491,-68.867106,Not LSOG,Not LSOG,,1
1184860668290487,2019-2023,45.489404,-68.711709,Not LSOG,Not LSOG,,
1184860669290487,2019-2023,45.386238,-68.789794,Transitioning LS,Transitioning LS,,1
1184860670290487,2019-2023,45.494296,-68.892639,Transitioning LS,Not LSOG,,2
1184860671290487,2019-2023,45.354769,-68.832264,Not LSOG,Not LSOG,,1
1184860673290487,2019-2023,45.3554,-69.00762,Transitioning LS,Transitioning LS,,1
1184860674290487,2019-2023,45.206144,-68.966666,Not LSOG,Not LSOG,,1
1184860676290487,2019-2023,45.138149,-69.018317,Not LSOG,Not LSOG,,1
1184860677290487,2019-2023,45.215903,-69.118746,Transitioning LS,Not LSOG,,
1184860678290487,2019-2023,45.147697,-69.173892,Not LSOG,Not LSOG,,
1184860681290487,2019-2023,45.051321,-69.226746,Not LSOG,Not LSOG,,
1184860682290487,2019-2023,44.967345,-68.523906,LS,Transitioning LS,,
1184860683290487,2019-2023,45.911279,-70.152696,Not LSOG,Not LSOG,,1
1184860684290487,2019-2023,45.837131,-70.192175,Not LSOG,Not LSOG,,2
1184860685290487,2019-2023,45.220508,-70.27234,Not LSOG,Not LSOG,,2
1184860686290487,2019-2023,45.677146,-70.340141,Not LSOG,Not LSOG,,1
1184860687290487,2019-2023,45.61519,-70.358472,Not LSOG,Not LSOG,,1
1184860688290487,2019-2023,45.546192,-70.424082,Transitioning LS,Transitioning LS,,3
1184860689290487,2019-2023,45.651379,-70.488403,Not LSOG,Not LSOG,,1
1184860690290487,2019-2023,45.63175,-70.520921,Not LSOG,Not LSOG,,2
1184860691290487,2019-2023,45.563058,-70.619947,Transitioning LS,Not LSOG,,3
1184860692290487,2019-2023,45.467499,-70.4739,Not LSOG,Not LSOG,,1
1184860693290487,2019-2023,45.406268,-70.553621,Transitioning LS,Not LSOG,,1
1184860694290487,2019-2023,45.486235,-70.677088,Transitioning LS,Transitioning LS,,1
1184860695290487,2019-2023,45.329496,-70.617907,Transitioning LS,Transitioning LS,,3
1184860696290487,2019-2023,47.412357,-69.03759,Not LSOG,Not LSOG,,2
1184860697290487,2019-2023,47.219552,-69.025891,Not LSOG,Not LSOG,,2
1184860698290487,2019-2023,47.314025,-69.155877,Not LSOG,Not LSOG,,1
1184860699290487,2019-2023,47.230572,-69.185618,Not LSOG,Not LSOG,,1
1184860700290487,2019-2023,47.141482,-69.06981,Not LSOG,Not LSOG,,3
1184860701290487,2019-2023,47.065388,-69.118495,Not LSOG,Not LSOG,,3
1184860702290487,2019-2023,46.181936,-69.505019,Not LSOG,Not LSOG,,1
1184860703290487,2019-2023,46.128757,-69.560148,Not LSOG,Not LSOG,,2
1184860704290487,2019-2023,45.40455,-67.586317,Not LSOG,Not LSOG,,1
1184860705290487,2019-2023,45.234126,-67.545658,Transitioning LS,Not LSOG,,
1184860706290487,2019-2023,45.147374,-67.58474,Not LSOG,Not LSOG,,
1184860707290487,2019-2023,45.189837,-67.750165,Not LSOG,Not LSOG,,2
1184860708290487,2019-2023,45.02306,-67.739889,Transitioning LS,Transitioning LS,,
1184860710290487,2019-2023,43.381661,-70.604759,Transitioning LS,Transitioning LS,,
1184860711290487,2019-2023,44.998795,-68.732937,Not LSOG,Not LSOG,,
1184860712290487,2019-2023,44.8515,-68.639385,Not LSOG,Not LSOG,,
1184860713290487,2019-2023,44.76088,-68.567762,Not LSOG,Not LSOG,,
1184860716290487,2019-2023,44.704408,-68.782152,Transitioning LS,Transitioning LS,,
1184860717290487,2019-2023,44.63003,-68.852843,Not LSOG,Not LSOG,,
1184860718290487,2019-2023,44.53652,-68.71562,Transitioning LS,Not LSOG,,
1184860719290487,2019-2023,44.484349,-68.770937,Not LSOG,Not LSOG,,
1184860721290487,2019-2023,44.582861,-69.088857,Not LSOG,Not LSOG,,
1184860723290487,2019-2023,44.668763,-67.398396,Not LSOG,Not LSOG,,
1184860724290487,2019-2023,44.787323,-67.10236,LS,Transitioning LS,,1
1184860725290487,2019-2023,44.845257,-67.040982,Not LSOG,Not LSOG,,
1184860726290487,2019-2023,44.869645,-67.226497,Not LSOG,Not LSOG,,1
1184860727290487,2019-2023,44.728845,-67.175333,Not LSOG,Not LSOG,,
1184860728290487,2019-2023,44.809733,-67.28766,Not LSOG,Not LSOG,,
1184860729290487,2019-2023,44.746649,-67.346327,LS,LS,,
1184860731290487,2019-2023,45.093392,-67.226987,Transitioning LS,Transitioning LS,,
1184860732290487,2019-2023,45.140361,-67.412198,Not LSOG,Not LSOG,,
1184860733290487,2019-2023,45.025341,-67.275823,Not LSOG,Not LSOG,,
1184860735290487,2019-2023,45.057967,-67.471428,Not LSOG,Not LSOG,,
1184860737290487,2019-2023,44.982693,-67.530753,Not LSOG,Not LSOG,,1
1184860738290487,2019-2023,44.92304,-67.601376,Not LSOG,Not LSOG,,
1184860739290487,2019-2023,44.819528,-67.484393,Not LSOG,Not LSOG,,2
1184860740290487,2019-2023,44.869212,-67.662313,Not LSOG,Not LSOG,,
1184860743290487,2019-2023,44.385725,-68.64511,Transitioning LS,Not LSOG,,
1184860744290487,2019-2023,44.813476,-68.909941,Not LSOG,Not LSOG,,
1184860745290487,2019-2023,44.504634,-68.970943,Not LSOG,Not LSOG,,
1184860746290487,2019-2023,44.45497,-69.333578,Not LSOG,Not LSOG,,
1184860747290487,2019-2023,44.251,-69.36897,Not LSOG,Not LSOG,,
1184860750290487,2019-2023,46.268556,-68.880771,LS,Transitioning LS,,1
1184860751290487,2019-2023,44.87058,-70.003494,Not LSOG,Not LSOG,,
1184860752290487,2019-2023,44.710327,-70.144918,Not LSOG,Not LSOG,,
1184860753290487,2019-2023,43.545771,-70.810078,Not LSOG,Not LSOG,,
1184860754290487,2019-2023,46.206256,-69.054048,Transitioning LS,Not LSOG,,1
1184860756290487,2019-2023,45.237034,-70.509615,Not LSOG,Not LSOG,,2
1184860757290487,2019-2023,45.010366,-70.659042,Not LSOG,Not LSOG,,1
1184860758290487,2019-2023,46.548269,-69.767063,Not LSOG,Not LSOG,2,2
1184860759290487,2019-2023,45.062557,-71.027229,Not LSOG,Not LSOG,,1
1184860760290487,2019-2023,45.024088,-71.025009,Not LSOG,Not LSOG,,1
1184860761290487,2019-2023,44.292659,-70.911233,Not LSOG,Not LSOG,,
1184860762290487,2019-2023,43.424809,-70.670415,Transitioning LS,Transitioning LS,,
1184860763290487,2019-2023,44.340144,-70.889168,Not LSOG,Not LSOG,,2
1184860764290487,2019-2023,44.327616,-70.983645,Transitioning LS,Transitioning LS,,3
1184860765290487,2019-2023,44.369203,-70.922734,Transitioning LS,Not LSOG,,3
1184860766290487,2019-2023,44.304599,-70.830997,Not LSOG,Not LSOG,,1
