state,eval_period,CN,LAT,LON,p_mature,v51_class,v51_total
ME,2019-2023,509641931126144,44.79974,-67.04813,0.7143095470364913,Transitioning LS,5
ME,2019-2023,509641934126144,44.897999,-67.22222,0.34900515581462815,Transitioning LS,4
ME,2019-2023,509641935126144,44.99234,-67.28043,0.23458173694842877,Not LSOG,2
ME,2019-2023,509641937126144,44.80271,-67.1854,0.21537891006925972,Not LSOG,2
ME,2019-2023,509641938126144,44.85901,-67.30806,0.23458173694842877,Not LSOG,2
ME,2019-2023,509641939126144,44.67453,-67.18799,0.23458173694842877,Not LSOG,2
ME,2019-2023,509641940126144,44.76005,-67.30038,0.2988454372844079,Transitioning LS,4
ME,2019-2023,509641941126144,44.69076,-67.35831,0.18057822853306668,Not LSOG,0
ME,2019-2023,509641942126144,44.80905,-67.54819,0.23627134681094064,Not LSOG,1
ME,2019-2023,509641944126144,44.59372,-67.6771,0.5638432296525292,Not LSOG,1
ME,2019-2023,509641945126144,45.13732,-67.20386,0.3008160045392108,Not LSOG,3
ME,2019-2023,509641946126144,45.0709,-67.23852,0.25665733770473287,Not LSOG,2
ME,2019-2023,509641947126144,45.10218,-67.39723,0.23627134681094064,Not LSOG,1
ME,2019-2023,509641948126144,44.9337,-67.35585,0.3244055053540762,Transitioning LS,4
ME,2019-2023,509641949126144,44.83859,-67.42162,0.37435030153963456,Transitioning LS,5
ME,2019-2023,509641950126144,45.02512,-67.47284,0.18057822853306668,Not LSOG,0
ME,2019-2023,509641951126144,44.95066,-67.53303,0.25665733770473287,Not LSOG,2
ME,2019-2023,509641952126144,44.8362,-67.60076,0.3008160045392108,Not LSOG,3
ME,2019-2023,509641953126144,44.72188,-67.54791,0.2782353995884367,Not LSOG,2
ME,2019-2023,509641954126144,44.64832,-67.60452,0.2548705952953345,Not LSOG,3
ME,2019-2023,509641955126144,44.74763,-67.72403,0.21537891006925972,Not LSOG,2
ME,2019-2023,509641956126144,45.67397,-67.80914,0.18057822853306668,Not LSOG,0
ME,2019-2023,509641957126144,44.50905,-67.71106,0.276354286363825,Not LSOG,3
ME,2019-2023,509641958126144,44.47163,-67.94997,0.276354286363825,Not LSOG,3
ME,2019-2023,509641959126144,44.52416,-67.87414,0.642582583708017,Not LSOG,3
ME,2019-2023,509641961126144,45.41226,-67.54035,0.5638432296525292,Not LSOG,1
ME,2019-2023,509641962126144,45.3415,-67.57952,0.18057822853306668,Not LSOG,0
ME,2019-2023,509641963126144,45.29761,-67.47939,0.23627134681094064,Not LSOG,1
ME,2019-2023,509641964126144,45.24966,-67.46716,0.18057822853306668,Not LSOG,0
ME,2019-2023,509641965126144,45.19996,-67.52267,0.5638432296525292,Not LSOG,1
ME,2019-2023,509641967126144,45.12483,-67.57684,0.18057822853306668,Not LSOG,0
ME,2019-2023,509641968126144,45.20663,-67.71854,0.21537891006925972,Not LSOG,2
ME,2019-2023,509641969126144,45.11721,-67.70254,0.23627134681094064,Not LSOG,1
ME,2019-2023,509641970126144,45.04936,-67.65003,0.18057822853306668,Not LSOG,0
ME,2019-2023,509641971126144,44.97382,-67.71196,0.21537891006925972,Not LSOG,2
ME,2019-2023,509641972126144,45.10091,-67.89125,0.18057822853306668,Not LSOG,0
ME,2019-2023,509641973126144,44.92615,-67.77464,0.2781616398280879,Not LSOG,3
ME,2019-2023,509641974126144,45.01112,-67.91339,0.18057822853306668,Not LSOG,0
ME,2019-2023,509641975126144,44.93013,-67.95938,0.1974009304781744,Not LSOG,1
ME,2019-2023,509641976126144,44.88406,-67.83771,0.2781616398280879,Not LSOG,3
ME,2019-2023,509641977126144,44.857,-67.8914,0.18057822853306668,Not LSOG,0
ME,2019-2023,509641978126144,44.76173,-67.88135,0.18057822853306668,Not LSOG,0
ME,2019-2023,509641979126144,44.86236,-68.01613,0.23627134681094064,Not LSOG,1
ME,2019-2023,509641980126144,44.69997,-67.94882,0.2549403602718784,Not LSOG,2
ME,2019-2023,509641981126144,44.79812,-68.07063,0.2548705952953345,Not LSOG,3
ME,2019-2023,509641982126144,44.72547,-68.16763,0.18057822853306668,Not LSOG,0
ME,2019-2023,509641983126144,44.61349,-68.0002,0.2549403602718784,Not LSOG,2
ME,2019-2023,509641984126144,44.56048,-68.06313,0.3244055053540762,Transitioning LS,4
ME,2019-2023,509641985126144,44.65336,-68.19299,0.37435030153963456,Transitioning LS,5
ME,2019-2023,509641986126144,44.49637,-68.12756,0.18057822853306668,Not LSOG,0
ME,2019-2023,509641987126144,44.66203,-68.30597,0.2249364003630322,Not LSOG,1
ME,2019-2023,509641988126144,44.50902,-68.31112,0.2549403602718784,Not LSOG,2
ME,2019-2023,509641989126144,44.49083,-68.17901,0.23627134681094064,Not LSOG,1
ME,2019-2023,509641993126144,44.30011,-68.32499,0.2548705952953345,Not LSOG,3
ME,2019-2023,509641994126144,44.15078,-68.4252,0.18057822853306668,Not LSOG,0
ME,2019-2023,509641995126144,44.23756,-68.53436,0.21544099060697866,Not LSOG,1
ME,2019-2023,509641997126144,45.615083,-67.768481,0.1974009304781744,Not LSOG,1
ME,2019-2023,509641998126144,45.44466,-67.69255,0.25665733770473287,Not LSOG,2
ME,2019-2023,509641999126144,45.30151,-67.81397,0.2781616398280879,Not LSOG,3
ME,2019-2023,509642000126144,45.39938,-67.94866,0.5638432296525292,Not LSOG,1
ME,2019-2023,509642002126144,45.16423,-67.93737,0.2781616398280879,Not LSOG,3
ME,2019-2023,509642004126144,45.02883,-68.06517,0.18057822853306668,Not LSOG,0
ME,2019-2023,509642005126144,44.95424,-68.13442,0.18057822853306668,Not LSOG,0
ME,2019-2023,509642006126144,45.02623,-68.18843,0.21537891006925972,Not LSOG,2
ME,2019-2023,509642007126144,44.98175,-68.31046,0.3244055053540762,Transitioning LS,4
ME,2019-2023,509642008126144,44.82009,-68.21721,0.3008160045392108,Not LSOG,3
ME,2019-2023,509642009126144,44.56878,-68.35525,0.5638432296525292,Not LSOG,1
ME,2019-2023,509642010126144,44.86221,-68.47808,0.1974009304781744,Not LSOG,1
ME,2019-2023,509642012126144,44.54882,-68.47232,0.21544099060697866,Not LSOG,1
ME,2019-2023,509642013126144,44.68255,-68.73187,0.5638432296525292,Not LSOG,1
ME,2019-2023,509642014126144,44.39909,-68.57862,0.2782353995884367,Not LSOG,2
ME,2019-2023,509642018126144,45.75766,-67.83538,0.5638432296525292,Not LSOG,1
ME,2019-2023,509642019126144,45.84685,-67.92282,0.590634963918016,Not LSOG,2
ME,2019-2023,509642020126144,45.72897,-67.83048,0.23458173694842877,Not LSOG,2
ME,2019-2023,509642021126144,45.6946,-67.85877,0.18057822853306668,Not LSOG,0
ME,2019-2023,509642024126144,45.47238,-67.88829,0.23627134681094064,Not LSOG,1
ME,2019-2023,509642025126144,45.53197,-67.9556,0.34900515581462815,Transitioning LS,4
ME,2019-2023,509642026126144,45.65391,-68.14088,0.1974009304781744,Not LSOG,1
ME,2019-2023,509642027126144,45.49019,-68.06919,0.1974009304781744,Not LSOG,1
ME,2019-2023,509642028126144,45.4205,-68.11448,0.590634963918016,Not LSOG,2
ME,2019-2023,509642030126144,45.282852,-68.040238,0.2781616398280879,Not LSOG,3
ME,2019-2023,509642031126144,45.35346,-68.17171,0.23627134681094064,Not LSOG,1
ME,2019-2023,509642034126144,45.12159,-68.29552,0.18057822853306668,Not LSOG,0
ME,2019-2023,509642035126144,45.208,-68.31131,0.18057822853306668,Not LSOG,0
ME,2019-2023,509642036126144,45.12068,-68.17936,0.2781616398280879,Not LSOG,3
ME,2019-2023,509642037126144,45.04645,-68.24393,0.2548705952953345,Not LSOG,3
ME,2019-2023,509642038126144,45.14139,-68.36429,0.25665733770473287,Not LSOG,2
ME,2019-2023,509642039126144,45.24076,-68.47567,0.2781616398280879,Not LSOG,3
ME,2019-2023,509642040126144,45.07786,-68.43251,0.18057822853306668,Not LSOG,0
ME,2019-2023,509642041126144,45.00817,-68.47659,0.25665733770473287,Not LSOG,2
ME,2019-2023,509642042126144,44.91191,-68.365710000000007,0.23627134681094064,Not LSOG,1
ME,2019-2023,509642043126144,44.85619,-68.40268,0.18057822853306668,Not LSOG,0
ME,2019-2023,509642044126144,44.9346,-68.52751,0.18057822853306668,Not LSOG,0
ME,2019-2023,509642045126144,44.98891,-68.6527,0.18057822853306668,Not LSOG,0
ME,2019-2023,509642046126144,44.88859,-68.53756,0.18057822853306668,Not LSOG,0
ME,2019-2023,509642047126144,44.86027,-68.59539,0.1974009304781744,Not LSOG,1
ME,2019-2023,509642049126144,44.69964,-68.53143,0.6694711472295376,Not LSOG,3
ME,2019-2023,509642050126144,44.65671,-68.60702,0.3008160045392108,Not LSOG,3
ME,2019-2023,509642051126144,44.72891,-68.71284,0.18057822853306668,Not LSOG,0
ME,2019-2023,509642052126144,44.81375,-69.00352,0.21544099060697866,Not LSOG,1
ME,2019-2023,509642053126144,44.6555,-68.76525,0.18057822853306668,Not LSOG,0
ME,2019-2023,509642054126144,44.57404,-68.82427,0.23458173694842877,Not LSOG,2
ME,2019-2023,509642056126144,44.42365,-68.76891,0.5638432296525292,Not LSOG,1
ME,2019-2023,509642057126144,44.53642,-68.89995,0.27516034859358574,Transitioning LS,4
ME,2019-2023,509642058126144,44.62922,-69.01646,0.744434067465401,OG,8
ME,2019-2023,509642059126144,44.46919,-68.88707,0.18057822853306668,Not LSOG,0
ME,2019-2023,509642060126144,44.43332,-68.96937,0.21537891006925972,Not LSOG,2
ME,2019-2023,509642061126144,44.37374,-69.00124,0.3244055053540762,Transitioning LS,4
ME,2019-2023,509642062126144,44.3315,-69.12525,0.7050130462894892,Not LSOG,3
ME,2019-2023,509642063126144,44.42173,-69.13169,0.276354286363825,Not LSOG,3
ME,2019-2023,509642065126144,44.12427,-69.16975,0.6169859589412369,Not LSOG,2
ME,2019-2023,509642066126144,44.07625,-69.0576,0.738002184027737,Transitioning LS,5
ME,2019-2023,509642068126144,44.10074,-69.2383,0.2988454372844079,Transitioning LS,4
ME,2019-2023,509642069126144,44.19612,-69.35685,0.18057822853306668,Not LSOG,0
ME,2019-2023,509642070126144,44.05677,-69.23601,0.590634963918016,Not LSOG,2
ME,2019-2023,509642071126144,44.02668,-69.29658,0.2549403602718784,Not LSOG,2
ME,2019-2023,509642073126144,43.98818,-69.51656,0.18057822853306668,Not LSOG,0
ME,2019-2023,509642074126144,46.47353,-67.83011,0.18057822853306668,Not LSOG,0
ME,2019-2023,509642076126144,46.17085,-67.855950000000007,0.18057822853306668,Not LSOG,0
ME,2019-2023,509642077126144,46.26196,-67.99806,0.5638432296525292,Not LSOG,1
ME,2019-2023,509642079126144,45.99459,-67.84537,0.18057822853306668,Not LSOG,0
ME,2019-2023,509642080126144,45.95135,-67.85142,0.18057822853306668,Not LSOG,0
ME,2019-2023,509642081126144,46.03014,-67.99657,0.23458173694842877,Not LSOG,2
ME,2019-2023,509642082126144,45.96682,-68.04375,0.1974009304781744,Not LSOG,1
ME,2019-2023,509642083126144,46.0537,-68.17363,0.5638432296525292,Not LSOG,1
ME,2019-2023,509642084126144,45.86872,-68.17836,0.18057822853306668,Not LSOG,0
ME,2019-2023,509642085126144,45.79221,-67.99894,0.21544099060697866,Not LSOG,1
ME,2019-2023,509642086126144,45.73761,-68.05742,0.7398130914210179,Transitioning LS,4
ME,2019-2023,509642087126144,45.86039,-68.10142,0.6694711472295376,Not LSOG,3
ME,2019-2023,509642088126144,45.81336,-68.16958,0.23627134681094064,Not LSOG,1
ME,2019-2023,509642089126144,45.73563,-68.22397,0.616899151780938,Not LSOG,3
ME,2019-2023,509642090126144,45.84593,-68.3317,0.642582583708017,Not LSOG,3
ME,2019-2023,509642091126144,45.672,-68.2683,0.21537891006925972,Not LSOG,2
ME,2019-2023,509642092126144,45.60044,-68.18605,0.4026596151397796,Transitioning LS,5
ME,2019-2023,509642093126144,45.52283,-68.23083,0.3027939542100569,Not LSOG,2
ME,2019-2023,509642094126144,45.59761,-68.3375,0.590634963918016,Not LSOG,2
ME,2019-2023,509642095126144,45.54666,-68.39389,0.21537891006925972,Not LSOG,2
ME,2019-2023,509642096126144,45.63625,-68.52776,0.25665733770473287,Not LSOG,2
ME,2019-2023,509642097126144,45.47432,-68.47343,0.1974009304781744,Not LSOG,1
ME,2019-2023,509642098126144,45.37931,-68.39461,0.2781616398280879,Not LSOG,3
ME,2019-2023,509642099126144,45.31279,-68.43383,0.1974009304781744,Not LSOG,1
ME,2019-2023,509642101126144,45.33956,-68.58089,0.35873417982484085,LS,7
ME,2019-2023,509642103126144,45.27968,-68.65479,0.18057822853306668,Not LSOG,0
ME,2019-2023,509642104126144,45.17267,-68.5063,0.1974009304781744,Not LSOG,1
ME,2019-2023,509642106126144,45.19268,-68.71502,0.18057822853306668,Not LSOG,0
ME,2019-2023,509642107126144,45.20345,-68.75708,0.18057822853306668,Not LSOG,0
ME,2019-2023,509642108126144,45.20788,-68.90967,0.21544099060697866,Not LSOG,1
ME,2019-2023,509642109126144,45.06078,-68.83787,0.18057822853306668,Not LSOG,0
ME,2019-2023,509642110126144,44.8836,-68.88773,0.18057822853306668,Not LSOG,0
ME,2019-2023,509642113126144,44.92017,-68.94388,0.18057822853306668,Not LSOG,0
ME,2019-2023,509642115126144,44.84323,-69.01446,0.18057822853306668,Not LSOG,0
ME,2019-2023,509642116126144,44.82038,-68.9504,0.23458173694842877,Not LSOG,2
ME,2019-2023,509642118126144,44.77345,-69.04898,0.21537891006925972,Not LSOG,2
ME,2019-2023,509642119126144,44.65971,-69.12684,0.5638432296525292,Not LSOG,1
ME,2019-2023,509642120126144,44.80449,-69.2259,0.5638432296525292,Not LSOG,1
ME,2019-2023,509642121126144,44.64059,-69.1839,0.5638432296525292,Not LSOG,1
ME,2019-2023,509642122126144,44.501913,-69.149634,0.6674723002111448,Not LSOG,3
ME,2019-2023,509642123126144,44.46481,-69.15438,0.5638432296525292,Not LSOG,1
ME,2019-2023,509642124126144,44.61915,-69.23531,0.5638432296525292,Not LSOG,1
ME,2019-2023,509642125126144,44.55956,-69.2493,0.21544099060697866,Not LSOG,1
ME,2019-2023,509642126126144,44.49353,-69.30602,0.1974009304781744,Not LSOG,1
ME,2019-2023,509642128126144,44.44746,-69.41475,0.3230966597567764,Transitioning LS,5
ME,2019-2023,509642129126144,44.33104,-69.23332,0.6933818782980402,Not LSOG,3
ME,2019-2023,509642130126144,44.27866,-69.28741,0.18057822853306668,Not LSOG,0
ME,2019-2023,509642131126144,44.38044,-69.36018,0.25665733770473287,Not LSOG,2
ME,2019-2023,509642132126144,44.2769,-69.471,0.1974009304781744,Not LSOG,1
ME,2019-2023,509642133126144,44.37813,-69.59376,0.1974009304781744,Not LSOG,1
ME,2019-2023,509642135126144,44.11048,-69.42583,0.3125751083612596,Not LSOG,3
ME,2019-2023,509642136126144,44.05184,-69.46112,0.642582583708017,Not LSOG,3
ME,2019-2023,509642137126144,44.1483,-69.59167,0.21537891006925972,Not LSOG,2
ME,2019-2023,509642138126144,44.07762,-69.64104,0.642582583708017,Not LSOG,3
ME,2019-2023,509642139126144,44.13854,-69.69594,0.5638432296525292,Not LSOG,1
ME,2019-2023,509642140126144,43.99969,-69.69451,0.2781616398280879,Not LSOG,3
ME,2019-2023,509642141126144,44.02442,-69.63737,0.3244055053540762,Transitioning LS,4
ME,2019-2023,509642143126144,43.93328,-69.76058,0.642582583708017,Not LSOG,3
ME,2019-2023,509642144126144,43.8629,-69.78851,0.6447355333707196,Not LSOG,2
ME,2019-2023,509642145126144,43.9567,-69.94797,0.616899151780938,Not LSOG,3
ME,2019-2023,509642148126144,46.70617,-67.78951,0.18057822853306668,Not LSOG,0
ME,2019-2023,509642149126144,46.63095,-67.83811,0.21537891006925972,Not LSOG,2
ME,2019-2023,509642150126144,46.55121,-67.79527,0.18057822853306668,Not LSOG,0
ME,2019-2023,509642153126144,46.21535,-67.98039,0.18057822853306668,Not LSOG,0
ME,2019-2023,509642154126144,46.48788,-67.9661,0.18057822853306668,Not LSOG,0
ME,2019-2023,509642155126144,46.36405,-67.86238,0.18057822853306668,Not LSOG,0
ME,2019-2023,509642156126144,46.35211,-68.12046,0.1974009304781744,Not LSOG,1
ME,2019-2023,509642157126144,46.1907,-68.04927,0.23627134681094064,Not LSOG,1
ME,2019-2023,509642158126144,46.12074,-68.11501,0.21537891006925972,Not LSOG,2
ME,2019-2023,509642159126144,46.26756,-68.33864,0.1974009304781744,Not LSOG,1
ME,2019-2023,509642160126144,46.14429,-68.16435,0.23458173694842877,Not LSOG,2
ME,2019-2023,509642161126144,46.07938,-68.2316,0.21537891006925972,Not LSOG,2
ME,2019-2023,509642162126144,45.98693,-68.22394,0.25665733770473287,Not LSOG,2
ME,2019-2023,509642163126144,45.72868,-68.41295,0.590634963918016,Not LSOG,2
ME,2019-2023,509642164126144,46.01262,-68.4113,0.21537891006925972,Not LSOG,2
ME,2019-2023,509642165126144,45.93035,-68.46755,0.2548705952953345,Not LSOG,3
ME,2019-2023,509642166126144,45.77291,-68.41086,0.4026596151397796,Transitioning LS,5
ME,2019-2023,509642167126144,45.70065,-68.46628,0.18057822853306668,Not LSOG,0
ME,2019-2023,509642168126144,45.86837,-68.52064,0.1974009304781744,Not LSOG,1
ME,2019-2023,509642169126144,45.79375,-68.59949,0.32448601524557913,Not LSOG,3
ME,2019-2023,509642170126144,45.74006,-68.65342,0.18057822853306668,Not LSOG,0
ME,2019-2023,509642171126144,45.73062,-68.53447,0.1974009304781744,Not LSOG,1
ME,2019-2023,509642172126144,45.56521,-68.58842,0.3125751083612596,Not LSOG,3
ME,2019-2023,509642174126144,45.61068,-68.7567,0.2548705952953345,Not LSOG,3
ME,2019-2023,509642175126144,45.5365,-68.83023,0.590634963918016,Not LSOG,2
ME,2019-2023,509642176126144,45.35886,-68.78687,0.18057822853306668,Not LSOG,0
ME,2019-2023,509642177126144,45.26752,-68.84901,0.3008160045392108,Not LSOG,3
ME,2019-2023,509642178126144,45.40733,-68.89498,0.5638432296525292,Not LSOG,1
ME,2019-2023,509642179126144,45.30455,-68.88495,0.5638432296525292,Not LSOG,1
ME,2019-2023,509642180126144,45.30931,-69.00697,0.18057822853306668,Not LSOG,0
ME,2019-2023,509642181126144,45.14584,-68.94638,0.23627134681094064,Not LSOG,1
ME,2019-2023,509642182126144,45.09047,-69.00536,0.21537891006925972,Not LSOG,2
ME,2019-2023,509642183126144,45.22542,-69.07463,0.590634963918016,Not LSOG,2
ME,2019-2023,509642184126144,45.25897,-69.12843,0.276354286363825,Not LSOG,3
ME,2019-2023,509642185126144,45.0987,-69.30976,0.1974009304781744,Not LSOG,1
ME,2019-2023,509642186126144,44.9374,-69.1312,0.6694711472295376,Not LSOG,3
ME,2019-2023,509642187126144,44.87902,-69.20877,0.1974009304781744,Not LSOG,1
ME,2019-2023,509642188126144,44.97765,-69.31135,0.1974009304781744,Not LSOG,1
ME,2019-2023,509642189126144,44.89015,-69.22557,0.18057822853306668,Not LSOG,0
ME,2019-2023,509642190126144,44.89336,-69.34765,0.18057822853306668,Not LSOG,0
ME,2019-2023,509642191126144,44.74937,-69.31992,0.18057822853306668,Not LSOG,0
ME,2019-2023,509642192126144,44.652589999999996,-69.35448,0.7130880041903571,LS,6
ME,2019-2023,509642193126144,45.0069,-69.51714,0.276354286363825,Not LSOG,3
ME,2019-2023,509642200126144,44.46972,-69.70766,0.7603890633690075,Transitioning LS,5
ME,2019-2023,509642201126144,44.31165,-69.65106,0.25665733770473287,Not LSOG,2
ME,2019-2023,509642202126144,44.24101,-69.70095,0.6674723002111448,Not LSOG,3
ME,2019-2023,509642205126144,44.09692,-69.80331,0.5638432296525292,Not LSOG,1
ME,2019-2023,509642206126144,44.02199,-69.87054,0.18057822853306668,Not LSOG,0
ME,2019-2023,509642207126144,44.11271,-69.98548,0.590634963918016,Not LSOG,2
ME,2019-2023,509642209126144,43.982170000000004,-70.0954,0.21537891006925972,Not LSOG,2
ME,2019-2023,509642210126144,43.90703,-69.97304,0.3125751083612596,Not LSOG,3
ME,2019-2023,509642212126144,44.03527,-70.05233,0.7143095470364913,Transitioning LS,5
ME,2019-2023,509642213126144,43.89498,-70.15922,0.23458173694842877,Not LSOG,2
ME,2019-2023,509642214126144,43.82845,-70.21128,0.748554541042435,Transitioning LS,5
ME,2019-2023,509642217126144,43.62318,-70.40477,0.1974009304781744,Not LSOG,1
ME,2019-2023,509642220126144,43.34346,-70.62373,0.2988454372844079,Transitioning LS,4
ME,2019-2023,509642221126144,43.27463,-70.67314,0.6299685665522238,Not LSOG,2
ME,2019-2023,509642222126144,43.21555,-70.61081,0.1974009304781744,Not LSOG,1
ME,2019-2023,509642223126144,43.19065,-70.70089,0.7162212459177082,Transitioning LS,4
ME,2019-2023,509642224126144,47.022,-67.8997,0.34900515581462815,Transitioning LS,4
ME,2019-2023,509642225126144,46.84378,-67.86186,0.7587418963588353,Transitioning LS,5
ME,2019-2023,509642226126144,46.95804,-67.93423,0.18057822853306668,Not LSOG,0
ME,2019-2023,509642229126144,46.81786,-68.08173,0.18057822853306668,Not LSOG,0
ME,2019-2023,509642230126144,46.73387,-67.97707,0.18057822853306668,Not LSOG,0
ME,2019-2023,509642232126144,46.74777,-68.14588,0.21544099060697866,Not LSOG,1
ME,2019-2023,509642233126144,46.58278,-68.08921,0.21544099060697866,Not LSOG,1
ME,2019-2023,509642234126144,46.77074,-68.0663,0.18057822853306668,Not LSOG,0
ME,2019-2023,509642235126144,46.68475,-68.21526,0.5638432296525292,Not LSOG,1
ME,2019-2023,509642236126144,46.6165,-68.27824,0.3244055053540762,Transitioning LS,4
ME,2019-2023,509642237126144,46.50304,-68.12421,0.6447355333707196,Not LSOG,2
ME,2019-2023,509642238126144,46.5716,-68.16323,0.21537891006925972,Not LSOG,2
ME,2019-2023,509642239126144,46.54581,-68.33313,0.23458173694842877,Not LSOG,2
ME,2019-2023,509642240126144,46.40012,-68.28823,0.642582583708017,Not LSOG,3
ME,2019-2023,509642241126144,46.47873,-68.40534,0.21537891006925972,Not LSOG,2
ME,2019-2023,509642242126144,46.39286,-68.48542,0.5638432296525292,Not LSOG,1
ME,2019-2023,509642243126144,46.29017,-68.33259,0.276354286363825,Not LSOG,3
ME,2019-2023,509642244126144,46.23428,-68.39933,0.18057822853306668,Not LSOG,0
ME,2019-2023,509642245126144,46.32703,-68.51906,0.1974009304781744,Not LSOG,1
ME,2019-2023,509642246126144,46.14671,-68.47632,0.25665733770473287,Not LSOG,2
ME,2019-2023,509642247126144,46.26172,-68.58875,0.21544099060697866,Not LSOG,1
ME,2019-2023,509642248126144,46.1944,-68.65395,0.18057822853306668,Not LSOG,0
ME,2019-2023,509642249126144,46.10399,-68.52436,0.18057822853306668,Not LSOG,0
ME,2019-2023,509642250126144,46.02847,-68.58569,0.6169859589412369,Not LSOG,2
ME,2019-2023,509642251126144,46.13315,-68.73202,0.1974009304781744,Not LSOG,1
ME,2019-2023,509642252126144,45.969,-68.66199,0.2249364003630322,Not LSOG,1
ME,2019-2023,509642253126144,45.89075,-68.70738,0.2781616398280879,Not LSOG,3
ME,2019-2023,509642254126144,45.98575,-68.83408,0.3008160045392108,Not LSOG,3
ME,2019-2023,509642255126144,46.04882,-68.77131,0.21537891006925972,Not LSOG,2
ME,2019-2023,509642256126144,45.81073,-68.7614,0.738002184027737,Transitioning LS,5
ME,2019-2023,509642257126144,45.90548,-68.88698,0.18057822853306668,Not LSOG,0
ME,2019-2023,509642258126144,45.7505,-68.8225,0.21537891006925972,Not LSOG,2
ME,2019-2023,509642259126144,45.85004,-68.93975,0.7603890633690075,Transitioning LS,5
ME,2019-2023,509642260126144,45.77428,-69.01119,0.25665733770473287,Not LSOG,2
ME,2019-2023,509642261126144,45.7565,-68.95179,0.4565113098243979,LS,6
ME,2019-2023,509642262126144,45.60854,-68.93729,0.5638432296525292,Not LSOG,1
ME,2019-2023,509642263126144,45.70015,-69.05067,0.642582583708017,Not LSOG,3
ME,2019-2023,509642264126144,45.54182,-69.01189,0.5638432296525292,Not LSOG,1
ME,2019-2023,509642265126144,45.62444,-69.15111,0.23458173694842877,Not LSOG,2
ME,2019-2023,509642266126144,45.58707,-69.20221,0.18057822853306668,Not LSOG,0
ME,2019-2023,509642267126144,45.47299,-69.07309,0.21537891006925972,Not LSOG,2
ME,2019-2023,509642268126144,45.28316,-69.25412,0.6674723002111448,Not LSOG,3
ME,2019-2023,509642269126144,45.50276,-69.22726,0.5638432296525292,Not LSOG,1
ME,2019-2023,509642270126144,45.34045,-69.17598,0.361673582814346,Transitioning LS,4
ME,2019-2023,509642271126144,45.51996,-69.30073,0.616899151780938,Not LSOG,3
ME,2019-2023,509642272126144,45.41257,-69.27837,0.1974009304781744,Not LSOG,1
ME,2019-2023,509642273126144,45.37153,-69.35662,0.1974009304781744,Not LSOG,1
ME,2019-2023,509642274126144,45.25597,-69.2544,0.1974009304781744,Not LSOG,1
ME,2019-2023,509642275126144,45.17945,-69.29082,0.21544099060697866,Not LSOG,1
ME,2019-2023,509642276126144,45.27763,-69.41725,0.3729511876102692,LS,6
ME,2019-2023,509642277126144,45.11954,-69.3846,0.18787094235258386,Not LSOG,2
ME,2019-2023,509642278126144,45.23498,-69.49242,0.18057822853306668,Not LSOG,0
ME,2019-2023,509642279126144,45.14241,-69.49943,0.18057822853306668,Not LSOG,0
ME,2019-2023,509642280126144,45.05531,-69.41798,0.590634963918016,Not LSOG,2
ME,2019-2023,509642282126144,45.07827,-69.62557,0.642582583708017,Not LSOG,3
ME,2019-2023,509642283126144,44.90344,-69.51262,0.2781616398280879,Not LSOG,3
ME,2019-2023,509642284126144,45.00711,-69.64585,0.5638432296525292,Not LSOG,1
ME,2019-2023,509642286126144,45.02929,-69.42343,0.5638432296525292,Not LSOG,1
ME,2019-2023,509642287126144,44.77651,-69.67994,0.18057822853306668,Not LSOG,0
ME,2019-2023,509642288126144,44.86515,-69.77111,0.6673907669706552,Transitioning LS,4
ME,2019-2023,509642289126144,44.70345,-69.69609,0.6673907669706552,Transitioning LS,4
ME,2019-2023,509642290126144,44.81241,-69.83823,0.23458173694842877,Not LSOG,2
ME,2019-2023,509642294126144,44.65454,-69.94899,0.590634963918016,Not LSOG,2
ME,2019-2023,509642295126144,44.44814,-69.97718,0.5638432296525292,Not LSOG,1
ME,2019-2023,509642296126144,44.58862,-70.00058,0.21544099060697866,Not LSOG,1
ME,2019-2023,509642299126144,44.35539,-69.99907,0.37435030153963456,Transitioning LS,5
ME,2019-2023,509642300126144,44.43576,-70.1141,0.6447355333707196,Not LSOG,2
ME,2019-2023,509642301126144,44.28997,-70.01021,0.276354286363825,Not LSOG,3
ME,2019-2023,509642302126144,44.39405,-70.18732,0.5638432296525292,Not LSOG,1
ME,2019-2023,509642303126144,44.29082,-70.22152,0.2548705952953345,Not LSOG,3
ME,2019-2023,509642304126144,44.21095,-70.11499,0.590634963918016,Not LSOG,2
ME,2019-2023,509642306126144,44.22578,-70.28043,0.590634963918016,Not LSOG,2
ME,2019-2023,509642307126144,44.04445,-70.15552,0.21537891006925972,Not LSOG,2
ME,2019-2023,509642308126144,44.18396,-70.276840000000007,0.18057822853306668,Not LSOG,0
ME,2019-2023,509642309126144,44.16024,-70.34481,0.18057822853306668,Not LSOG,0
ME,2019-2023,509642310126144,44.09586,-70.42465,0.5638432296525292,Not LSOG,1
ME,2019-2023,509642311126144,43.84462,-70.32301,0.35950933918115746,Transitioning LS,5
ME,2019-2023,509642312126144,43.86452,-70.35046,0.18057822853306668,Not LSOG,0
ME,2019-2023,509642313126144,44.03289,-70.44644,0.5638432296525292,Not LSOG,1
ME,2019-2023,509642314126144,43.93677,-70.30433,0.25665733770473287,Not LSOG,2
ME,2019-2023,509642317126144,43.79887,-70.44832,0.18057822853306668,Not LSOG,0
ME,2019-2023,509642318126144,43.72919,-70.52751,0.1974009304781744,Not LSOG,1
ME,2019-2023,509642319126144,43.80892,-70.61034,0.18057822853306668,Not LSOG,0
ME,2019-2023,509642320126144,43.64735,-70.55777,0.21544099060697866,Not LSOG,1
ME,2019-2023,509642321126144,43.65028,-70.72471,0.25665733770473287,Not LSOG,2
ME,2019-2023,509642322126144,43.72927,-70.70019,0.21544099060697866,Not LSOG,1
ME,2019-2023,509642323126144,43.59024,-70.58731,0.7162212459177082,Transitioning LS,4
ME,2019-2023,509642324126144,43.50531,-70.66323,0.5638432296525292,Not LSOG,1
ME,2019-2023,509642325126144,43.71061,-70.81737,0.5638432296525292,Not LSOG,1
ME,2019-2023,509642326126144,43.43493,-70.7151,0.23458173694842877,Not LSOG,2
ME,2019-2023,509642327126144,43.54579,-70.84187,0.18057822853306668,Not LSOG,0
ME,2019-2023,509642328126144,43.52978,-70.91152,0.18057822853306668,Not LSOG,0
ME,2019-2023,509642329126144,43.3649,-70.75878,0.6447355333707196,Not LSOG,2
ME,2019-2023,509642330126144,43.28716,-70.81988,0.5638432296525292,Not LSOG,1
ME,2019-2023,509642331126144,43.37922,-70.93282,0.5638432296525292,Not LSOG,1
ME,2019-2023,509642332126144,47.12343,-68.01779,0.18057822853306668,Not LSOG,0
ME,2019-2023,509642333126144,47.04074,-68.08214,0.18057822853306668,Not LSOG,0
ME,2019-2023,509642334126144,47.07187,-68.25152,0.1974009304781744,Not LSOG,1
ME,2019-2023,509642335126144,46.9889,-68.13383,0.35105714576962044,Transitioning LS,4
ME,2019-2023,509642336126144,46.91348,-68.21075,0.3008160045392108,Not LSOG,3
ME,2019-2023,509642337126144,46.8508,-68.2732,0.37435030153963456,Transitioning LS,5
ME,2019-2023,509642338126144,46.87133,-68.44309,0.5638432296525292,Not LSOG,1
ME,2019-2023,509642339126144,46.70056,-68.39982,0.7981567864823539,LS,6
ME,2019-2023,509642340126144,46.63089,-68.4574,0.6673907669706552,Transitioning LS,4
ME,2019-2023,509642341126144,46.65395,-68.64062,0.5638432296525292,Not LSOG,1
ME,2019-2023,509642342126144,46.57114,-68.52345,0.3008160045392108,Not LSOG,3
ME,2019-2023,509642343126144,46.49154,-68.57405,0.35114083218079845,Not LSOG,3
ME,2019-2023,509642344126144,46.432,-68.63638,0.35105714576962044,Transitioning LS,4
ME,2019-2023,509642345126144,46.38415,-68.93598,0.18057822853306668,Not LSOG,0
ME,2019-2023,509642347126144,46.33356,-68.83147,0.1974009304781744,Not LSOG,1
ME,2019-2023,509642348126144,46.24273,-69.00174,0.23627134681094064,Not LSOG,1
ME,2019-2023,509642349126144,46.14397,-68.89571,0.4160309852688301,Transitioning LS,5
ME,2019-2023,509642350126144,46.07537,-68.95256,0.23458173694842877,Not LSOG,2
ME,2019-2023,509642351126144,46.01533,-69.00075,0.21537891006925972,Not LSOG,2
ME,2019-2023,509642352126144,46.03798,-69.19352,0.21537891006925972,Not LSOG,2
ME,2019-2023,509642353126144,45.87333,-69.11964,0.3008160045392108,Not LSOG,3
ME,2019-2023,509642354126144,45.80121,-69.18783,0.37435030153963456,Transitioning LS,5
ME,2019-2023,509642355126144,45.834844,-69.367412,0.1974009304781744,Not LSOG,1
ME,2019-2023,509642356126144,45.72653,-69.24309,0.18057822853306668,Not LSOG,0
ME,2019-2023,509642357126144,45.6559,-69.31083,0.3008160045392108,Not LSOG,3
ME,2019-2023,509642358126144,45.53569,-69.38613,0.6674723002111448,Not LSOG,3
ME,2019-2023,509642359126144,45.608795,-69.538179,0.5638432296525292,Not LSOG,1
ME,2019-2023,509642360126144,45.39674,-69.49171,0.7143095470364913,Transitioning LS,5
ME,2019-2023,509642361126144,45.37795,-69.5415,0.590634963918016,Not LSOG,2
ME,2019-2023,509642362126144,45.4145,-69.71715,0.616899151780938,Not LSOG,3
ME,2019-2023,509642363126144,45.32253,-69.58801,0.3244055053540762,Transitioning LS,4
ME,2019-2023,509642364126144,45.24978,-69.60052,0.6447355333707196,Not LSOG,2
ME,2019-2023,509642365126144,45.16008,-69.7295,0.1974009304781744,Not LSOG,1
ME,2019-2023,509642366126144,45.19177,-69.88966,0.1974009304781744,Not LSOG,1
ME,2019-2023,509642369126144,44.99126,-70.08135,0.18057822853306668,Not LSOG,0
ME,2019-2023,509642371126144,44.82142,-70.00662,0.1974009304781744,Not LSOG,1
ME,2019-2023,509642373126144,44.76643,-70.19418,0.5638432296525292,Not LSOG,1
ME,2019-2023,509642374126144,44.60316,-70.17245,0.5638432296525292,Not LSOG,1
ME,2019-2023,509642375126144,44.55177,-70.23636,0.21537891006925972,Not LSOG,2
ME,2019-2023,509642376126144,44.57668,-70.41198,0.5638432296525292,Not LSOG,1
ME,2019-2023,509642377126144,44.45568,-70.27107,0.3244055053540762,Transitioning LS,4
ME,2019-2023,509642378126144,44.39559,-70.36826,0.2548705952953345,Not LSOG,3
ME,2019-2023,509642379126144,44.34538,-70.40581,0.5638432296525292,Not LSOG,1
ME,2019-2023,509642381126144,44.18285,-70.50684,0.5638432296525292,Not LSOG,1
ME,2019-2023,509642382126144,44.09506,-70.57712,0.5638432296525292,Not LSOG,1
ME,2019-2023,509642383126144,44.15608,-70.70581,0.738002184027737,Transitioning LS,5
ME,2019-2023,509642384126144,44.03985,-70.6403,0.2975942906675339,Transitioning LS,5
ME,2019-2023,509642385126144,43.95661,-70.66054,0.1974009304781744,Not LSOG,1
ME,2019-2023,509642386126144,43.90212,-70.74017,0.18057822853306668,Not LSOG,0
ME,2019-2023,509642387126144,43.91643,-70.91001,0.18057822853306668,Not LSOG,0
ME,2019-2023,509642388126144,43.75499,-70.82077,0.7664452890535361,OG,8
ME,2019-2023,509642390126144,43.60995,-70.93634,0.7982159565018431,Transitioning LS,5
ME,2019-2023,509642391126144,47.30131,-68.25556,0.18057822853306668,Not LSOG,0
ME,2019-2023,509642392126144,47.20893,-68.13661,0.2781616398280879,Not LSOG,3
ME,2019-2023,509642393126144,46.93604,-68.158,0.21537891006925972,Not LSOG,2
ME,2019-2023,509642396126144,47.07815,-68.43281,0.1974009304781744,Not LSOG,1
ME,2019-2023,509642397126144,47.00281,-68.32146,0.1974009304781744,Not LSOG,1
ME,2019-2023,509642398126144,46.93648,-68.38852,0.18057822853306668,Not LSOG,0
ME,2019-2023,509642399126144,47.03375,-68.4753,0.3244055053540762,Transitioning LS,4
ME,2019-2023,509642400126144,47.13247,-68.62846,0.3008160045392108,Not LSOG,3
ME,2019-2023,509642401126144,46.98475,-68.56301,0.18057822853306668,Not LSOG,0
ME,2019-2023,509642402126144,46.89571,-68.64395,0.5638432296525292,Not LSOG,1
ME,2019-2023,509642404126144,46.67247,-68.58681,0.1974009304781744,Not LSOG,1
ME,2019-2023,509642405126144,46.81758,-68.70829,0.5638432296525292,Not LSOG,1
ME,2019-2023,509642406126144,46.91839,-68.81493,0.18057822853306668,Not LSOG,0
ME,2019-2023,509642407126144,46.7762,-68.7377,0.23627134681094064,Not LSOG,1
ME,2019-2023,509642408126144,46.78433,-68.83443,0.6169859589412369,Not LSOG,2
ME,2019-2023,509642409126144,46.67914,-68.70853,0.2988454372844079,Transitioning LS,4
ME,2019-2023,509642410126144,46.5179,-68.77071,0.3264661390804402,Not LSOG,3
ME,2019-2023,509642411126144,46.59575,-68.87192,0.616899151780938,Not LSOG,3
ME,2019-2023,509642412126144,46.70687,-69.00405,0.18057822853306668,Not LSOG,0
ME,2019-2023,509642413126144,46.53893,-68.95357,0.5638432296525292,Not LSOG,1
ME,2019-2023,509642414126144,46.46835,-69.00275,0.3244055053540762,Transitioning LS,4
ME,2019-2023,509642415126144,46.3844,-68.88022,0.21537891006925972,Not LSOG,2
ME,2019-2023,509642416126144,46.4982,-68.93607,0.18057822853306668,Not LSOG,0
ME,2019-2023,509642417126144,46.40589,-69.05846,0.18057822853306668,Not LSOG,0
ME,2019-2023,509642418126144,46.44025,-69.24455,0.1974009304781744,Not LSOG,1
ME,2019-2023,509642419126144,46.3331,-69.12721,0.21544099060697866,Not LSOG,1
ME,2019-2023,509642420126144,46.26266,-69.19094,0.1974009304781744,Not LSOG,1
ME,2019-2023,509642421126144,46.16035,-69.0679,0.7490455147075779,LS,6
ME,2019-2023,509642422126144,46.10584,-69.11782,0.18057822853306668,Not LSOG,0
ME,2019-2023,509642423126144,46.16743,-69.43229,0.1974009304781744,Not LSOG,1
ME,2019-2023,509642424126144,46.2895,-69.24199,0.6673907669706552,Transitioning LS,4
ME,2019-2023,509642425126144,46.31191,-69.36544,0.37655136224865404,Transitioning LS,4
ME,2019-2023,509642426126144,46.11802,-69.30708,0.21537891006925972,Not LSOG,2
ME,2019-2023,509642427126144,46.05301,-69.3699,0.2335100345200818,Not LSOG,3
ME,2019-2023,509642428126144,45.95068,-69.24463,0.18057822853306668,Not LSOG,0
ME,2019-2023,509642430126144,45.99335,-69.46348,0.18057822853306668,Not LSOG,0
ME,2019-2023,509642431126144,46.07783,-69.55849,0.1974009304781744,Not LSOG,1
ME,2019-2023,509642432126144,45.92666,-69.46837,0.21537891006925972,Not LSOG,2
ME,2019-2023,509642433126144,45.84281,-69.54525,0.18057822853306668,Not LSOG,0
ME,2019-2023,509642434126144,45.74918,-69.39915,0.1974009304781744,Not LSOG,1
ME,2019-2023,509642435126144,45.70227,-69.4735,0.18057822853306668,Not LSOG,0
ME,2019-2023,509642436126144,45.77118,-69.59881,0.6694711472295376,Not LSOG,3
ME,2019-2023,509642437126144,45.86939,-69.72761,0.25665733770473287,Not LSOG,2
ME,2019-2023,509642438126144,45.70618,-69.67177,0.21544099060697866,Not LSOG,1
ME,2019-2023,509642439126144,45.64326,-69.75657,0.2548705952953345,Not LSOG,3
ME,2019-2023,509642440126144,45.542099,-69.598127,0.5638432296525292,Not LSOG,1
ME,2019-2023,509642441126144,45.49564,-69.66084,0.3244055053540762,Transitioning LS,4
ME,2019-2023,509642442126144,45.56468,-69.77216,0.2781616398280879,Not LSOG,3
ME,2019-2023,509642443126144,45.65625,-69.89377,0.1974009304781744,Not LSOG,1
ME,2019-2023,509642444126144,45.489507,-69.835638,0.23458173694842877,Not LSOG,2
ME,2019-2023,509642445126144,45.41774,-69.89531,0.1974009304781744,Not LSOG,1
ME,2019-2023,509642446126144,45.34155,-69.73649,0.5638432296525292,Not LSOG,1
ME,2019-2023,509642447126144,45.27172,-69.84795,0.18057822853306668,Not LSOG,0
ME,2019-2023,509642448126144,45.35295,-69.94923,0.6447355333707196,Not LSOG,2
ME,2019-2023,509642449126144,45.44847,-70.07944,0.21544099060697866,Not LSOG,1
ME,2019-2023,509642451126144,45.20769,-70.06942,0.21537891006925972,Not LSOG,2
ME,2019-2023,509642452126144,45.12563,-69.9471,0.5638432296525292,Not LSOG,1
ME,2019-2023,509642453126144,45.05375,-70.01802,0.18057822853306668,Not LSOG,0
ME,2019-2023,509642454126144,45.13094,-70.12514,0.642582583708017,Not LSOG,3
ME,2019-2023,509642455126144,45.22663,-70.2544,0.5638432296525292,Not LSOG,1
ME,2019-2023,509642456126144,45.08327,-70.1799,0.23627134681094064,Not LSOG,1
ME,2019-2023,509642457126144,44.94159,-70.34794,0.5638432296525292,Not LSOG,1
ME,2019-2023,509642458126144,44.9116,-70.12261,0.5638432296525292,Not LSOG,1
ME,2019-2023,509642459126144,44.68945,-70.24505,0.590634963918016,Not LSOG,2
ME,2019-2023,509642460126144,44.73544,-70.52928,0.7981567864823539,LS,6
ME,2019-2023,509642461126144,45.02173,-70.29526,0.37435030153963456,Transitioning LS,5
ME,2019-2023,509642462126144,45.11822,-70.45211,0.21537891006925972,Not LSOG,2
ME,2019-2023,509642463126144,44.85752,-70.3763,0.18057822853306668,Not LSOG,0
ME,2019-2023,509642464126144,44.80971,-70.418450000000007,0.590634963918016,Not LSOG,2
ME,2019-2023,509642465126144,44.64276,-70.29702,0.5638432296525292,Not LSOG,1
ME,2019-2023,509642466126144,44.95182,-70.24935,0.5638432296525292,Not LSOG,1
ME,2019-2023,509642467126144,44.72886,-70.4873,0.590634963918016,Not LSOG,2
ME,2019-2023,509642468126144,44.8059,-70.59916,0.2549403602718784,Not LSOG,2
ME,2019-2023,509642469126144,44.64429,-70.5331,0.6447355333707196,Not LSOG,2
ME,2019-2023,509642470126144,44.5782,-70.58568,0.23627134681094064,Not LSOG,1
ME,2019-2023,509642471126144,44.47701,-70.46535,0.23458173694842877,Not LSOG,2
ME,2019-2023,509642472126144,44.41243,-70.52797,0.5638432296525292,Not LSOG,1
ME,2019-2023,509642474126144,44.58306,-70.75826,0.21537891006925972,Not LSOG,2
ME,2019-2023,509642475126144,44.43861,-70.70176,0.1974009304781744,Not LSOG,1
ME,2019-2023,509642476126144,44.36171,-70.74604,0.18057822853306668,Not LSOG,0
ME,2019-2023,509642478126144,44.19921,-70.68856,0.6674723002111448,Not LSOG,3
ME,2019-2023,509642479126144,44.28933,-70.80872,0.25665733770473287,Not LSOG,2
ME,2019-2023,509642480126144,44.38255,-70.92356,0.6694711472295376,Not LSOG,3
ME,2019-2023,509642481126144,44.23523,-70.85192,0.616899151780938,Not LSOG,3
ME,2019-2023,509642482126144,44.14712,-70.91165,0.1974009304781744,Not LSOG,1
ME,2019-2023,509642483126144,44.06689,-70.82662,0.7030571465453815,Transitioning LS,4
ME,2019-2023,509642484126144,43.98435,-70.8458,0.18057822853306668,Not LSOG,0
ME,2019-2023,509642486126144,43.85099,-70.96729,0.7273267374807822,Transitioning LS,4
ME,2019-2023,509642487126144,47.26549,-68.49581,0.32448601524557913,Not LSOG,3
ME,2019-2023,509642488126144,47.21127,-68.568,0.23458173694842877,Not LSOG,2
ME,2019-2023,509642489126144,47.21953,-68.76635,0.18057822853306668,Not LSOG,0
ME,2019-2023,509642490126144,47.15255,-68.8232,0.6933818782980402,Not LSOG,3
ME,2019-2023,509642491126144,47.00999,-68.70677,0.7273267374807822,Transitioning LS,4
ME,2019-2023,509642492126144,46.98747,-68.72669,0.18057822853306668,Not LSOG,0
ME,2019-2023,509642493126144,47.07376,-68.87533,0.5638432296525292,Not LSOG,1
ME,2019-2023,509642494126144,47.00511,-68.94493,0.18057822853306668,Not LSOG,0
ME,2019-2023,509642495126144,47.10065,-69.06653,0.23627134681094064,Not LSOG,1
ME,2019-2023,509642496126144,46.98121,-68.88214,0.4565113098243979,LS,6
ME,2019-2023,509642497126144,46.94179,-68.97392,0.1974009304781744,Not LSOG,1
ME,2019-2023,509642498126144,46.81361,-68.8635,0.18057822853306668,Not LSOG,0
ME,2019-2023,509642499126144,46.77695,-68.95245,0.18057822853306668,Not LSOG,0
ME,2019-2023,509642500126144,46.87566,-69.0637,0.18057822853306668,Not LSOG,0
ME,2019-2023,509642501126144,46.80731,-69.14262,0.18057822853306668,Not LSOG,0
ME,2019-2023,509642502126144,46.98189,-69.24086,0.7772362417620239,LS,7
ME,2019-2023,509642503126144,46.73308,-69.1809,0.1974009304781744,Not LSOG,1
ME,2019-2023,509642504126144,46.64052,-69.06755,0.18057822853306668,Not LSOG,0
ME,2019-2023,509642505126144,46.40829,-69.15936,0.21537891006925972,Not LSOG,2
ME,2019-2023,509642506126144,46.65206,-69.23662,0.3008160045392108,Not LSOG,3
ME,2019-2023,509642507126144,46.62009,-69.25164,0.1974009304781744,Not LSOG,1
ME,2019-2023,509642508126144,46.60689,-69.48944,0.1974009304781744,Not LSOG,1
ME,2019-2023,509642509126144,46.52264,-69.36951,0.1974009304781744,Not LSOG,1
ME,2019-2023,509642510126144,46.56787,-69.23178,0.616899151780938,Not LSOG,3
ME,2019-2023,509642511126144,46.50243,-69.17875,0.5638432296525292,Not LSOG,1
ME,2019-2023,509642512126144,46.35016,-69.30619,0.21537891006925972,Not LSOG,2
ME,2019-2023,509642513126144,46.44496,-69.42312,0.23627134681094064,Not LSOG,1
ME,2019-2023,509642514126144,46.38465,-69.49819,0.21537891006925972,Not LSOG,2
ME,2019-2023,509642515126144,46.46888,-69.60767,0.25665733770473287,Not LSOG,2
ME,2019-2023,509642516126144,46.14499,-69.60428,0.37655136224865404,Transitioning LS,4
ME,2019-2023,509642517126144,46.21406,-69.42924,0.276354286363825,Not LSOG,3
ME,2019-2023,509642519126144,46.24338,-69.59812,0.23627134681094064,Not LSOG,1
ME,2019-2023,509642520126144,46.16438,-69.67264,0.18057822853306668,Not LSOG,0
ME,2019-2023,509642521126144,46.26143,-69.78756,0.5638432296525292,Not LSOG,1
ME,2019-2023,509642522126144,46.3148,-69.54612,0.23458173694842877,Not LSOG,2
ME,2019-2023,509642523126144,46.09442,-69.7283,0.1974009304781744,Not LSOG,1
ME,2019-2023,509642524126144,46.01182,-69.61386,0.21537891006925972,Not LSOG,2
ME,2019-2023,509642525126144,45.92388,-69.64079,0.23627134681094064,Not LSOG,1
ME,2019-2023,509642526126144,46.02128,-69.798330000000007,0.18057822853306668,Not LSOG,0
ME,2019-2023,509642527126144,45.963,-69.85366,0.616899151780938,Not LSOG,3
ME,2019-2023,509642528126144,46.0535,-69.95988,0.23627134681094064,Not LSOG,1
ME,2019-2023,509642529126144,45.8953,-69.88728,0.2781616398280879,Not LSOG,3
ME,2019-2023,509642530126144,45.82641,-69.72528,0.18057822853306668,Not LSOG,0
ME,2019-2023,509642531126144,45.71254,-69.84744,0.5638432296525292,Not LSOG,1
ME,2019-2023,509642532126144,45.82038,-69.99844,0.5638432296525292,Not LSOG,1
ME,2019-2023,509642533126144,45.74391,-70.02394,0.18057822853306668,Not LSOG,0
ME,2019-2023,509642534126144,45.839,-70.1523,0.1974009304781744,Not LSOG,1
ME,2019-2023,509642535126144,45.71618,-69.96426,0.18057822853306668,Not LSOG,0
ME,2019-2023,509642536126144,45.67807,-70.08242,0.18057822853306668,Not LSOG,0
ME,2019-2023,509642537126144,45.58115,-69.96186,0.18057822853306668,Not LSOG,0
ME,2019-2023,509642538126144,45.52005,-70.03688,0.18057822853306668,Not LSOG,0
ME,2019-2023,509642539126144,45.61954,-70.13451,0.1974009304781744,Not LSOG,1
ME,2019-2023,509642540126144,45.55245,-70.20073,0.6447355333707196,Not LSOG,2
ME,2019-2023,509642541126144,45.73978,-70.38813,0.21537891006925972,Not LSOG,2
ME,2019-2023,509642542126144,45.47383,-70.28064,0.1974009304781744,Not LSOG,1
ME,2019-2023,509642543126144,45.37149,-70.13441,0.5638432296525292,Not LSOG,1
ME,2019-2023,509642544126144,45.30436,-70.1845,0.7162212459177082,Transitioning LS,4
ME,2019-2023,509642545126144,45.40718,-70.32434,0.7273267374807822,Transitioning LS,4
ME,2019-2023,509642546126144,45.25196,-70.43739,0.1974009304781744,Not LSOG,1
ME,2019-2023,509642547126144,45.42945,-70.51838,0.34900515581462815,Transitioning LS,4
ME,2019-2023,509642548126144,45.30214,-70.31325,0.590634963918016,Not LSOG,2
ME,2019-2023,509642549126144,45.324,-70.36065,0.18057822853306668,Not LSOG,0
ME,2019-2023,509642550126144,45.16218,-70.29936,0.2660250523939226,Transitioning LS,4
ME,2019-2023,509642551126144,45.08834,-70.37138,0.5638432296525292,Not LSOG,1
ME,2019-2023,509642553126144,45.10416,-70.52619,0.21544099060697866,Not LSOG,1
ME,2019-2023,509642554126144,45.21035,-70.66663,0.18057822853306668,Not LSOG,0
ME,2019-2023,509642555126144,44.85558,-70.66316,0.18057822853306668,Not LSOG,0
ME,2019-2023,509642557126144,44.88171,-70.54855,0.18057822853306668,Not LSOG,0
ME,2019-2023,509642559126144,44.90474,-70.73456,0.2548705952953345,Not LSOG,3
ME,2019-2023,509642561126144,44.873132,-70.647853,0.21544099060697866,Not LSOG,1
ME,2019-2023,509642562126144,44.91214,-70.67039,0.18057822853306668,Not LSOG,0
ME,2019-2023,509642563126144,44.65729,-70.77369,0.2781616398280879,Not LSOG,3
ME,2019-2023,509642564126144,44.66366,-70.70668,0.7782695934252377,LS,6
ME,2019-2023,509642565126144,44.6806,-70.88241,0.7273267374807822,Transitioning LS,4
ME,2019-2023,509642566126144,44.76234,-70.81347,0.5638432296525292,Not LSOG,1
ME,2019-2023,509642567126144,44.7584,-70.94845,0.5638432296525292,Not LSOG,1
ME,2019-2023,509642568126144,44.61627,-70.93195,0.2781616398280879,Not LSOG,3
ME,2019-2023,509642569126144,44.52978,-70.81161,0.5638432296525292,Not LSOG,1
ME,2019-2023,509642570126144,44.73726,-71.0085,0.7782695934252377,LS,6
ME,2019-2023,509642571126144,44.52411,-70.98813,0.37655136224865404,Transitioning LS,4
ME,2019-2023,509642572126144,44.45127,-70.99455,0.590634963918016,Not LSOG,2
ME,2019-2023,509642573126144,44.30993,-70.98529,0.693303778831513,Transitioning LS,4
ME,2019-2023,509642574126144,47.17396,-69.04018,0.590634963918016,Not LSOG,2
ME,2019-2023,509642576126144,47.27486,-69.12861,0.18057822853306668,Not LSOG,0
ME,2019-2023,509642577126144,47.1897,-69.19628,0.7181252005844282,Not LSOG,3
ME,2019-2023,509642578126144,46.94999,-69.18779,0.23627134681094064,Not LSOG,1
ME,2019-2023,509642579126144,47.02332,-69.13902,0.24514037403155062,Not LSOG,3
ME,2019-2023,509642580126144,47.12838,-69.23685,0.18057822853306668,Not LSOG,0
ME,2019-2023,509642581126144,47.03883,-69.23779,0.3008160045392108,Not LSOG,3
ME,2019-2023,509642582126144,47.00762,-69.36499,0.18057822853306668,Not LSOG,0
ME,2019-2023,509642583126144,46.82682,-69.31542,0.2770364461111847,Not LSOG,3
ME,2019-2023,509642584126144,46.74131,-69.3956,0.7278440906433652,Transitioning LS,5
ME,2019-2023,509642585126144,46.85419,-69.49032,0.21537891006925972,Not LSOG,2
ME,2019-2023,509642586126144,46.77383,-69.55889,0.1974009304781744,Not LSOG,1
ME,2019-2023,509642587126144,46.69875,-69.44342,0.21544099060697866,Not LSOG,1
ME,2019-2023,509642588126144,46.5475,-69.54962,0.21537891006925972,Not LSOG,2
ME,2019-2023,509642589126144,46.70417,-69.61117,0.23627134681094064,Not LSOG,1
ME,2019-2023,509642590126144,46.64637,-69.66546,0.18057822853306668,Not LSOG,0
ME,2019-2023,509642591126144,46.5672,-69.7213,0.4565113098243979,LS,6
ME,2019-2023,509642592126144,46.38701,-69.6936,0.25665733770473287,Not LSOG,2
ME,2019-2023,509642593126144,46.32155,-69.75412,0.25665733770473287,Not LSOG,2
ME,2019-2023,509642594126144,46.42263,-69.84904,0.18057822853306668,Not LSOG,0
ME,2019-2023,509642595126144,46.35269,-69.92032,0.21537891006925972,Not LSOG,2
ME,2019-2023,509642596126144,46.20233,-69.84011,0.23627134681094064,Not LSOG,1
ME,2019-2023,509642597126144,46.11696,-69.91095,0.23458173694842877,Not LSOG,2
ME,2019-2023,509642598126144,46.24249,-70.09658,0.6447355333707196,Not LSOG,2
ME,2019-2023,509642599126144,46.15046,-70.08663,0.18057822853306668,Not LSOG,0
ME,2019-2023,509642600126144,45.99779,-69.99222,0.18057822853306668,Not LSOG,0
ME,2019-2023,509642601126144,45.9125,-70.09974,0.1974009304781744,Not LSOG,1
ME,2019-2023,509642602126144,46.0766,-70.03258,0.23627134681094064,Not LSOG,1
ME,2019-2023,509642603126144,46.00728,-70.20356,0.23458173694842877,Not LSOG,2
ME,2019-2023,509642604126144,45.77101,-70.2336,0.6447355333707196,Not LSOG,2
ME,2019-2023,509642605126144,45.71139,-70.25781,0.2548705952953345,Not LSOG,3
ME,2019-2023,509642606126144,45.80178,-70.36866,0.736844624225896,LS,6
ME,2019-2023,509642607126144,45.57392,-70.36778,0.23627134681094064,Not LSOG,1
ME,2019-2023,509642608126144,45.46594,-70.42978,0.276354286363825,Not LSOG,3
ME,2019-2023,509642609126144,45.41208,-70.61329,0.18057822853306668,Not LSOG,0
ME,2019-2023,509642611126144,45.34188,-70.54911,0.7273267374807822,Transitioning LS,4
ME,2019-2023,509642613126144,45.38196,-70.73913,0.5638432296525292,Not LSOG,1
ME,2019-2023,509642614126144,45.2794,-70.76312,0.34900515581462815,Transitioning LS,4
ME,2019-2023,509642615126144,45.15779,-70.71784,0.18057822853306668,Not LSOG,0
ME,2019-2023,509642616126144,45.06038,-70.7814,0.25665733770473287,Not LSOG,2
ME,2019-2023,509642617126144,45.14929,-70.87762,0.37435030153963456,Transitioning LS,5
ME,2019-2023,509642618126144,45.08606,-70.95869,0.18057822853306668,Not LSOG,0
ME,2019-2023,509642619126144,44.94339,-70.87161,0.6447355333707196,Not LSOG,2
ME,2019-2023,509642620126144,44.86613,-70.96858,0.1974009304781744,Not LSOG,1
ME,2019-2023,509642621126144,47.43062,-69.18252,0.18057822853306668,Not LSOG,0
ME,2019-2023,509642622126144,47.39644,-69.23129,0.5638432296525292,Not LSOG,1
ME,2019-2023,509642623126144,47.35895,-69.23292,0.18057822853306668,Not LSOG,0
ME,2019-2023,509642624126144,47.28723,-69.31072,0.3244055053540762,Transitioning LS,4
ME,2019-2023,509642625126144,47.22813,-69.35207,0.18057822853306668,Not LSOG,0
ME,2019-2023,509642626126144,47.17293,-69.42864,0.18057822853306668,Not LSOG,0
ME,2019-2023,509642627126144,47.08529,-69.48739,0.18057822853306668,Not LSOG,0
ME,2019-2023,509642628126144,47.01647,-69.56853,0.1974009304781744,Not LSOG,1
ME,2019-2023,509642629126144,46.98444,-69.61657,0.3008160045392108,Not LSOG,3
ME,2019-2023,509642630126144,46.91904,-69.60625,0.21544099060697866,Not LSOG,1
ME,2019-2023,509642631126144,46.88847,-69.65114,0.18057822853306668,Not LSOG,0
ME,2019-2023,509642632126144,46.79398,-69.7389,0.25665733770473287,Not LSOG,2
ME,2019-2023,509642633126144,46.73312,-69.82278,0.18057822853306668,Not LSOG,0
ME,2019-2023,509642634126144,46.63551,-69.85749,0.21537891006925972,Not LSOG,2
ME,2019-2023,509642635126144,46.58196,-69.91342,0.18057822853306668,Not LSOG,0
ME,2019-2023,509642636126144,46.55786,-69.90897,0.21537891006925972,Not LSOG,2
ME,2019-2023,509642637126144,46.49862,-69.96287,0.21537891006925972,Not LSOG,2
ME,2019-2023,509642638126144,46.44946,-70.03276,0.25665733770473287,Not LSOG,2
ME,2019-2023,509642639126144,46.32744,-70.10409,0.21537891006925972,Not LSOG,2
ME,2019-2023,509642640126144,46.30474,-70.15374,0.18057822853306668,Not LSOG,0
ME,2019-2023,509642641126144,46.24489,-70.20995,0.18057822853306668,Not LSOG,0
ME,2019-2023,509642642126144,45.33212,-70.95529,0.1974009304781744,Not LSOG,1
ME,2019-2023,509642643126144,45.29734,-70.99558,0.18057822853306668,Not LSOG,0
ME,2019-2023,509642644126144,45.25144,-71.02234,0.18057822853306668,Not LSOG,0
ME,2019-2023,509642645126144,44.343124,-70.886137,0.5638432296525292,Not LSOG,1
ME,2019-2023,509642646126144,44.334465,-70.934067,0.3244055053540762,Transitioning LS,4
ME,2019-2023,509642647126144,44.282811,-70.964341,0.25665733770473287,Not LSOG,2
ME,2019-2023,606237253126144,44.75108,-67.09148,0.37435030153963456,Transitioning LS,5
ME,2019-2023,606237254126144,44.99025,-67.06332,0.18057822853306668,Not LSOG,0
ME,2019-2023,606237255126144,44.81457,-67.01218,0.32448601524557913,Not LSOG,3
ME,2019-2023,606237257126144,45.03101,-67.25971,0.1974009304781744,Not LSOG,1
ME,2019-2023,606237258126144,44.84404,-67.17601,0.18057822853306668,Not LSOG,0
ME,2019-2023,606237259126144,44.77695,-67.24746,0.21537891006925972,Not LSOG,2
ME,2019-2023,606237260126144,44.70966,-67.32711,0.23458173694842877,Not LSOG,2
ME,2019-2023,606237261126144,44.81661,-67.42427,0.23627134681094064,Not LSOG,1
ME,2019-2023,606237263126144,44.66992,-67.53598,0.18057822853306668,Not LSOG,0
ME,2019-2023,606237264126144,45.08628,-67.16894,0.25665733770473287,Not LSOG,2
ME,2019-2023,606237266126144,45.20147,-67.47041,0.18057822853306668,Not LSOG,0
ME,2019-2023,606237267126144,45.08764,-67.28885,0.3729511876102692,LS,6
ME,2019-2023,606237268126144,45.03469,-67.43781,0.1974009304781744,Not LSOG,1
ME,2019-2023,606237269126144,44.9378,-67.31825,0.1974009304781744,Not LSOG,1
ME,2019-2023,606237270126144,44.89425,-67.3617,0.18057822853306668,Not LSOG,0
ME,2019-2023,606237271126144,44.95757,-67.45689,0.34900515581462815,Transitioning LS,4
ME,2019-2023,606237272126144,44.90271,-67.53495,0.6694711472295376,Not LSOG,3
ME,2019-2023,606237273126144,44.97595,-67.59516,0.18057822853306668,Not LSOG,0
ME,2019-2023,606237274126144,44.87733,-67.59722,0.18057822853306668,Not LSOG,0
ME,2019-2023,606237275126144,44.74144,-67.50243,0.7143095470364913,Transitioning LS,5
ME,2019-2023,606237276126144,44.59422,-67.60013,0.18057822853306668,Not LSOG,0
ME,2019-2023,606237277126144,44.64004,-67.71678,0.35105714576962044,Transitioning LS,4
ME,2019-2023,606237278126144,44.70192,-67.72064,0.21537891006925972,Not LSOG,2
ME,2019-2023,606237279126144,44.79063,-67.82123,0.1974009304781744,Not LSOG,1
ME,2019-2023,606237281126144,44.63426,-67.78206,0.2988454372844079,Transitioning LS,4
ME,2019-2023,606237284126144,44.48842,-67.89922,0.23627134681094064,Not LSOG,1
ME,2019-2023,606237285126144,44.59003,-68.02241,0.18057822853306668,Not LSOG,0
ME,2019-2023,606237287126144,45.3713,-67.52713,0.18057822853306668,Not LSOG,0
ME,2019-2023,606237289126144,45.1367,-67.53475,0.5638432296525292,Not LSOG,1
ME,2019-2023,606237290126144,45.06146,-67.59299,0.23627134681094064,Not LSOG,1
ME,2019-2023,606237291126144,45.233549,-67.680593,0.21537891006925972,Not LSOG,2
ME,2019-2023,606237293126144,45.11164,-67.76797,0.21537891006925972,Not LSOG,2
ME,2019-2023,606237294126144,44.92661,-67.68635,0.1974009304781744,Not LSOG,1
ME,2019-2023,606237295126144,44.87458,-67.79359,0.23627134681094064,Not LSOG,1
ME,2019-2023,606237296126144,45.1077,-67.92661,0.1974009304781744,Not LSOG,1
ME,2019-2023,606237297126144,44.88765,-67.97553,0.23627134681094064,Not LSOG,1
ME,2019-2023,606237298126144,44.72209,-67.8981,0.18057822853306668,Not LSOG,0
ME,2019-2023,606237299126144,44.6484,-67.94928,0.18057822853306668,Not LSOG,0
ME,2019-2023,606237301126144,44.75522,-68.07263,0.276354286363825,Not LSOG,3
ME,2019-2023,606237302126144,44.67243,-68.13577,0.18057822853306668,Not LSOG,0
ME,2019-2023,606237303126144,44.49739,-68.06573,0.2548705952953345,Not LSOG,3
ME,2019-2023,606237304126144,44.33788,-68.36566,0.7782695934252377,LS,6
ME,2019-2023,606237305126144,44.53344,-68.25439,0.25665733770473287,Not LSOG,2
ME,2019-2023,606237306126144,44.47307,-68.30146,0.276354286363825,Not LSOG,3
ME,2019-2023,606237307126144,44.31384,-68.24276,0.3865922661447117,LS,7
ME,2019-2023,606237308126144,44.23277,-68.31645,0.18057822853306668,Not LSOG,0
ME,2019-2023,606237311126144,44.05251,-68.65305,0.21544099060697866,Not LSOG,1
ME,2019-2023,606237312126144,45.5422,-67.58145,0.6447355333707196,Not LSOG,2
ME,2019-2023,606237313126144,45.62286,-67.70094,0.18057822853306668,Not LSOG,0
ME,2019-2023,606237314126144,45.57463,-67.75595,0.1974009304781744,Not LSOG,1
ME,2019-2023,606237315126144,45.5126,-67.64817,0.6447355333707196,Not LSOG,2
ME,2019-2023,606237316126144,45.46467,-67.65426,0.5638432296525292,Not LSOG,1
ME,2019-2023,606237317126144,45.39769,-67.70963,0.21544099060697866,Not LSOG,1
ME,2019-2023,606237319126144,45.36693,-67.86655,0.1974009304781744,Not LSOG,1
ME,2019-2023,606237320126144,45.4085,-67.8984,0.1974009304781744,Not LSOG,1
ME,2019-2023,606237321126144,45.34848,-67.93686,0.590634963918016,Not LSOG,2
ME,2019-2023,606237322126144,45.25432,-67.82581,0.25665733770473287,Not LSOG,2
ME,2019-2023,606237323126144,45.19106,-67.881,0.590634963918016,Not LSOG,2
ME,2019-2023,606237325126144,44.96406,-67.89265,0.1974009304781744,Not LSOG,1
ME,2019-2023,606237327126144,45.13729,-68.12206,0.6694711472295376,Not LSOG,3
ME,2019-2023,606237328126144,45.09627,-68.00227,0.6673907669706552,Transitioning LS,4
ME,2019-2023,606237329126144,45.0503,-68.00425,0.2548705952953345,Not LSOG,3
ME,2019-2023,606237330126144,44.97263,-68.06596,0.1974009304781744,Not LSOG,1
ME,2019-2023,606237331126144,45.07582,-68.18345,0.1974009304781744,Not LSOG,1
ME,2019-2023,606237332126144,44.85355,-68.18763,0.32448601524557913,Not LSOG,3
ME,2019-2023,606237333126144,44.99897,-68.24815,0.1974009304781744,Not LSOG,1
ME,2019-2023,606237334126144,44.95112,-68.27733,0.25665733770473287,Not LSOG,2
ME,2019-2023,606237335126144,44.91783,-68.12008,0.18057822853306668,Not LSOG,0
ME,2019-2023,606237336126144,44.78709,-68.27666,0.1974009304781744,Not LSOG,1
ME,2019-2023,606237337126144,44.88963,-68.34915,0.21537891006925972,Not LSOG,2
ME,2019-2023,606237338126144,44.70615,-68.29887,0.32448601524557913,Not LSOG,3
ME,2019-2023,606237339126144,44.79647,-68.41937,0.34900515581462815,Transitioning LS,4
ME,2019-2023,606237340126144,44.73033,-68.47001,0.590634963918016,Not LSOG,2
ME,2019-2023,606237341126144,44.67178,-68.36026,0.1974009304781744,Not LSOG,1
ME,2019-2023,606237342126144,44.63132,-68.33485,0.23458173694842877,Not LSOG,2
ME,2019-2023,606237343126144,44.5636,-68.42448,0.7143095470364913,Transitioning LS,5
ME,2019-2023,606237345126144,44.38638,-68.77107,0.2249364003630322,Not LSOG,1
ME,2019-2023,606237347126144,44.5186,-68.64644,0.25665733770473287,Not LSOG,2
ME,2019-2023,606237348126144,44.42647,-68.56209,0.37655136224865404,Transitioning LS,4
ME,2019-2023,606237349126144,44.35167,-68.59968,0.3008160045392108,Not LSOG,3
ME,2019-2023,606237350126144,44.43527,-68.66147,0.21544099060697866,Not LSOG,1
ME,2019-2023,606237353126144,44.22442,-68.69366,0.2548705952953345,Not LSOG,3
ME,2019-2023,606237354126144,44.08043,-68.82491,0.23627134681094064,Not LSOG,1
ME,2019-2023,606237355126144,45.88243,-67.99577,0.18057822853306668,Not LSOG,0
ME,2019-2023,606237356126144,45.65081,-67.88312,0.18057822853306668,Not LSOG,0
ME,2019-2023,606237357126144,45.55615,-67.85714,0.25665733770473287,Not LSOG,2
ME,2019-2023,606237358126144,45.60064,-68.13275,0.35105714576962044,Transitioning LS,4
ME,2019-2023,606237359126144,45.44996,-68.05625,0.590634963918016,Not LSOG,2
ME,2019-2023,606237360126144,45.37311,-68.12139,0.18057822853306668,Not LSOG,0
ME,2019-2023,606237361126144,45.4375,-68.29281,0.18057822853306668,Not LSOG,0
ME,2019-2023,606237362126144,45.24056,-68.23477,0.18057822853306668,Not LSOG,0
ME,2019-2023,606237363126144,45.3375,-68.12356,0.3264661390804402,Not LSOG,3
ME,2019-2023,606237364126144,45.18975,-68.48159,0.21537891006925972,Not LSOG,2
ME,2019-2023,606237365126144,45.01208,-68.42725,0.2548705952953345,Not LSOG,3
ME,2019-2023,606237366126144,44.93999,-68.47616,0.276354286363825,Not LSOG,3
ME,2019-2023,606237367126144,45.03093,-68.65941,0.18057822853306668,Not LSOG,0
ME,2019-2023,606237368126144,44.82447,-68.59932,0.23627134681094064,Not LSOG,1
ME,2019-2023,606237371126144,44.77232,-68.84506,0.18057822853306668,Not LSOG,0
ME,2019-2023,606237372126144,44.60918,-68.78236,0.2660250523939226,Transitioning LS,4
ME,2019-2023,606237373126144,44.54139,-68.80749,0.3230966597567764,Transitioning LS,5
ME,2019-2023,606237376126144,44.35503,-69.16473,0.6447355333707196,Not LSOG,2
ME,2019-2023,606237377126144,44.12189,-69.28764,0.3729511876102692,LS,6
ME,2019-2023,606237378126144,44.17277,-69.17372,0.23627134681094064,Not LSOG,1
ME,2019-2023,606237379126144,44.14014,-69.35554,0.6169859589412369,Not LSOG,2
ME,2019-2023,606237380126144,43.971,-69.30389,0.23627134681094064,Not LSOG,1
ME,2019-2023,606237381126144,44.00512,-69.58592,0.2249364003630322,Not LSOG,1
ME,2019-2023,606237383126144,46.26662,-67.93396,0.3244055053540762,Transitioning LS,4
ME,2019-2023,606237384126144,46.11585,-67.87589,0.21544099060697866,Not LSOG,1
ME,2019-2023,606237385126144,46.04712,-67.91838,0.642582583708017,Not LSOG,3
ME,2019-2023,606237386126144,45.94891,-67.81113,0.21544099060697866,Not LSOG,1
ME,2019-2023,606237387126144,45.89297,-67.87575,0.21544099060697866,Not LSOG,1
ME,2019-2023,606237388126144,45.97559,-67.97933,0.18057822853306668,Not LSOG,0
ME,2019-2023,606237389126144,46.09703,-68.11337,0.18057822853306668,Not LSOG,0
ME,2019-2023,606237390126144,45.9265,-67.99792,0.18057822853306668,Not LSOG,0
ME,2019-2023,606237391126144,45.90468,-68.07095,0.21537891006925972,Not LSOG,2
ME,2019-2023,606237392126144,45.83179,-68.09863,0.616899151780938,Not LSOG,3
ME,2019-2023,606237393126144,45.73827,-67.98425,0.21537891006925972,Not LSOG,2
ME,2019-2023,606237394126144,45.76459,-68.19303,0.7050130462894892,Not LSOG,3
ME,2019-2023,606237395126144,45.6769,-68.04535,0.18057822853306668,Not LSOG,0
ME,2019-2023,606237396126144,45.865,-68.28712,0.37435030153963456,Transitioning LS,5
ME,2019-2023,606237397126144,45.71847,-68.21529,0.3244055053540762,Transitioning LS,4
ME,2019-2023,606237398126144,45.63567,-68.29952,0.18057822853306668,Not LSOG,0
ME,2019-2023,606237399126144,45.54282,-68.17694,0.2781616398280879,Not LSOG,3
ME,2019-2023,606237400126144,45.46874,-68.23752,0.5638432296525292,Not LSOG,1
ME,2019-2023,606237401126144,45.56144,-68.34312,0.3244055053540762,Transitioning LS,4
ME,2019-2023,606237402126144,45.67554,-68.46871,0.23627134681094064,Not LSOG,1
ME,2019-2023,606237403126144,45.51379,-68.35824,0.23458173694842877,Not LSOG,2
ME,2019-2023,606237404126144,45.49741,-68.42309,0.34900515581462815,Transitioning LS,4
ME,2019-2023,606237405126144,45.42558,-68.49297,0.2548705952953345,Not LSOG,3
ME,2019-2023,606237406126144,45.32794,-68.35854,0.3244055053540762,Transitioning LS,4
ME,2019-2023,606237407126144,45.25995,-68.41762,0.25665733770473287,Not LSOG,2
ME,2019-2023,606237408126144,45.34899,-68.53106,0.5638432296525292,Not LSOG,1
ME,2019-2023,606237410126144,45.28132,-68.62187,0.21537891006925972,Not LSOG,2
ME,2019-2023,606237411126144,45.21192,-68.65362,0.1974009304781744,Not LSOG,1
ME,2019-2023,606237412126144,45.1271,-68.53389,0.1974009304781744,Not LSOG,1
ME,2019-2023,606237413126144,45.05211,-68.61022,0.2781616398280879,Not LSOG,3
ME,2019-2023,606237414126144,45.16997,-68.72078,0.18057822853306668,Not LSOG,0
ME,2019-2023,606237415126144,45.23916,-68.80495,0.1974009304781744,Not LSOG,1
ME,2019-2023,606237417126144,45.093,-68.77171,0.21537891006925972,Not LSOG,2
ME,2019-2023,606237418126144,45.01758,-68.81479,0.3230966597567764,Transitioning LS,5
ME,2019-2023,606237419126144,44.93182,-68.71935,0.2782353995884367,Not LSOG,2
ME,2019-2023,606237420126144,44.84774,-68.77911,0.1974009304781744,Not LSOG,1
ME,2019-2023,606237421126144,44.96076,-68.77748,0.23627134681094064,Not LSOG,1
ME,2019-2023,606237422126144,45.03802,-69.01219,0.21544099060697866,Not LSOG,1
ME,2019-2023,606237423126144,44.86872,-68.94883,0.1974009304781744,Not LSOG,1
ME,2019-2023,606237424126144,44.83029,-68.83903,0.1974009304781744,Not LSOG,1
ME,2019-2023,606237425126144,44.70706,-68.87987,0.1974009304781744,Not LSOG,1
ME,2019-2023,606237426126144,44.63043,-68.94583,0.21537891006925972,Not LSOG,2
ME,2019-2023,606237427126144,44.72271,-69.06343,0.3008160045392108,Not LSOG,3
ME,2019-2023,606237429126144,44.68313,-69.0832,0.18057822853306668,Not LSOG,0
ME,2019-2023,606237430126144,44.70491,-69.15141,0.6673907669706552,Transitioning LS,4
ME,2019-2023,606237431126144,44.59864,-69.16441,0.590634963918016,Not LSOG,2
ME,2019-2023,606237432126144,44.50047,-69.07206,0.1974009304781744,Not LSOG,1
ME,2019-2023,606237433126144,44.41631,-69.18842,0.23627134681094064,Not LSOG,1
ME,2019-2023,606237434126144,44.52209,-69.24376,0.2548705952953345,Not LSOG,3
ME,2019-2023,606237435126144,44.61764,-69.38702,0.3008160045392108,Not LSOG,3
ME,2019-2023,606237436126144,44.45166,-69.29301,0.590634963918016,Not LSOG,2
ME,2019-2023,606237437126144,44.3494,-69.4005,0.590634963918016,Not LSOG,2
ME,2019-2023,606237438126144,44.29536,-69.22013,0.1974009304781744,Not LSOG,1
ME,2019-2023,606237440126144,44.31028,-69.41364,0.18057822853306668,Not LSOG,0
ME,2019-2023,606237441126144,44.40633,-69.52773,0.6694711472295376,Not LSOG,3
ME,2019-2023,606237443126144,44.24538,-69.4841,0.5638432296525292,Not LSOG,1
ME,2019-2023,606237444126144,44.18782,-69.528,0.18057822853306668,Not LSOG,0
ME,2019-2023,606237445126144,44.06939,-69.4333,0.5638432296525292,Not LSOG,1
ME,2019-2023,606237446126144,44.00116,-69.48395,0.5638432296525292,Not LSOG,1
ME,2019-2023,606237448126144,44.33366,-69.70729,0.2249364003630322,Not LSOG,1
ME,2019-2023,606237449126144,43.91202,-69.57787,0.6674723002111448,Not LSOG,3
ME,2019-2023,606237454126144,43.84062,-69.74197,0.1974009304781744,Not LSOG,1
ME,2019-2023,606237461126144,46.51995,-67.90513,0.2249364003630322,Not LSOG,1
ME,2019-2023,606237462126144,46.4301,-67.79668,0.5638432296525292,Not LSOG,1
ME,2019-2023,606237463126144,46.42511,-68.03427,0.590634963918016,Not LSOG,2
ME,2019-2023,606237464126144,46.44778,-67.96154,0.18057822853306668,Not LSOG,0
ME,2019-2023,606237465126144,46.37942,-68.04589,0.25665733770473287,Not LSOG,2
ME,2019-2023,606237466126144,46.46491,-68.15795,0.18057822853306668,Not LSOG,0
ME,2019-2023,606237467126144,46.31334,-68.09916,0.18057822853306668,Not LSOG,0
ME,2019-2023,606237468126144,46.3245,-67.92176,0.18057822853306668,Not LSOG,0
ME,2019-2023,606237469126144,46.14214,-68.0557,0.18057822853306668,Not LSOG,0
ME,2019-2023,606237470126144,46.23486,-68.16879,0.6447355333707196,Not LSOG,2
ME,2019-2023,606237471126144,46.16975,-68.23045,0.1974009304781744,Not LSOG,1
ME,2019-2023,606237472126144,46.22046,-68.2208,0.5638432296525292,Not LSOG,1
ME,2019-2023,606237473126144,46.09574,-68.29176,0.3244055053540762,Transitioning LS,4
ME,2019-2023,606237474126144,46.00657,-68.17811,0.18057822853306668,Not LSOG,0
ME,2019-2023,606237475126144,45.950198,-68.232116,0.2548705952953345,Not LSOG,3
ME,2019-2023,606237476126144,46.02603,-68.36098,0.1974009304781744,Not LSOG,1
ME,2019-2023,606237479126144,45.8731,-68.58612,0.18057822853306668,Not LSOG,0
ME,2019-2023,606237480126144,45.7989,-68.34523,0.3008160045392108,Not LSOG,3
ME,2019-2023,606237481126144,45.91528,-68.28411,0.23627134681094064,Not LSOG,1
ME,2019-2023,606237482126144,45.83927,-68.53994,0.23627134681094064,Not LSOG,1
ME,2019-2023,606237483126144,45.75287,-68.58804,0.3008160045392108,Not LSOG,3
ME,2019-2023,606237484126144,45.84448,-68.71334,0.18057822853306668,Not LSOG,0
ME,2019-2023,606237485126144,45.67829,-68.65639,0.1974009304781744,Not LSOG,1
ME,2019-2023,606237486126144,45.58811,-68.53504,0.693303778831513,Transitioning LS,4
ME,2019-2023,606237488126144,45.66812,-68.73888,0.2781616398280879,Not LSOG,3
ME,2019-2023,606237489126144,45.61615,-68.74602,0.18057822853306668,Not LSOG,0
ME,2019-2023,606237490126144,45.53084,-68.75972,0.18057822853306668,Not LSOG,0
ME,2019-2023,606237493126144,45.39849,-68.73404,0.23627134681094064,Not LSOG,1
ME,2019-2023,606237494126144,45.29131,-68.76294,0.2249364003630322,Not LSOG,1
ME,2019-2023,606237495126144,45.37713,-68.95013,0.18057822853306668,Not LSOG,0
ME,2019-2023,606237496126144,45.35372,-68.97725,0.616899151780938,Not LSOG,3
ME,2019-2023,606237497126144,45.43017,-69.06412,0.3244055053540762,Transitioning LS,4
ME,2019-2023,606237498126144,45.2589,-69.03057,0.25665733770473287,Not LSOG,2
ME,2019-2023,606237499126144,45.17567,-68.8849,0.3008160045392108,Not LSOG,3
ME,2019-2023,606237500126144,45.09823,-68.95209,0.18057822853306668,Not LSOG,0
ME,2019-2023,606237501126144,45.19181,-69.06884,0.18057822853306668,Not LSOG,0
ME,2019-2023,606237502126144,45.12663,-69.13098,0.18057822853306668,Not LSOG,0
ME,2019-2023,606237503126144,45.21952,-69.2365,0.18057822853306668,Not LSOG,0
ME,2019-2023,606237504126144,45.05495,-69.19359,0.1974009304781744,Not LSOG,1
ME,2019-2023,606237505126144,44.97533,-69.0752,0.18057822853306668,Not LSOG,0
ME,2019-2023,606237506126144,44.90818,-69.13698,0.18057822853306668,Not LSOG,0
ME,2019-2023,606237507126144,44.98208,-69.24308,0.1974009304781744,Not LSOG,1
ME,2019-2023,606237508126144,44.91249,-69.30802,0.5638432296525292,Not LSOG,1
ME,2019-2023,606237509126144,44.8443,-69.59663,0.3264661390804402,Not LSOG,3
ME,2019-2023,606237510126144,44.84805,-69.36138,0.693303778831513,Transitioning LS,4
ME,2019-2023,606237512126144,44.68512,-69.29506,0.18057822853306668,Not LSOG,0
ME,2019-2023,606237513126144,44.76969,-69.43195,0.2548705952953345,Not LSOG,3
ME,2019-2023,606237514126144,44.70218,-69.4597,0.18057822853306668,Not LSOG,0
ME,2019-2023,606237515126144,45.575648,-69.909774,0.18057822853306668,Not LSOG,0
ME,2019-2023,606237516126144,44.6198,-69.56332,0.6447355333707196,Not LSOG,2
ME,2019-2023,606237517126144,44.54682,-69.42177,0.18057822853306668,Not LSOG,0
ME,2019-2023,606237518126144,44.4833,-69.47485,0.1974009304781744,Not LSOG,1
ME,2019-2023,606237520126144,44.4883,-69.64933,0.18057822853306668,Not LSOG,0
ME,2019-2023,606237523126144,44.32812,-69.58053,0.2237571855968245,Not LSOG,3
ME,2019-2023,606237524126144,44.26197,-69.64961,0.590634963918016,Not LSOG,2
ME,2019-2023,606237525126144,44.39492,-69.76012,0.23627134681094064,Not LSOG,1
ME,2019-2023,606237526126144,44.35842,-69.72985,0.2548705952953345,Not LSOG,3
ME,2019-2023,606237527126144,44.28067,-69.84102,0.6673907669706552,Transitioning LS,4
ME,2019-2023,606237528126144,44.37255,-69.93709,0.616899151780938,Not LSOG,3
ME,2019-2023,606237533126144,44.06725,-69.98594,0.18057822853306668,Not LSOG,0
ME,2019-2023,606237534126144,44.166785,-70.130984,0.615572238404232,Not LSOG,3
ME,2019-2023,606237535126144,44.00838,-70.07511,0.2249364003630322,Not LSOG,1
ME,2019-2023,606237536126144,43.90182,-69.92309,0.18057822853306668,Not LSOG,0
ME,2019-2023,606237537126144,43.81082,-69.92932,0.18057822853306668,Not LSOG,0
ME,2019-2023,606237538126144,43.93006,-70.06589,0.33463157060168264,Transitioning LS,4
ME,2019-2023,606237539126144,43.85847,-70.13638,0.590634963918016,Not LSOG,2
ME,2019-2023,606237540126144,43.94869,-70.27517,0.18057822853306668,Not LSOG,0
ME,2019-2023,606237541126144,43.78676,-70.21991,0.25665733770473287,Not LSOG,2
ME,2019-2023,606237543126144,43.71407,-70.27282,0.5638432296525292,Not LSOG,1
ME,2019-2023,606237546126144,43.57482,-70.35642,0.18057822853306668,Not LSOG,0
ME,2019-2023,606237549126144,43.43512,-70.59906,0.5638432296525292,Not LSOG,1
ME,2019-2023,606237550126144,43.36366,-70.52262,0.5638432296525292,Not LSOG,1
ME,2019-2023,606237552126144,43.20581,-70.64771,0.1974009304781744,Not LSOG,1
ME,2019-2023,606237554126144,43.14884,-70.69929,0.28616415720028543,Transitioning LS,5
ME,2019-2023,606237557126144,47.05047,-67.83827,0.5638432296525292,Not LSOG,1
ME,2019-2023,606237558126144,46.98745,-67.89786,0.37435030153963456,Transitioning LS,5
ME,2019-2023,606237561126144,46.91761,-67.95825,0.18057822853306668,Not LSOG,0
ME,2019-2023,606237562126144,46.71336,-68.09687,0.276354286363825,Not LSOG,3
ME,2019-2023,606237564126144,46.69482,-68.15461,0.1974009304781744,Not LSOG,1
ME,2019-2023,606237565126144,46.60428,-68.03609,0.1974009304781744,Not LSOG,1
ME,2019-2023,606237566126144,46.53808,-68.09265,0.23627134681094064,Not LSOG,1
ME,2019-2023,606237567126144,46.63037,-68.20784,0.6673907669706552,Transitioning LS,4
ME,2019-2023,606237568126144,46.55488,-68.26244,0.276354286363825,Not LSOG,3
ME,2019-2023,606237569126144,46.40141,-68.21316,0.21537891006925972,Not LSOG,2
ME,2019-2023,606237570126144,46.33144,-68.31273,0.18057822853306668,Not LSOG,0
ME,2019-2023,606237571126144,46.41645,-68.40221,0.34900515581462815,Transitioning LS,4
ME,2019-2023,606237572126144,46.34162,-68.34068,0.18057822853306668,Not LSOG,0
ME,2019-2023,606237573126144,46.33797,-68.45009,0.1974009304781744,Not LSOG,1
ME,2019-2023,606237574126144,46.16996,-68.38927,0.7162212459177082,Transitioning LS,4
ME,2019-2023,606237575126144,46.04395,-68.47015,0.23627134681094064,Not LSOG,1
ME,2019-2023,606237576126144,46.19539,-68.53055,0.23627134681094064,Not LSOG,1
ME,2019-2023,606237577126144,46.21599,-68.58457,0.25665733770473287,Not LSOG,2
ME,2019-2023,606237578126144,46.15269,-68.67162,0.1974009304781744,Not LSOG,1
ME,2019-2023,606237579126144,45.98439,-68.58307,0.21537891006925972,Not LSOG,2
ME,2019-2023,606237580126144,45.91522,-68.63739,0.25665733770473287,Not LSOG,2
ME,2019-2023,606237581126144,46.00207,-68.76783,0.5638432296525292,Not LSOG,1
ME,2019-2023,606237582126144,45.94118,-68.71186,0.3264661390804402,Not LSOG,3
ME,2019-2023,606237583126144,45.93652,-68.83087,0.3244055053540762,Transitioning LS,4
ME,2019-2023,606237584126144,45.78118,-68.77081,0.23627134681094064,Not LSOG,1
ME,2019-2023,606237585126144,45.68578,-68.8245,0.34900515581462815,Transitioning LS,4
ME,2019-2023,606237586126144,45.79976,-68.92433,0.3008160045392108,Not LSOG,3
ME,2019-2023,606237588126144,45.57872,-68.9502,0.590634963918016,Not LSOG,2
ME,2019-2023,606237589126144,45.50129,-69.01055,0.590634963918016,Not LSOG,2
ME,2019-2023,606237590126144,45.65511,-69.0644,0.18057822853306668,Not LSOG,0
ME,2019-2023,606237591126144,45.59997,-69.11612,0.590634963918016,Not LSOG,2
ME,2019-2023,606237592126144,45.51768,-69.08082,0.642582583708017,Not LSOG,3
ME,2019-2023,606237593126144,45.55084,-69.14559,0.590634963918016,Not LSOG,2
ME,2019-2023,606237595126144,45.27323,-69.18032,0.1974009304781744,Not LSOG,1
ME,2019-2023,606237596126144,45.39482,-69.3401,0.6694711472295376,Not LSOG,3
ME,2019-2023,606237597126144,45.31035,-69.36275,0.2782353995884367,Not LSOG,2
ME,2019-2023,606237598126144,45.16473,-69.32268,0.2781616398280879,Not LSOG,3
ME,2019-2023,606237599126144,45.08183,-69.39266,0.1974009304781744,Not LSOG,1
ME,2019-2023,606237600126144,45.1688,-69.48444,0.3244055053540762,Transitioning LS,4
ME,2019-2023,606237601126144,45.10172,-69.42132,0.5638432296525292,Not LSOG,1
ME,2019-2023,606237602126144,45.0958,-69.55222,0.18057822853306668,Not LSOG,0
ME,2019-2023,606237603126144,44.93599,-69.46091,0.590634963918016,Not LSOG,2
ME,2019-2023,606237604126144,44.86694,-69.50583,0.18057822853306668,Not LSOG,0
ME,2019-2023,606237605126144,45.04629,-69.58722,0.23458173694842877,Not LSOG,2
ME,2019-2023,606237606126144,44.9542,-69.6616,0.5638432296525292,Not LSOG,1
ME,2019-2023,606237607126144,44.86958,-69.7069,0.2781616398280879,Not LSOG,3
ME,2019-2023,606237608126144,44.72715,-69.64251,0.18057822853306668,Not LSOG,0
ME,2019-2023,606237609126144,44.65794,-69.70405,0.2781616398280879,Not LSOG,3
ME,2019-2023,606237610126144,44.75927,-69.83442,0.5638432296525292,Not LSOG,1
ME,2019-2023,606237612126144,44.68007,-69.87821,0.21544099060697866,Not LSOG,1
ME,2019-2023,606237614126144,44.46686,-69.86864,0.1974009304781744,Not LSOG,1
ME,2019-2023,606237615126144,44.54402,-70.01314,0.5638432296525292,Not LSOG,1
ME,2019-2023,606237617126144,44.28274,-70.05684,0.21537891006925972,Not LSOG,2
ME,2019-2023,606237618126144,44.23313,-70.05025,0.6447355333707196,Not LSOG,2
ME,2019-2023,606237619126144,44.3924,-70.13072,0.18057822853306668,Not LSOG,0
ME,2019-2023,606237622126144,44.24305,-70.20974,0.1974009304781744,Not LSOG,1
ME,2019-2023,606237624126144,44.01651,-70.21773,0.23458173694842877,Not LSOG,2
ME,2019-2023,606237625126144,44.10059,-70.34882,0.18057822853306668,Not LSOG,0
ME,2019-2023,606237626126144,44.03487,-70.4058,0.5638432296525292,Not LSOG,1
ME,2019-2023,606237627126144,43.86411,-70.32554,0.21537891006925972,Not LSOG,2
ME,2019-2023,606237628126144,43.81747,-70.37078,0.23458173694842877,Not LSOG,2
ME,2019-2023,606237629126144,43.90288,-70.50806,0.590634963918016,Not LSOG,2
ME,2019-2023,606237632126144,43.436998,-70.669376,0.21443223599220854,Not LSOG,2
ME,2019-2023,606237633126144,43.60049,-70.55544,0.6299685665522238,Not LSOG,2
ME,2019-2023,606237634126144,43.87629,-70.66532,0.6551824614208499,Not LSOG,3
ME,2019-2023,606237635126144,43.69492,-70.66222,0.2335100345200818,Not LSOG,3
ME,2019-2023,606237636126144,43.63518,-70.64147,0.7030571465453815,Transitioning LS,4
ME,2019-2023,606237637126144,43.4461,-70.67164,0.5638432296525292,Not LSOG,1
ME,2019-2023,606237638126144,43.39737,-70.69134,0.18057822853306668,Not LSOG,0
ME,2019-2023,606237639126144,43.47718,-70.83618,0.5638432296525292,Not LSOG,1
ME,2019-2023,606237640126144,43.40323,-70.60862,0.590634963918016,Not LSOG,2
ME,2019-2023,606237641126144,43.39659,-70.8864,0.21537891006925972,Not LSOG,2
ME,2019-2023,606237642126144,43.24452,-70.82171,0.21544099060697866,Not LSOG,1
ME,2019-2023,606237643126144,47.23805,-68.06199,0.18057822853306668,Not LSOG,0
ME,2019-2023,606237645126144,47.08,-68.02391,0.18057822853306668,Not LSOG,0
ME,2019-2023,606237646126144,47.16048,-68.14136,0.18057822853306668,Not LSOG,0
ME,2019-2023,606237647126144,47.00992,-68.08601,0.3244055053540762,Transitioning LS,4
ME,2019-2023,606237648126144,47.07276,-68.15055,0.18057822853306668,Not LSOG,0
ME,2019-2023,606237649126144,47.03513,-68.26564,0.5638432296525292,Not LSOG,1
ME,2019-2023,606237650126144,47.14986,-68.20537,0.5638432296525292,Not LSOG,1
ME,2019-2023,606237651126144,46.86661,-68.22145,0.18057822853306668,Not LSOG,0
ME,2019-2023,606237652126144,46.96745,-68.34945,0.7603890633690075,Transitioning LS,5
ME,2019-2023,606237653126144,46.79362,-68.27629,0.23458173694842877,Not LSOG,2
ME,2019-2023,606237654126144,46.88912,-68.39238,0.18057822853306668,Not LSOG,0
ME,2019-2023,606237655126144,46.82481,-68.46208,0.18057822853306668,Not LSOG,0
ME,2019-2023,606237656126144,47.28904,-68.20422,0.35105714576962044,Transitioning LS,4
ME,2019-2023,606237657126144,46.68161,-68.38681,0.23458173694842877,Not LSOG,2
ME,2019-2023,606237658126144,46.59012,-68.46228,0.590634963918016,Not LSOG,2
ME,2019-2023,606237659126144,46.75173,-68.51246,0.18057822853306668,Not LSOG,0
ME,2019-2023,606237660126144,46.72693,-68.57857,0.1974009304781744,Not LSOG,1
ME,2019-2023,606237661126144,46.61638,-68.63716,0.5638432296525292,Not LSOG,1
ME,2019-2023,606237662126144,46.51287,-68.5047,0.738002184027737,Transitioning LS,5
ME,2019-2023,606237663126144,46.45124,-68.56609,0.21537891006925972,Not LSOG,2
ME,2019-2023,606237664126144,46.54732,-68.69721,0.18057822853306668,Not LSOG,0
ME,2019-2023,606237665126144,46.38169,-68.65299,0.35105714576962044,Transitioning LS,4
ME,2019-2023,606237666126144,46.49241,-68.69426,0.18057822853306668,Not LSOG,0
ME,2019-2023,606237667126144,46.57574,-68.8951,0.5638432296525292,Not LSOG,1
ME,2019-2023,606237668126144,46.48168,-68.88512,0.6447355333707196,Not LSOG,2
ME,2019-2023,606237669126144,46.31426,-68.70365,0.18057822853306668,Not LSOG,0
ME,2019-2023,606237670126144,46.24277,-68.76845,0.4160309852688301,Transitioning LS,5
ME,2019-2023,606237671126144,46.32952,-68.89253,0.18057822853306668,Not LSOG,0
ME,2019-2023,606237673126144,46.25742,-68.94913,0.25665733770473287,Not LSOG,2
ME,2019-2023,606237674126144,46.19013,-68.98693,0.3027939542100569,Not LSOG,2
ME,2019-2023,606237675126144,46.09809,-68.88909,0.3008160045392108,Not LSOG,3
ME,2019-2023,606237676126144,46.02677,-68.94596,0.23458173694842877,Not LSOG,2
ME,2019-2023,606237677126144,46.10443,-69.23798,0.21537891006925972,Not LSOG,2
ME,2019-2023,606237678126144,45.95143,-69.02337,0.2548705952953345,Not LSOG,3
ME,2019-2023,606237679126144,46.05295,-69.25199,0.2548705952953345,Not LSOG,3
ME,2019-2023,606237680126144,45.98286,-69.21076,0.18057822853306668,Not LSOG,0
ME,2019-2023,606237681126144,45.88621,-69.09635,0.35105714576962044,Transitioning LS,4
ME,2019-2023,606237682126144,45.82255,-69.13431,0.34900515581462815,Transitioning LS,4
ME,2019-2023,606237683126144,45.90443,-69.16933,0.6694711472295376,Not LSOG,3
ME,2019-2023,606237684126144,45.75008,-69.18274,0.6694711472295376,Not LSOG,3
ME,2019-2023,606237686126144,45.77459,-69.38539,0.5638432296525292,Not LSOG,1
ME,2019-2023,606237687126144,45.67711,-69.23451,0.18057822853306668,Not LSOG,0
ME,2019-2023,606237688126144,45.61054,-69.31389,0.34900515581462815,Transitioning LS,4
ME,2019-2023,606237689126144,45.69624,-69.45265,0.18057822853306668,Not LSOG,0
ME,2019-2023,606237690126144,45.43093,-69.43045,0.1974009304781744,Not LSOG,1
ME,2019-2023,606237691126144,45.65185,-69.51433,0.18057822853306668,Not LSOG,0
ME,2019-2023,606237692126144,45.57633,-69.54603,0.2894772653454048,Not LSOG,2
ME,2019-2023,606237693126144,45.47296,-69.4191,0.18057822853306668,Not LSOG,0
ME,2019-2023,606237694126144,45.44591,-69.46682,0.1974009304781744,Not LSOG,1
ME,2019-2023,606237696126144,45.35359,-69.50312,0.806977418026923,Transitioning LS,5
ME,2019-2023,606237697126144,45.44768,-69.65956,0.642582583708017,Not LSOG,3
ME,2019-2023,606237698126144,45.33423,-69.76888,0.18057822853306668,Not LSOG,0
ME,2019-2023,606237699126144,45.23733,-69.62878,0.18057822853306668,Not LSOG,0
ME,2019-2023,606237700126144,45.18746,-69.66117,0.5638432296525292,Not LSOG,1
ME,2019-2023,606237701126144,45.27704,-69.78087,0.5638432296525292,Not LSOG,1
ME,2019-2023,606237702126144,45.1312,-69.7078,0.18057822853306668,Not LSOG,0
ME,2019-2023,606237703126144,45.12038,-69.84447,0.3244055053540762,Transitioning LS,4
ME,2019-2023,606237704126144,45.15956,-69.89181,0.7603890633690075,Transitioning LS,5
ME,2019-2023,606237705126144,45.21803,-69.83324,0.34900515581462815,Transitioning LS,4
ME,2019-2023,606237706126144,45.05179,-69.76824,0.18057822853306668,Not LSOG,0
ME,2019-2023,606237707126144,44.97093,-69.80711,0.1974009304781744,Not LSOG,1
ME,2019-2023,606237708126144,45.08643,-69.98097,0.18057822853306668,Not LSOG,0
ME,2019-2023,606237709126144,44.92586,-69.87757,0.590634963918016,Not LSOG,2
ME,2019-2023,606237710126144,44.99898,-70.00388,0.18057822853306668,Not LSOG,0
ME,2019-2023,606237711126144,44.93762,-70.05752,0.18057822853306668,Not LSOG,0
ME,2019-2023,606237712126144,44.83627,-69.92924,0.5638432296525292,Not LSOG,1
ME,2019-2023,606237713126144,44.78406,-69.99187,0.2549403602718784,Not LSOG,2
ME,2019-2023,606237714126144,44.85954,-70.11602,0.23627134681094064,Not LSOG,1
ME,2019-2023,606237716126144,44.80804,-70.16711,0.21537891006925972,Not LSOG,2
ME,2019-2023,606237719126144,44.56755,-70.17514,0.18057822853306668,Not LSOG,0
ME,2019-2023,606237720126144,44.69929,-70.30754,0.642582583708017,Not LSOG,3
ME,2019-2023,606237721126144,44.504,-70.18336,0.18057822853306668,Not LSOG,0
ME,2019-2023,606237722126144,44.58817,-70.36367,0.18057822853306668,Not LSOG,0
ME,2019-2023,606237723126144,44.50959,-70.40632,0.18057822853306668,Not LSOG,0
ME,2019-2023,606237725126144,44.34508,-70.33731,0.2548705952953345,Not LSOG,3
ME,2019-2023,606237726126144,44.43824,-70.44051,0.6913826175977362,Transitioning LS,4
ME,2019-2023,606237727126144,44.27208,-70.40336,0.6694711472295376,Not LSOG,3
ME,2019-2023,606237728126144,44.35921,-70.50482,0.5638432296525292,Not LSOG,1
ME,2019-2023,606237730126144,44.22614,-70.47738,0.616899151780938,Not LSOG,3
ME,2019-2023,606237731126144,44.13265,-70.50243,0.6299685665522238,Not LSOG,2
ME,2019-2023,606237732126144,44.21009,-70.60946,0.25665733770473287,Not LSOG,2
ME,2019-2023,606237733126144,44.06808,-70.57963,0.6673907669706552,Transitioning LS,4
ME,2019-2023,606237734126144,44.12603,-70.7623,0.18057822853306668,Not LSOG,0
ME,2019-2023,606237737126144,43.92767,-70.69615,0.590634963918016,Not LSOG,2
ME,2019-2023,606237738126144,44.00868,-70.79448,0.2335100345200818,Not LSOG,3
ME,2019-2023,606237739126144,43.85854,-70.72608,0.18057822853306668,Not LSOG,0
ME,2019-2023,606237740126144,43.95981,-70.7962,0.18057822853306668,Not LSOG,0
ME,2019-2023,606237741126144,44.08064,-70.96429,0.18057822853306668,Not LSOG,0
ME,2019-2023,606237743126144,43.73432,-70.78043,0.590634963918016,Not LSOG,2
ME,2019-2023,606237744126144,43.60084,-70.78157,0.1974009304781744,Not LSOG,1
ME,2019-2023,606237745126144,43.81046,-70.95045,0.18057822853306668,Not LSOG,0
ME,2019-2023,606237746126144,43.64121,-70.89002,0.18057822853306668,Not LSOG,0
ME,2019-2023,606237747126144,43.54356,-70.9434,0.5638432296525292,Not LSOG,1
ME,2019-2023,606237748126144,47.31568,-68.20309,0.18057822853306668,Not LSOG,0
ME,2019-2023,606237749126144,47.28213,-68.26912,0.18057822853306668,Not LSOG,0
ME,2019-2023,606237750126144,47.19139,-68.3219,0.18057822853306668,Not LSOG,0
ME,2019-2023,606237751126144,47.13514,-68.3715,0.590634963918016,Not LSOG,2
ME,2019-2023,606237752126144,47.05744,-68.44787,0.18057822853306668,Not LSOG,0
ME,2019-2023,606237753126144,47.07449,-68.63632,0.18057822853306668,Not LSOG,0
ME,2019-2023,606237754126144,46.9178,-68.5737,0.2548705952953345,Not LSOG,3
ME,2019-2023,606237755126144,46.91936,-68.70313,0.276354286363825,Not LSOG,3
ME,2019-2023,606237756126144,46.87088,-68.81856,0.1974009304781744,Not LSOG,1
ME,2019-2023,606237757126144,46.78041,-68.71333,0.3008160045392108,Not LSOG,3
ME,2019-2023,606237758126144,46.70314,-68.75984,0.590634963918016,Not LSOG,2
ME,2019-2023,606237759126144,46.67243,-68.78471,0.590634963918016,Not LSOG,2
ME,2019-2023,606237760126144,46.65066,-69.01534,0.25665733770473287,Not LSOG,2
ME,2019-2023,606237761126144,46.31311,-68.93147,0.18057822853306668,Not LSOG,0
ME,2019-2023,606237762126144,46.43114,-69.01306,0.1974009304781744,Not LSOG,1
ME,2019-2023,606237763126144,46.45562,-69.18368,0.2988454372844079,Transitioning LS,4
ME,2019-2023,606237764126144,46.37094,-69.07512,0.25665733770473287,Not LSOG,2
ME,2019-2023,606237765126144,46.29408,-69.14978,0.18057822853306668,Not LSOG,0
ME,2019-2023,606237766126144,46.21393,-69.18118,0.2549403602718784,Not LSOG,2
ME,2019-2023,606237767126144,46.23792,-69.38814,0.34900515581462815,Transitioning LS,4
ME,2019-2023,606237768126144,46.0665,-69.31842,0.1974009304781744,Not LSOG,1
ME,2019-2023,606237769126144,46.00932,-69.3711,0.23627134681094064,Not LSOG,1
ME,2019-2023,606237770126144,46.0265,-69.53093,0.18057822853306668,Not LSOG,0
ME,2019-2023,606237771126144,45.94282,-69.43355,0.18057822853306668,Not LSOG,0
ME,2019-2023,606237772126144,45.86676,-69.45904,0.2781616398280879,Not LSOG,3
ME,2019-2023,606237773126144,45.79138,-69.531,0.1974009304781744,Not LSOG,1
ME,2019-2023,606237774126144,45.79257,-69.78716,0.1974009304781744,Not LSOG,1
ME,2019-2023,606237776126144,45.59922,-69.72204,0.18057822853306668,Not LSOG,0
ME,2019-2023,606237777126144,45.5879,-69.87441,0.18057822853306668,Not LSOG,0
ME,2019-2023,606237778126144,45.52294,-69.77424,0.642582583708017,Not LSOG,3
ME,2019-2023,606237779126144,45.44653,-69.84903,0.2782353995884367,Not LSOG,2
ME,2019-2023,606237780126144,45.36129,-69.88,0.1974009304781744,Not LSOG,1
ME,2019-2023,606237781126144,45.3937,-70.07536,0.18057822853306668,Not LSOG,0
ME,2019-2023,606237782126144,45.22479,-70.01768,0.5638432296525292,Not LSOG,1
ME,2019-2023,606237783126144,45.15451,-70.05561,0.18057822853306668,Not LSOG,0
ME,2019-2023,606237785126144,45.09139,-70.12847,0.18057822853306668,Not LSOG,0
ME,2019-2023,606237786126144,45.01012,-70.18594,0.18057822853306668,Not LSOG,0
ME,2019-2023,606237787126144,44.62555,-70.37295,0.5638432296525292,Not LSOG,1
ME,2019-2023,606237788126144,45.04224,-70.36553,0.2549403602718784,Not LSOG,2
ME,2019-2023,606237789126144,44.81202,-70.35068,0.6023153373510256,Transitioning LS,4
ME,2019-2023,606237790126144,44.72713,-70.43236,0.2988454372844079,Transitioning LS,4
ME,2019-2023,606237791126144,44.775436,-70.584064,0.6913826175977362,Transitioning LS,4
ME,2019-2023,606237792126144,44.66386,-70.45436,0.7162212459177082,Transitioning LS,4
ME,2019-2023,606237793126144,44.60746,-70.50866,0.18057822853306668,Not LSOG,0
ME,2019-2023,606237794126144,44.5356,-70.57272,0.18057822853306668,Not LSOG,0
ME,2019-2023,606237795126144,44.55285,-70.72784,0.5638432296525292,Not LSOG,1
ME,2019-2023,606237796126144,44.38813,-70.69547,0.1974009304781744,Not LSOG,1
ME,2019-2023,606237797126144,44.32569,-70.74654,0.590634963918016,Not LSOG,2
ME,2019-2023,606237798126144,44.32299,-70.91269,0.590634963918016,Not LSOG,2
ME,2019-2023,606237799126144,44.25917,-70.8118,0.5638432296525292,Not LSOG,1
ME,2019-2023,606237800126144,44.16925,-70.86683,0.21537891006925972,Not LSOG,2
ME,2019-2023,606237801126144,44.11266,-70.90496,0.21537891006925972,Not LSOG,2
ME,2019-2023,606237802126144,47.17376,-68.51613,0.18057822853306668,Not LSOG,0
ME,2019-2023,606237804126144,47.2234,-68.68509,0.7782695934252377,LS,6
ME,2019-2023,606237805126144,47.18576,-68.75271,0.18057822853306668,Not LSOG,0
ME,2019-2023,606237806126144,47.09877,-68.81756,0.6299685665522238,Not LSOG,2
ME,2019-2023,606237807126144,47.05223,-68.70067,0.24514037403155062,Not LSOG,3
ME,2019-2023,606237808126144,46.93538,-68.76076,0.6933818782980402,Not LSOG,3
ME,2019-2023,606237809126144,47.01808,-68.89018,0.5638432296525292,Not LSOG,1
ME,2019-2023,606237810126144,47.1223,-69.00171,0.25665733770473287,Not LSOG,2
ME,2019-2023,606237811126144,46.97184,-68.928210000000007,0.6169859589412369,Not LSOG,2
ME,2019-2023,606237812126144,46.89833,-68.99668,0.32448601524557913,Not LSOG,3
ME,2019-2023,606237813126144,46.83778,-68.89738,0.6694711472295376,Not LSOG,3
ME,2019-2023,606237814126144,46.72347,-68.92581,0.18057822853306668,Not LSOG,0
ME,2019-2023,606237815126144,46.822,-69.06665,0.6694711472295376,Not LSOG,3
ME,2019-2023,606237816126144,46.92277,-69.17927,0.18057822853306668,Not LSOG,0
ME,2019-2023,606237817126144,46.71272,-69.25261,0.18057822853306668,Not LSOG,0
ME,2019-2023,606237818126144,46.68326,-69.30082,0.21537891006925972,Not LSOG,2
ME,2019-2023,606237819126144,46.58905,-69.060059999999993,0.2548705952953345,Not LSOG,3
ME,2019-2023,606237821126144,46.58585,-69.31681,0.1974009304781744,Not LSOG,1
ME,2019-2023,606237822126144,46.71074,-69.37414,0.25665733770473287,Not LSOG,2
ME,2019-2023,606237823126144,46.54702,-69.31433,0.21537891006925972,Not LSOG,2
ME,2019-2023,606237824126144,46.47327,-69.37062,0.18057822853306668,Not LSOG,0
ME,2019-2023,606237825126144,46.38093,-69.23875,0.1974009304781744,Not LSOG,1
ME,2019-2023,606237826126144,46.31344,-69.31453,0.21537891006925972,Not LSOG,2
ME,2019-2023,606237827126144,46.37727,-69.4281,0.6933818782980402,Not LSOG,3
ME,2019-2023,606237828126144,46.49763,-69.54873,0.1974009304781744,Not LSOG,1
ME,2019-2023,606237829126144,46.3347,-69.49109,0.3244055053540762,Transitioning LS,4
ME,2019-2023,606237830126144,46.26209,-69.55364,0.18057822853306668,Not LSOG,0
ME,2019-2023,606237831126144,46.19914,-69.26147,0.1974009304781744,Not LSOG,1
ME,2019-2023,606237832126144,46.08889,-69.46885,0.18057822853306668,Not LSOG,0
ME,2019-2023,606237834126144,46.28598,-69.72599,0.18057822853306668,Not LSOG,0
ME,2019-2023,606237835126144,46.11708,-69.68917,0.18057822853306668,Not LSOG,0
ME,2019-2023,606237836126144,46.06582,-69.73787,0.5638432296525292,Not LSOG,1
ME,2019-2023,606237837126144,45.96855,-69.60189,0.1974009304781744,Not LSOG,1
ME,2019-2023,606237838126144,45.96274,-69.6971,0.21537891006925972,Not LSOG,2
ME,2019-2023,606237839126144,45.9832,-69.79527,0.18057822853306668,Not LSOG,0
ME,2019-2023,606237840126144,46.07092,-69.77859,0.21537891006925972,Not LSOG,2
ME,2019-2023,606237841126144,46.07932,-69.92123,0.21544099060697866,Not LSOG,1
ME,2019-2023,606237842126144,45.912350000000004,-69.84845,0.21537891006925972,Not LSOG,2
ME,2019-2023,606237843126144,45.84856,-69.91982,0.18057822853306668,Not LSOG,0
ME,2019-2023,606237845126144,45.6793,-69.84523,0.1974009304781744,Not LSOG,1
ME,2019-2023,606237846126144,45.78054,-69.95835,0.1974009304781744,Not LSOG,1
ME,2019-2023,606237847126144,45.86831,-70.07728,0.1974009304781744,Not LSOG,1
ME,2019-2023,606237848126144,45.71467,-69.99451,0.5638432296525292,Not LSOG,1
ME,2019-2023,606237849126144,45.60863,-70.03105,0.6447355333707196,Not LSOG,2
ME,2019-2023,606237850126144,45.49461,-69.96186,0.18057822853306668,Not LSOG,0
ME,2019-2023,606237851126144,45.4598,-70.03184,0.21537891006925972,Not LSOG,2
ME,2019-2023,606237852126144,45.54872,-70.14176,0.21544099060697866,Not LSOG,1
ME,2019-2023,606237853126144,45.64431,-70.24141,0.21544099060697866,Not LSOG,1
ME,2019-2023,606237854126144,45.49871,-70.20124,0.21544099060697866,Not LSOG,1
ME,2019-2023,606237855126144,45.42378,-70.25797,0.34900515581462815,Transitioning LS,4
ME,2019-2023,606237856126144,45.32899,-70.14198,0.37655136224865404,Transitioning LS,4
ME,2019-2023,606237857126144,45.24093,-70.20392,0.18057822853306668,Not LSOG,0
ME,2019-2023,606237858126144,45.33553,-70.2953,0.21544099060697866,Not LSOG,1
ME,2019-2023,606237859126144,45.44027,-70.42746,0.2782353995884367,Not LSOG,2
ME,2019-2023,606237860126144,45.27443,-70.37922,0.18057822853306668,Not LSOG,0
ME,2019-2023,606237861126144,45.20222,-70.42389,0.21544099060697866,Not LSOG,1
ME,2019-2023,606237862126144,45.11335,-70.30611,0.2781616398280879,Not LSOG,3
ME,2019-2023,606237863126144,44.95544,-70.43096,0.7782695934252377,LS,6
ME,2019-2023,606237864126144,45.1418,-70.48494,0.590634963918016,Not LSOG,2
ME,2019-2023,606237866126144,45.06557,-70.55538,0.18057822853306668,Not LSOG,0
ME,2019-2023,606237867126144,44.99184,-70.61773,0.21544099060697866,Not LSOG,1
ME,2019-2023,606237868126144,44.92279,-70.45558,0.37435030153963456,Transitioning LS,5
ME,2019-2023,606237869126144,44.8424,-70.53065,0.18057822853306668,Not LSOG,0
ME,2019-2023,606237870126144,44.83611,-70.7604,0.21544099060697866,Not LSOG,1
ME,2019-2023,606237871126144,45.0046,-70.7896,0.25665733770473287,Not LSOG,2
ME,2019-2023,606237872126144,44.854730000000004,-70.71088,0.3125751083612596,Not LSOG,3
ME,2019-2023,606237873126144,44.78802,-70.76412,0.2988454372844079,Transitioning LS,4
ME,2019-2023,606237874126144,44.695787,-70.62246,0.18057822853306668,Not LSOG,0
ME,2019-2023,606237875126144,44.60864,-70.68342,0.18057822853306668,Not LSOG,0
ME,2019-2023,606237876126144,44.70832,-70.80507,0.6447355333707196,Not LSOG,2
ME,2019-2023,606237877126144,44.81973,-70.8222,0.21537891006925972,Not LSOG,2
ME,2019-2023,606237878126144,44.80314,-70.92975,0.21544099060697866,Not LSOG,1
ME,2019-2023,606237879126144,44.64416,-70.87964,0.6447355333707196,Not LSOG,2
ME,2019-2023,606237880126144,44.575,-70.93548,0.7587418963588353,Transitioning LS,5
ME,2019-2023,606237881126144,44.4907,-70.83018,0.18057822853306668,Not LSOG,0
ME,2019-2023,606237882126144,44.40032,-70.87026,0.23458173694842877,Not LSOG,2
ME,2019-2023,606237883126144,44.50094,-70.98479,0.276354286363825,Not LSOG,3
ME,2019-2023,606237884126144,44.27202,-70.98409,0.5638432296525292,Not LSOG,1
ME,2019-2023,606237885126144,47.17776,-68.91043,0.616899151780938,Not LSOG,3
ME,2019-2023,606237886126144,47.28464,-69.05391,0.23627134681094064,Not LSOG,1
ME,2019-2023,606237887126144,47.22365,-69.12478,0.21544099060697866,Not LSOG,1
ME,2019-2023,606237888126144,47.31141,-69.24333,0.590634963918016,Not LSOG,2
ME,2019-2023,606237889126144,47.19134,-69.04324,0.25665733770473287,Not LSOG,2
ME,2019-2023,606237890126144,47.15031,-69.1931,0.25665733770473287,Not LSOG,2
ME,2019-2023,606237891126144,47.05911,-69.05222,0.2782353995884367,Not LSOG,2
ME,2019-2023,606237892126144,46.99059,-69.12012,0.5638432296525292,Not LSOG,1
ME,2019-2023,606237893126144,47.09565,-69.24722,0.1974009304781744,Not LSOG,1
ME,2019-2023,606237894126144,47.16177,-69.34293,0.3027939542100569,Not LSOG,2
ME,2019-2023,606237895126144,47.10704,-69.43177,0.1974009304781744,Not LSOG,1
ME,2019-2023,606237896126144,46.9463,-69.3732,0.21544099060697866,Not LSOG,1
ME,2019-2023,606237897126144,46.83997,-69.24452,0.3008160045392108,Not LSOG,3
ME,2019-2023,606237898126144,46.79072,-69.32578,0.25665733770473287,Not LSOG,2
ME,2019-2023,606237899126144,46.89032,-69.41343,0.1974009304781744,Not LSOG,1
ME,2019-2023,606237900126144,46.79733,-69.46608,0.6933818782980402,Not LSOG,3
ME,2019-2023,606237901126144,46.88827,-69.61144,0.2781616398280879,Not LSOG,3
ME,2019-2023,606237902126144,46.76486,-69.44525,0.21537891006925972,Not LSOG,2
ME,2019-2023,606237903126144,46.73591,-69.54678,0.21537891006925972,Not LSOG,2
ME,2019-2023,606237904126144,46.71218,-69.48633,0.25665733770473287,Not LSOG,2
ME,2019-2023,606237905126144,46.56949,-69.48178,0.18057822853306668,Not LSOG,0
ME,2019-2023,606237906126144,46.64265,-69.62402,0.18057822853306668,Not LSOG,0
ME,2019-2023,606237907126144,46.57234,-69.65291,0.21537891006925972,Not LSOG,2
ME,2019-2023,606237908126144,46.68631,-69.78942,0.23627134681094064,Not LSOG,1
ME,2019-2023,606237909126144,46.49192,-69.82552,0.18057822853306668,Not LSOG,0
ME,2019-2023,606237911126144,46.34071,-69.66566,0.1974009304781744,Not LSOG,1
ME,2019-2023,606237912126144,46.45799,-69.78733,0.590634963918016,Not LSOG,2
ME,2019-2023,606237913126144,46.38199,-69.85379,0.18057822853306668,Not LSOG,0
ME,2019-2023,606237914126144,46.40673,-69.97767,0.25665733770473287,Not LSOG,2
ME,2019-2023,606237915126144,46.34126,-69.8101,0.18057822853306668,Not LSOG,0
ME,2019-2023,606237916126144,46.21177,-69.78497,0.3264661390804402,Not LSOG,3
ME,2019-2023,606237917126144,46.32405,-69.88291,0.18057822853306668,Not LSOG,0
ME,2019-2023,606237918126144,46.15568,-69.86035,0.1974009304781744,Not LSOG,1
ME,2019-2023,606237919126144,46.23244,-69.96568,0.2548705952953345,Not LSOG,3
ME,2019-2023,606237920126144,46.16494,-70.02283,0.18057822853306668,Not LSOG,0
ME,2019-2023,606237921126144,46.25875,-70.15833,0.18057822853306668,Not LSOG,0
ME,2019-2023,606237922126144,46.09818,-70.08753,0.23627134681094064,Not LSOG,1
ME,2019-2023,606237923126144,45.98229,-70.01601,0.18057822853306668,Not LSOG,0
ME,2019-2023,606237924126144,45.91106,-70.03139,0.18057822853306668,Not LSOG,0
ME,2019-2023,606237925126144,46.03622,-70.15448,0.2782353995884367,Not LSOG,2
ME,2019-2023,606237926126144,45.95632,-70.20548,0.21537891006925972,Not LSOG,2
ME,2019-2023,606237927126144,45.92897,-70.14035,0.5638432296525292,Not LSOG,1
ME,2019-2023,606237929126144,45.79634,-70.14661,0.18057822853306668,Not LSOG,0
ME,2019-2023,606237931126144,45.80856,-70.3259,0.18057822853306668,Not LSOG,0
ME,2019-2023,606237932126144,45.63034,-70.32566,0.37435030153963456,Transitioning LS,5
ME,2019-2023,606237933126144,45.67786,-70.42815,0.18057822853306668,Not LSOG,0
ME,2019-2023,606237934126144,45.58316,-70.31122,0.18057822853306668,Not LSOG,0
ME,2019-2023,606237935126144,45.51217,-70.36464,0.23627134681094064,Not LSOG,1
ME,2019-2023,606237936126144,45.60325,-70.48582,0.18057822853306668,Not LSOG,0
ME,2019-2023,606237938126144,45.48977,-70.50823,0.5638432296525292,Not LSOG,1
ME,2019-2023,606237939126144,45.46179,-70.60826,0.18057822853306668,Not LSOG,0
ME,2019-2023,606237940126144,45.3619,-70.47551,0.18057822853306668,Not LSOG,0
ME,2019-2023,606237941126144,45.30881,-70.53428,0.616899151780938,Not LSOG,3
ME,2019-2023,606237942126144,45.32053,-70.72414,0.34900515581462815,Transitioning LS,4
ME,2019-2023,606237943126144,45.26267,-70.76192,0.6169859589412369,Not LSOG,2
ME,2019-2023,606237944126144,45.1581,-70.66548,0.18057822853306668,Not LSOG,0
ME,2019-2023,606237946126144,45.18419,-70.84089,0.748554541042435,Transitioning LS,5
ME,2019-2023,606237947126144,45.10497,-70.99718,0.7181252005844282,Not LSOG,3
ME,2019-2023,606237948126144,45.1993,-71.01079,0.276354286363825,Not LSOG,3
ME,2019-2023,606237949126144,45.08464,-70.82722,0.5638432296525292,Not LSOG,1
ME,2019-2023,606237950126144,45.03737,-70.94288,0.1974009304781744,Not LSOG,1
ME,2019-2023,606237952126144,44.864634,-70.892107,0.18057822853306668,Not LSOG,0
ME,2019-2023,606238087126144,44.95857,-71.00817,0.642582583708017,Not LSOG,3
ME,2019-2023,606238088126144,44.45911,-70.87847,0.18057822853306668,Not LSOG,0
ME,2019-2023,606238089126144,47.38816,-69.18323,0.5638432296525292,Not LSOG,1
ME,2019-2023,606238090126144,47.24776,-69.29964,0.1974009304781744,Not LSOG,1
ME,2019-2023,606238091126144,47.00931,-69.30159,0.18057822853306668,Not LSOG,0
ME,2019-2023,606238092126144,47.03107,-69.48578,0.18057822853306668,Not LSOG,0
ME,2019-2023,606238093126144,46.95922,-69.54266,0.1974009304781744,Not LSOG,1
ME,2019-2023,606238094126144,46.77202,-69.68414,0.21537891006925972,Not LSOG,2
ME,2019-2023,606238095126144,46.7451,-69.74393,0.18057822853306668,Not LSOG,0
ME,2019-2023,606238096126144,46.78645,-69.89205,0.1974009304781744,Not LSOG,1
ME,2019-2023,606238097126144,46.60638,-69.87677,0.18057822853306668,Not LSOG,0
ME,2019-2023,606238098126144,46.57224,-69.96892,0.21537891006925972,Not LSOG,2
ME,2019-2023,606238099126144,46.41051,-70.0432,0.590634963918016,Not LSOG,2
ME,2019-2023,606238100126144,46.36738,-70.1045,0.1974009304781744,Not LSOG,1
ME,2019-2023,606238101126144,46.20547,-70.19741,0.6557719132948628,Transitioning LS,4
ME,2019-2023,606238102126144,45.26618,-70.95966,0.5638432296525292,Not LSOG,1
ME,2019-2023,606238103126144,45.13169,-71.05672,0.18057822853306668,Not LSOG,0
ME,2019-2023,606238117126144,43.545218,-70.664794,0.18057822853306668,Not LSOG,0
ME,2019-2023,606238118126144,43.465527,-70.695216,0.18057822853306668,Not LSOG,0
ME,2019-2023,606238119126144,44.370983,-70.985586,0.25665733770473287,Not LSOG,2
ME,2019-2023,606238201126144,44.358635,-70.907409,0.738002184027737,Transitioning LS,5
ME,2019-2023,606238202126144,44.284109,-70.934391,0.590634963918016,Not LSOG,2
ME,2019-2023,606238203126144,44.226462,-71.006388,0.5638432296525292,Not LSOG,1
ME,2019-2023,721819617290487,44.89901,-70.99609,0.18057822853306668,Not LSOG,0
ME,2019-2023,721819618290487,44.69262,-71.00278,0.590634963918016,Not LSOG,2
ME,2019-2023,721819619290487,44.88828,-69.6018,0.18057822853306668,Not LSOG,0
ME,2019-2023,721819621290487,44.90182,-70.05053,0.1974009304781744,Not LSOG,1
ME,2019-2023,721819622290487,43.77001,-70.58133,0.21544099060697866,Not LSOG,1
ME,2019-2023,721819623290487,43.88424,-70.10715,0.25665733770473287,Not LSOG,2
ME,2019-2023,721819625290487,45.43864,-70.19878,0.738002184027737,Transitioning LS,5
ME,2019-2023,721819626290487,45.43478,-70.29388,0.18057822853306668,Not LSOG,0
ME,2019-2023,721819627290487,45.40239,-70.40425,0.18057822853306668,Not LSOG,0
ME,2019-2023,721819628290487,45.24122,-70.395269,0.18057822853306668,Not LSOG,0
ME,2019-2023,721819631290487,45.52341,-69.90645,0.3008160045392108,Not LSOG,3
ME,2019-2023,721819632290487,44.43767,-70.58331,0.6694711472295376,Not LSOG,3
ME,2019-2023,721819633290487,44.50591,-70.75322,0.3244055053540762,Transitioning LS,4
ME,2019-2023,721819634290487,44.42113,-70.63443,0.1974009304781744,Not LSOG,1
ME,2019-2023,721819635290487,44.22489,-70.98483,0.6447355333707196,Not LSOG,2
ME,2019-2023,721819636290487,44.20286,-70.79794,0.616899151780938,Not LSOG,3
ME,2019-2023,721819637290487,44.74863,-68.39926,0.18057822853306668,Not LSOG,0
ME,2019-2023,721819638290487,44.68689,-68.47882,0.2782353995884367,Not LSOG,2
ME,2019-2023,721819639290487,44.06897,-69.18369,0.18057822853306668,Not LSOG,0
ME,2019-2023,721819641290487,43.8876,-69.52854,0.7587418963588353,Transitioning LS,5
ME,2019-2023,721819642290487,44.47049,-69.250470000000007,0.7587418963588353,Transitioning LS,5
ME,2019-2023,721819644290487,46.64171,-69.78292,0.1974009304781744,Not LSOG,1
ME,2019-2023,721819645290487,46.67638,-69.9742,0.21537891006925972,Not LSOG,2
ME,2019-2023,721819646290487,47.02192,-69.07818,0.21537891006925972,Not LSOG,2
ME,2019-2023,721819647290487,46.73852,-69.30243,0.18057822853306668,Not LSOG,0
ME,2019-2023,721819648290487,46.52097,-69.49337,0.1974009304781744,Not LSOG,1
ME,2019-2023,721819649290487,46.13914,-70.01639,0.5638432296525292,Not LSOG,1
ME,2019-2023,721819650290487,46.93255,-69.10096,0.23458173694842877,Not LSOG,2
ME,2019-2023,721819651290487,46.2751,-68.15895,0.37435030153963456,Transitioning LS,5
ME,2019-2023,721819652290487,45.68206,-68.39775,0.18057822853306668,Not LSOG,0
ME,2019-2023,721819653290487,44.84858,-69.10212,0.1974009304781744,Not LSOG,1
ME,2019-2023,721819654290487,44.51696,-69.5722,0.25665733770473287,Not LSOG,2
ME,2019-2023,721819657290487,46.50961,-68.30877,0.3244055053540762,Transitioning LS,4
ME,2019-2023,721819658290487,46.24597,-68.52709,0.37435030153963456,Transitioning LS,5
ME,2019-2023,721819659290487,45.94203,-68.58674,0.590634963918016,Not LSOG,2
ME,2019-2023,721819660290487,45.95994,-68.76645,0.2782353995884367,Not LSOG,2
ME,2019-2023,721819661290487,45.1062,-69.19777,0.21537891006925972,Not LSOG,2
ME,2019-2023,721819662290487,45.12435,-69.49011,0.276354286363825,Not LSOG,3
ME,2019-2023,721819665290487,45.9849,-67.92213,0.276354286363825,Not LSOG,3
ME,2019-2023,721819666290487,45.70211,-70.37636,0.18057822853306668,Not LSOG,0
ME,2019-2023,721819668290487,45.93404,-69.21528,0.18057822853306668,Not LSOG,0
ME,2019-2023,721819669290487,45.32502,-69.52836,0.6694711472295376,Not LSOG,3
ME,2019-2023,721819670290487,45.37656,-69.66889,0.23458173694842877,Not LSOG,2
ME,2019-2023,721819671290487,45.10676,-69.9256,0.18057822853306668,Not LSOG,0
ME,2019-2023,721819672290487,44.48976,-70.23028,0.1974009304781744,Not LSOG,1
ME,2019-2023,721819673290487,44.54463,-70.38641,0.18057822853306668,Not LSOG,0
ME,2019-2023,721819675290487,46.87097,-68.56659,0.5638432296525292,Not LSOG,1
ME,2019-2023,721819676290487,46.61825,-69.00774,0.21537891006925972,Not LSOG,2
ME,2019-2023,721819677290487,45.14059,-70.25242,0.7162212459177082,Transitioning LS,4
ME,2019-2023,721819678290487,44.84473,-69.70488,0.23458173694842877,Not LSOG,2
ME,2019-2023,721819680290487,44.26711,-70.15145,0.5487171885293514,Not LSOG,2
ME,2019-2023,721819681290487,43.42874,-70.82437,0.3098410500969205,LS,6
ME,2019-2023,721819682290487,46.76363,-68.44279,0.18057822853306668,Not LSOG,0
ME,2019-2023,721819684290487,45.4202,-67.6433,0.2781616398280879,Not LSOG,3
ME,2019-2023,721819685290487,45.16408,-67.47579,0.1974009304781744,Not LSOG,1
ME,2019-2023,721819688290487,45.30333,-67.9659,0.1974009304781744,Not LSOG,1
ME,2019-2023,721819689290487,44.73563,-68.24532,0.21537891006925972,Not LSOG,2
ME,2019-2023,721819691290487,44.55443,-67.59905,0.2549403602718784,Not LSOG,2
ME,2019-2023,721819692290487,46.2545,-69.70783,0.5638432296525292,Not LSOG,1
ME,2019-2023,721819693290487,46.00776,-69.72445,0.18057822853306668,Not LSOG,0
ME,2019-2023,721819694290487,46.07753,-69.66465,0.18057822853306668,Not LSOG,0
ME,2019-2023,721819695290487,46.01056,-69.90327,0.1974009304781744,Not LSOG,1
ME,2019-2023,721819696290487,45.8653,-69.85159,0.642582583708017,Not LSOG,3
ME,2019-2023,721819697290487,45.79361,-69.90989,0.1974009304781744,Not LSOG,1
ME,2019-2023,721819699290487,44.47166,-69.94202,0.18057822853306668,Not LSOG,0
ME,2019-2023,721819700290487,44.41027,-70.01851,0.25373692901882655,Transitioning LS,4
ME,2019-2023,721819701290487,44.32523,-69.93921,0.5638432296525292,Not LSOG,1
ME,2019-2023,721819702290487,44.37232,-70.12394,0.1974009304781744,Not LSOG,1
ME,2019-2023,721819703290487,44.35106,-70.29816,0.5638432296525292,Not LSOG,1
ME,2019-2023,721819704290487,44.18814,-70.22256,0.590634963918016,Not LSOG,2
ME,2019-2023,721819706290487,44.06477,-70.214,0.7273267374807822,Transitioning LS,4
ME,2019-2023,721819707290487,44.14226,-70.28198,0.23627134681094064,Not LSOG,1
ME,2019-2023,721819708290487,44.06327,-70.32928,0.7143095470364913,Transitioning LS,5
ME,2019-2023,721819709290487,44.1635,-70.45272,0.18057822853306668,Not LSOG,0
ME,2019-2023,721819710290487,44.03853,-70.26729,0.18057822853306668,Not LSOG,0
ME,2019-2023,721819711290487,43.99274,-70.41488,0.5638432296525292,Not LSOG,1
ME,2019-2023,721819712290487,43.89967,-70.26691,0.6913826175977362,Transitioning LS,4
ME,2019-2023,721819714290487,43.33135,-70.71099,0.8130015408303352,OG,8
ME,2019-2023,721819715290487,43.17316,-70.65182,0.3125751083612596,Not LSOG,3
ME,2019-2023,721819716290487,43.10658,-70.70857,0.3729511876102692,LS,6
ME,2019-2023,721819718290487,44.94257,-69.24329,0.5638432296525292,Not LSOG,1
ME,2019-2023,721819719290487,45.02373,-69.25336,0.616899151780938,Not LSOG,3
ME,2019-2023,721819720290487,45.03393,-69.3524,0.590634963918016,Not LSOG,2
ME,2019-2023,721819721290487,44.8076,-69.31492,0.23627134681094064,Not LSOG,1
ME,2019-2023,721819722290487,44.79267,-69.35292,0.18057822853306668,Not LSOG,0
ME,2019-2023,721819723290487,44.71339,-69.21687,0.5638432296525292,Not LSOG,1
ME,2019-2023,721819725290487,44.72134,-69.36513,0.642582583708017,Not LSOG,3
ME,2019-2023,721819726290487,44.81879,-69.54517,0.5638432296525292,Not LSOG,1
ME,2019-2023,721819727290487,44.65998,-69.47637,0.37435030153963456,Transitioning LS,5
ME,2019-2023,721819728290487,44.58753,-69.52732,0.3244055053540762,Transitioning LS,4
ME,2019-2023,721819730290487,44.31073,-69.51776,0.6447355333707196,Not LSOG,2
ME,2019-2023,721819731290487,46.60153,-67.81256,0.18057822853306668,Not LSOG,0
ME,2019-2023,721819732290487,43.98886,-70.27223,0.23627134681094064,Not LSOG,1
ME,2019-2023,721819733290487,43.92265,-70.44789,0.590634963918016,Not LSOG,2
ME,2019-2023,721819734290487,43.87089,-70.44135,0.590634963918016,Not LSOG,2
ME,2019-2023,721819736290487,43.78658,-70.56202,0.6801203526971743,Transitioning LS,5
ME,2019-2023,721819737290487,43.70218,-70.4345,0.5638432296525292,Not LSOG,1
ME,2019-2023,721819738290487,43.61581,-70.49803,0.34900515581462815,Transitioning LS,4
ME,2019-2023,721819739290487,43.70891,-70.60473,0.6913826175977362,Transitioning LS,4
ME,2019-2023,721819741290487,43.61287,-70.60871,0.18057822853306668,Not LSOG,0
ME,2019-2023,721819742290487,43.57787,-70.73885,0.693303778831513,Transitioning LS,4
ME,2019-2023,721819743290487,43.45241,-70.61275,0.23458173694842877,Not LSOG,2
ME,2019-2023,721819744290487,43.40458,-70.65636,0.1974009304781744,Not LSOG,1
ME,2019-2023,721819746290487,45.63211,-69.09796,0.5638432296525292,Not LSOG,1
ME,2019-2023,721819747290487,45.52951,-69.16526,0.23627134681094064,Not LSOG,1
ME,2019-2023,721819748290487,45.63534,-69.24754,0.590634963918016,Not LSOG,2
ME,2019-2023,721819749290487,45.46619,-69.18815,0.25665733770473287,Not LSOG,2
ME,2019-2023,721819751290487,45.31121,-69.11988,0.1974009304781744,Not LSOG,1
ME,2019-2023,721819752290487,45.40686,-69.24335,0.23627134681094064,Not LSOG,1
ME,2019-2023,721819753290487,45.33283,-69.30614,0.5638432296525292,Not LSOG,1
ME,2019-2023,721819754290487,45.54095,-69.37129,0.1974009304781744,Not LSOG,1
ME,2019-2023,721819755290487,45.322766,-69.21521,0.6447355333707196,Not LSOG,2
ME,2019-2023,721819756290487,45.26203,-69.36687,0.25665733770473287,Not LSOG,2
ME,2019-2023,721819757290487,45.18801,-69.26473,0.18057822853306668,Not LSOG,0
ME,2019-2023,721819758290487,45.21249,-69.42249,0.6447355333707196,Not LSOG,2
ME,2019-2023,721819759290487,45.22097,-69.58483,0.25665733770473287,Not LSOG,2
ME,2019-2023,721819760290487,46.23137,-67.92595,0.18057822853306668,Not LSOG,0
ME,2019-2023,721819761290487,46.14358,-67.80277,0.616899151780938,Not LSOG,3
ME,2019-2023,721819762290487,46.09406,-67.89141,0.18057822853306668,Not LSOG,0
ME,2019-2023,721819763290487,46.02926,-68.11126,0.6694711472295376,Not LSOG,3
ME,2019-2023,721819764290487,45.86227,-68.05683,0.37655136224865404,Transitioning LS,4
ME,2019-2023,721819765290487,45.7972,-68.1139,0.590634963918016,Not LSOG,2
ME,2019-2023,721819766290487,45.81762,-68.29299,0.1974009304781744,Not LSOG,1
ME,2019-2023,721819767290487,45.7219,-68.16827,0.3008160045392108,Not LSOG,3
ME,2019-2023,721819768290487,44.27969,-69.00958,0.21537891006925972,Not LSOG,2
ME,2019-2023,721819769290487,44.30545,-69.17782,0.7587418963588353,Transitioning LS,5
ME,2019-2023,721819770290487,44.37289,-69.10449,0.7162212459177082,Transitioning LS,4
ME,2019-2023,721819772290487,44.24299,-69.24219,0.1974009304781744,Not LSOG,1
ME,2019-2023,721819773290487,44.20696,-69.23231,0.4160309852688301,Transitioning LS,5
ME,2019-2023,721819774290487,44.17505,-69.30652,0.5638432296525292,Not LSOG,1
ME,2019-2023,721819775290487,44.10956,-69.33483,0.276354286363825,Not LSOG,3
ME,2019-2023,721819779290487,44.97395,-67.84085,0.2781616398280879,Not LSOG,3
ME,2019-2023,721819780290487,44.90817,-67.87588,0.1974009304781744,Not LSOG,1
ME,2019-2023,721819781290487,46.71151,-67.89401,0.18057822853306668,Not LSOG,0
ME,2019-2023,721819782290487,46.55316,-67.85543,0.18057822853306668,Not LSOG,0
ME,2019-2023,721819783290487,46.46626,-67.90871,0.1974009304781744,Not LSOG,1
ME,2019-2023,721819784290487,46.37707,-67.79849,0.18057822853306668,Not LSOG,0
ME,2019-2023,721819785290487,46.30272,-67.86764,0.18057822853306668,Not LSOG,0
ME,2019-2023,721819786290487,46.39825,-67.97758,0.18057822853306668,Not LSOG,0
ME,2019-2023,721819787290487,46.48781,-68.10027,0.23627134681094064,Not LSOG,1
ME,2019-2023,721819788290487,46.3273,-68.04897,0.18057822853306668,Not LSOG,0
ME,2019-2023,721819789290487,46.24489,-68.10447,0.21544099060697866,Not LSOG,1
ME,2019-2023,721819790290487,46.17445,-68.014,0.18057822853306668,Not LSOG,0
ME,2019-2023,721819791290487,46.21453,-68.10889,0.18057822853306668,Not LSOG,0
ME,2019-2023,721819792290487,46.19692,-68.17979,0.2548705952953345,Not LSOG,3
ME,2019-2023,721819793290487,46.34889,-68.21983,0.1974009304781744,Not LSOG,1
ME,2019-2023,721819794290487,46.11759,-68.20632,0.2781616398280879,Not LSOG,3
ME,2019-2023,721819795290487,45.93307,-67.80911,0.5638432296525292,Not LSOG,1
ME,2019-2023,721819796290487,45.8437,-67.85374,0.32448601524557913,Not LSOG,3
ME,2019-2023,721819797290487,45.72448,-67.93451,0.738002184027737,Transitioning LS,5
ME,2019-2023,721819798290487,45.67605,-67.83971,0.693303778831513,Transitioning LS,4
ME,2019-2023,721819799290487,45.61058,-67.87988,0.25665733770473287,Not LSOG,2
ME,2019-2023,721819800290487,45.71514,-68.01725,0.6673907669706552,Transitioning LS,4
ME,2019-2023,721819801290487,45.58954,-67.9935,0.18057822853306668,Not LSOG,0
ME,2019-2023,721819802290487,45.62759,-68.07324,0.18057822853306668,Not LSOG,0
ME,2019-2023,721819803290487,45.35999,-68.29198,0.18057822853306668,Not LSOG,0
ME,2019-2023,721819804290487,45.40609,-68.04512,0.590634963918016,Not LSOG,2
ME,2019-2023,721819806290487,45.50868,-68.12791,0.18057822853306668,Not LSOG,0
ME,2019-2023,721819807290487,45.00778,-68.35777,0.23458173694842877,Not LSOG,2
ME,2019-2023,721819808290487,44.58691,-68.25428,0.7798851883650016,Transitioning LS,5
ME,2019-2023,721819809290487,44.53534,-68.42031,0.2894772653454048,Not LSOG,2
ME,2019-2023,721819810290487,44.60652,-68.52457,0.23627134681094064,Not LSOG,1
ME,2019-2023,721819811290487,44.52146,-68.58225,0.3008160045392108,Not LSOG,3
ME,2019-2023,721819812290487,44.47333,-68.52466,0.2052628139119392,Not LSOG,2
ME,2019-2023,721819813290487,44.47146,-68.66479,0.21537891006925972,Not LSOG,2
ME,2019-2023,721819814290487,44.31132,-68.61042,0.23627134681094064,Not LSOG,1
ME,2019-2023,721819817290487,44.53538,-69.17913,0.7587418963588353,Transitioning LS,5
ME,2019-2023,721819818290487,44.5721,-69.35717,0.25665733770473287,Not LSOG,2
ME,2019-2023,721819819290487,44.41405,-69.30076,0.1974009304781744,Not LSOG,1
ME,2019-2023,721819820290487,44.34058,-69.33722,0.6913826175977362,Transitioning LS,4
ME,2019-2023,721819821290487,44.34472,-69.50708,0.21544099060697866,Not LSOG,1
ME,2019-2023,721819823290487,44.12594,-69.5234,0.18057822853306668,Not LSOG,0
ME,2019-2023,721819824290487,43.9083,-69.67561,0.7050130462894892,Not LSOG,3
ME,2019-2023,721819826290487,43.7657,-69.81068,0.1974009304781744,Not LSOG,1
ME,2019-2023,721819827290487,45.65948,-68.24093,0.18057822853306668,Not LSOG,0
ME,2019-2023,721819828290487,45.54319,-68.2987,0.6674723002111448,Not LSOG,3
ME,2019-2023,721819829290487,45.60511,-68.47807,0.23627134681094064,Not LSOG,1
ME,2019-2023,721819830290487,45.4026,-68.42331,0.590634963918016,Not LSOG,2
ME,2019-2023,721819831290487,45.37105,-68.46969,0.25665733770473287,Not LSOG,2
ME,2019-2023,721819832290487,45.52217,-68.59631,0.3244055053540762,Transitioning LS,4
ME,2019-2023,721819833290487,45.30739,-68.52858,0.25665733770473287,Not LSOG,2
ME,2019-2023,721819834290487,45.2445,-68.5942,0.18057822853306668,Not LSOG,0
ME,2019-2023,721819835290487,45.2681,-67.77027,0.23627134681094064,Not LSOG,1
ME,2019-2023,721819836290487,45.31953,-67.76109,0.7162212459177082,Transitioning LS,4
ME,2019-2023,721819837290487,45.56105,-67.54799,0.6694711472295376,Not LSOG,3
ME,2019-2023,721819838290487,45.49106,-67.5895,0.642582583708017,Not LSOG,3
ME,2019-2023,721819839290487,45.58685,-67.66938,0.590634963918016,Not LSOG,2
ME,2019-2023,721819840290487,45.51359,-67.74733,0.18057822853306668,Not LSOG,0
ME,2019-2023,721819841290487,45.35132,-67.69607,0.18057822853306668,Not LSOG,0
ME,2019-2023,721819842290487,47.06968,-69.42737,0.18057822853306668,Not LSOG,0
ME,2019-2023,721819843290487,46.9861,-69.47961,0.18057822853306668,Not LSOG,0
ME,2019-2023,721819844290487,47.07932,-69.6085,0.18057822853306668,Not LSOG,0
ME,2019-2023,721819845290487,47.00741,-69.674,0.18057822853306668,Not LSOG,0
ME,2019-2023,721819846290487,46.94489,-69.73681,0.18057822853306668,Not LSOG,0
ME,2019-2023,721819847290487,46.8485,-69.64057,0.2781616398280879,Not LSOG,3
ME,2019-2023,721819848290487,46.818600000000004,-69.67602,0.21537891006925972,Not LSOG,2
ME,2019-2023,721819849290487,46.88748,-69.79652,0.18057822853306668,Not LSOG,0
ME,2019-2023,721819850290487,46.80111,-69.85543,0.21544099060697866,Not LSOG,1
ME,2019-2023,721819852290487,46.58386,-69.85438,0.23627134681094064,Not LSOG,1
ME,2019-2023,721819853290487,46.47633,-69.96576,0.23627134681094064,Not LSOG,1
ME,2019-2023,721819854290487,46.35542,-70.03437,0.23458173694842877,Not LSOG,2
ME,2019-2023,721819855290487,46.84256,-69.00188,0.5638432296525292,Not LSOG,1
ME,2019-2023,721819856290487,47.05324,-69.32373,0.21544099060697866,Not LSOG,1
ME,2019-2023,721819857290487,44.15329,-69.74767,0.18057822853306668,Not LSOG,0
ME,2019-2023,721819858290487,44.04818,-69.58023,0.7050130462894892,Not LSOG,3
ME,2019-2023,721819859290487,43.97257,-69.63276,0.18057822853306668,Not LSOG,0
ME,2019-2023,721819860290487,45.37317,-67.75631,0.18057822853306668,Not LSOG,0
ME,2019-2023,721819861290487,45.13575,-67.8916,0.1974009304781744,Not LSOG,1
ME,2019-2023,721819862290487,45.06238,-67.9771,0.6674723002111448,Not LSOG,3
ME,2019-2023,721819864290487,45.16209,-68.0693,0.23627134681094064,Not LSOG,1
ME,2019-2023,721819865290487,45.09412,-68.12723,0.2548705952953345,Not LSOG,3
ME,2019-2023,721819866290487,44.94077,-68.06066,0.1974009304781744,Not LSOG,1
ME,2019-2023,721819867290487,44.86279,-68.12886,0.18057822853306668,Not LSOG,0
ME,2019-2023,721819868290487,44.94943,-68.28033,0.590634963918016,Not LSOG,2
ME,2019-2023,721819869290487,44.91997,-68.2397,0.738002184027737,Transitioning LS,5
ME,2019-2023,721819872290487,44.28846,-68.41808,0.23627134681094064,Not LSOG,1
ME,2019-2023,721819877290487,47.19684,-69.30477,0.1974009304781744,Not LSOG,1
ME,2019-2023,721819878290487,47.12236,-69.3603,0.18057822853306668,Not LSOG,0
ME,2019-2023,721819879290487,46.89753,-69.24879,0.18057822853306668,Not LSOG,0
ME,2019-2023,721819880290487,46.96615,-69.30667,0.18057822853306668,Not LSOG,0
ME,2019-2023,721819881290487,46.82768,-69.34194,0.18057822853306668,Not LSOG,0
ME,2019-2023,721819882290487,46.7996,-69.25069,0.5638432296525292,Not LSOG,1
ME,2019-2023,721819883290487,46.82439,-69.43764,0.5638432296525292,Not LSOG,1
ME,2019-2023,721819884290487,46.91219,-69.53314,0.3244055053540762,Transitioning LS,4
ME,2019-2023,721819885290487,46.75827,-69.48578,0.1974009304781744,Not LSOG,1
ME,2019-2023,721819886290487,46.66695,-69.37462,0.21537891006925972,Not LSOG,2
ME,2019-2023,721819887290487,46.56755,-69.41343,0.1974009304781744,Not LSOG,1
ME,2019-2023,721819888290487,46.60372,-69.61589,0.18057822853306668,Not LSOG,0
ME,2019-2023,721819889290487,46.66818,-69.72825,0.2782353995884367,Not LSOG,2
ME,2019-2023,721819890290487,47.14026,-68.74039,0.21537891006925972,Not LSOG,2
ME,2019-2023,721819891290487,47.05932,-68.82457,0.18057822853306668,Not LSOG,0
ME,2019-2023,721819892290487,47.08024,-69.02275,0.1974009304781744,Not LSOG,1
ME,2019-2023,721819893290487,46.92165,-68.94711,0.45502845405120973,LS,7
ME,2019-2023,721819895290487,44.28948,-70.91551,0.590634963918016,Not LSOG,2
ME,2019-2023,721819896290487,44.25212,-70.74229,0.37435030153963456,Transitioning LS,5
ME,2019-2023,721819897290487,44.43388,-70.8132,0.25665733770473287,Not LSOG,2
ME,2019-2023,721819898290487,44.06374,-70.90474,0.18057822853306668,Not LSOG,0
ME,2019-2023,721819900290487,43.98881,-70.97631,0.590634963918016,Not LSOG,2
ME,2019-2023,721819901290487,44.52604,-70.92836,0.590634963918016,Not LSOG,2
ME,2019-2023,721819902290487,44.92425,-70.42177,0.18057822853306668,Not LSOG,0
ME,2019-2023,721819903290487,44.87347,-70.27647,0.1974009304781744,Not LSOG,1
ME,2019-2023,721819904290487,44.83273,-70.3025,0.3098410500969205,LS,6
ME,2019-2023,721819906290487,44.85334,-70.47712,0.1974009304781744,Not LSOG,1
ME,2019-2023,721819908290487,44.78588,-70.52608,0.34900515581462815,Transitioning LS,4
ME,2019-2023,721819909290487,44.72045,-70.59116,0.2549403602718784,Not LSOG,2
ME,2019-2023,721819911290487,44.55796,-70.52229,0.5638432296525292,Not LSOG,1
ME,2019-2023,721819912290487,44.62879,-70.65019,0.21544099060697866,Not LSOG,1
ME,2019-2023,721819913290487,44.58985,-70.67986,0.2782353995884367,Not LSOG,2
ME,2019-2023,721819914290487,44.51263,-70.52344,0.6694711472295376,Not LSOG,3
ME,2019-2023,721819915290487,44.34385,-70.69479,0.2781616398280879,Not LSOG,3
ME,2019-2023,721819916290487,44.13285,-70.86344,0.18057822853306668,Not LSOG,0
ME,2019-2023,721819917290487,46.45684,-68.94827,0.3244055053540762,Transitioning LS,4
ME,2019-2023,721819918290487,46.54713,-69.06057,0.18057822853306668,Not LSOG,0
ME,2019-2023,721819919290487,46.463304,-69.130526,0.5638432296525292,Not LSOG,1
ME,2019-2023,721819920290487,46.31318,-69.06065,0.21537891006925972,Not LSOG,2
ME,2019-2023,721819921290487,46.23376,-69.12078,0.18057822853306668,Not LSOG,0
ME,2019-2023,721819922290487,46.32962,-69.26521,0.1974009304781744,Not LSOG,1
ME,2019-2023,721819923290487,46.17401,-69.19629,0.21537891006925972,Not LSOG,2
ME,2019-2023,721819925290487,46.20923,-69.3931,0.32448601524557913,Not LSOG,3
ME,2019-2023,721819926290487,46.15654,-69.25493,0.21537891006925972,Not LSOG,2
ME,2019-2023,721819927290487,46.12872,-69.09635,0.21544099060697866,Not LSOG,1
ME,2019-2023,721819928290487,46.0349,-69.30639,0.2548705952953345,Not LSOG,3
ME,2019-2023,721819929290487,46.12867,-69.42748,0.21537891006925972,Not LSOG,2
ME,2019-2023,721819931290487,45.27178,-70.71538,0.7162212459177082,Transitioning LS,4
ME,2019-2023,721819932290487,45.19737,-70.7693,0.18057822853306668,Not LSOG,0
ME,2019-2023,721819933290487,45.10882,-70.65291,0.18057822853306668,Not LSOG,0
ME,2019-2023,721819934290487,45.0446,-70.73691,0.21544099060697866,Not LSOG,1
ME,2019-2023,721819935290487,45.12736,-70.84171,0.5638432296525292,Not LSOG,1
ME,2019-2023,721819936290487,45.15738,-71.02041,0.1974009304781744,Not LSOG,1
ME,2019-2023,721819937290487,44.99668,-70.95385,0.18057822853306668,Not LSOG,0
ME,2019-2023,721819939290487,44.83355,-70.88553,0.3008160045392108,Not LSOG,3
ME,2019-2023,721819940290487,44.86985,-71.00227,0.5638432296525292,Not LSOG,1
ME,2019-2023,721819941290487,45.34226,-69.9113,0.18057822853306668,Not LSOG,0
ME,2019-2023,721819942290487,45.42565,-70.00095,0.590634963918016,Not LSOG,2
ME,2019-2023,721819943290487,45.28884,-70.14845,0.18057822853306668,Not LSOG,0
ME,2019-2023,721819944290487,45.3017,-69.93826,0.18057822853306668,Not LSOG,0
ME,2019-2023,721819945290487,45.25932,-69.96082,0.5638432296525292,Not LSOG,1
ME,2019-2023,721819946290487,45.35556,-70.06657,0.18057822853306668,Not LSOG,0
ME,2019-2023,721819947290487,45.13035,-70.0261,0.1974009304781744,Not LSOG,1
ME,2019-2023,721819949290487,45.05516,-70.13309,0.590634963918016,Not LSOG,2
ME,2019-2023,721819950290487,44.98186,-70.18271,0.18057822853306668,Not LSOG,0
ME,2019-2023,721819951290487,45.07816,-70.30052,0.34900515581462815,Transitioning LS,4
ME,2019-2023,721819952290487,44.90976,-70.24556,0.21544099060697866,Not LSOG,1
ME,2019-2023,721819953290487,45.00295,-70.37043,0.2548705952953345,Not LSOG,3
ME,2019-2023,721819954290487,45.7444,-70.14431,0.6694711472295376,Not LSOG,3
ME,2019-2023,721819955290487,45.65312,-70.01838,0.18057822853306668,Not LSOG,0
ME,2019-2023,721819956290487,45.59917,-70.10334,0.18057822853306668,Not LSOG,0
ME,2019-2023,721819957290487,45.60325,-70.27662,0.7587418963588353,Transitioning LS,5
ME,2019-2023,721819958290487,45.37836,-70.25442,0.34900515581462815,Transitioning LS,4
ME,2019-2023,721819960290487,46.0559,-69.48728,0.21537891006925972,Not LSOG,2
ME,2019-2023,721819961290487,45.99164,-69.53972,0.18057822853306668,Not LSOG,0
ME,2019-2023,721819962290487,45.88886,-69.42873,0.18057822853306668,Not LSOG,0
ME,2019-2023,721819963290487,45.82713,-69.49318,0.616899151780938,Not LSOG,3
ME,2019-2023,721819964290487,45.93109,-69.55067,0.21537891006925972,Not LSOG,2
ME,2019-2023,721819965290487,45.7638,-69.56354,0.5638432296525292,Not LSOG,1
ME,2019-2023,721819967290487,45.72532,-69.60327,0.18057822853306668,Not LSOG,0
ME,2019-2023,721819971290487,45.63216,-69.8385,0.18057822853306668,Not LSOG,0
ME,2019-2023,721819972290487,45.47414,-69.78884,0.21537891006925972,Not LSOG,2
ME,2019-2023,721819973290487,45.4055,-69.84236,0.23458173694842877,Not LSOG,2
ME,2019-2023,721819974290487,45.54392,-69.95032,0.18057822853306668,Not LSOG,0
ME,2019-2023,721819975290487,46.74492,-68.35004,0.18057822853306668,Not LSOG,0
ME,2019-2023,721819978290487,47.13265,-68.32317,0.18057822853306668,Not LSOG,0
ME,2019-2023,721819980290487,47.21404,-68.51551,0.18057822853306668,Not LSOG,0
ME,2019-2023,721819981290487,46.19533,-70.15048,0.18057822853306668,Not LSOG,0
ME,2019-2023,721819982290487,46.13869,-70.20454,0.736844624225896,LS,6
ME,2019-2023,721819983290487,45.23212,-70.95943,0.18057822853306668,Not LSOG,0
ME,2019-2023,721819984290487,45.08934,-71.04744,0.18057822853306668,Not LSOG,0
ME,2019-2023,721819985290487,44.25132,-70.58121,0.2782353995884367,Not LSOG,2
ME,2019-2023,721819987290487,44.01874,-70.56226,0.5638432296525292,Not LSOG,1
ME,2019-2023,721819988290487,44.17181,-70.60624,0.5638432296525292,Not LSOG,1
ME,2019-2023,721819991290487,43.80322,-70.72017,0.18057822853306668,Not LSOG,0
ME,2019-2023,721819992290487,43.89155,-70.85565,0.5638432296525292,Not LSOG,1
ME,2019-2023,721819993290487,43.84999,-70.90666,0.3008160045392108,Not LSOG,3
ME,2019-2023,721819994290487,43.66822,-70.84158,0.590634963918016,Not LSOG,2
ME,2019-2023,721819995290487,43.58899,-70.89078,0.5638432296525292,Not LSOG,1
ME,2019-2023,721819996290487,45.04142,-69.51703,0.2782353995884367,Not LSOG,2
ME,2019-2023,721819997290487,44.96834,-69.42089,0.6694711472295376,Not LSOG,3
ME,2019-2023,721819998290487,44.89677,-69.47199,0.1974009304781744,Not LSOG,1
ME,2019-2023,721819999290487,44.98419,-69.59391,0.1974009304781744,Not LSOG,1
ME,2019-2023,721820001290487,44.99632,-69.74142,0.642582583708017,Not LSOG,3
ME,2019-2023,721820002290487,44.7164,-69.57249,0.23458173694842877,Not LSOG,2
ME,2019-2023,721820003290487,44.68684,-69.65809,0.18057822853306668,Not LSOG,0
ME,2019-2023,721820004290487,44.76372,-69.79032,0.6913826175977362,Transitioning LS,4
ME,2019-2023,721820005290487,44.68923,-69.81646,0.18057822853306668,Not LSOG,0
ME,2019-2023,721820006290487,44.79371,-69.95741,0.5638432296525292,Not LSOG,1
ME,2019-2023,721820007290487,44.54321,-69.77288,0.1974009304781744,Not LSOG,1
ME,2019-2023,721820009290487,44.562,-69.94385,0.18057822853306668,Not LSOG,0
ME,2019-2023,721820010290487,44.48926,-69.99883,0.5638432296525292,Not LSOG,1
ME,2019-2023,721820011290487,46.55641,-68.03197,0.1974009304781744,Not LSOG,1
ME,2019-2023,721820012290487,46.65339,-68.14847,0.18057822853306668,Not LSOG,0
ME,2019-2023,721820013290487,46.59034,-68.21472,0.6694711472295376,Not LSOG,3
ME,2019-2023,721820014290487,46.68129,-68.3567,0.1974009304781744,Not LSOG,1
ME,2019-2023,721820015290487,46.46283,-68.22101,0.21537891006925972,Not LSOG,2
ME,2019-2023,721820016290487,46.42162,-68.16168,0.5638432296525292,Not LSOG,1
ME,2019-2023,721820017290487,46.28472,-68.26242,0.18057822853306668,Not LSOG,0
ME,2019-2023,721820018290487,46.46026,-68.34563,0.18057822853306668,Not LSOG,0
ME,2019-2023,721820019290487,46.38081,-68.39545,0.18057822853306668,Not LSOG,0
ME,2019-2023,721820020290487,46.49453,-68.52583,0.18057822853306668,Not LSOG,0
ME,2019-2023,721820021290487,46.31537,-68.46209,0.18057822853306668,Not LSOG,0
ME,2019-2023,721820022290487,46.22326,-68.32382,0.2782353995884367,Not LSOG,2
ME,2019-2023,721820023290487,46.14275,-68.40988,0.18057822853306668,Not LSOG,0
ME,2019-2023,721820024290487,46.24512,-68.69831,0.40274796836164445,Transitioning LS,4
ME,2019-2023,721820025290487,44.99047,-67.98495,0.23627134681094064,Not LSOG,1
ME,2019-2023,721820026290487,44.86404,-67.94125,0.18057822853306668,Not LSOG,0
ME,2019-2023,721820027290487,44.75238,-67.85904,0.18057822853306668,Not LSOG,0
ME,2019-2023,721820029290487,44.76662,-68.0099,0.21537891006925972,Not LSOG,2
ME,2019-2023,721820030290487,44.69557,-68.07396,0.18057822853306668,Not LSOG,0
ME,2019-2023,721820031290487,44.8016,-68.17836,0.21544099060697866,Not LSOG,1
ME,2019-2023,721820032290487,44.63503,-68.12,0.25665733770473287,Not LSOG,2
ME,2019-2023,721820033290487,44.52152,-68.01633,0.21544099060697866,Not LSOG,1
ME,2019-2023,721820034290487,44.42145,-68.07679,0.23458173694842877,Not LSOG,2
ME,2019-2023,721820035290487,44.73046,-68.17328,0.23627134681094064,Not LSOG,1
ME,2019-2023,721820036290487,44.57838,-68.19695,0.34900515581462815,Transitioning LS,4
ME,2019-2023,721820037290487,44.48317,-68.27537,0.2988454372844079,Transitioning LS,4
ME,2019-2023,721820038290487,44.7505,-68.2977,0.21544099060697866,Not LSOG,1
ME,2019-2023,721820040290487,44.72341,-67.654,0.18057822853306668,Not LSOG,0
ME,2019-2023,721820041290487,44.80643,-67.76773,0.616899151780938,Not LSOG,3
ME,2019-2023,721820042290487,44.78482,-67.66771,0.2988454372844079,Transitioning LS,4
ME,2019-2023,721820043290487,44.58741,-67.77487,0.1974009304781744,Not LSOG,1
ME,2019-2023,721820045290487,44.44019,-67.89788,0.3008160045392108,Not LSOG,3
ME,2019-2023,721820046290487,44.61688,-69.73605,0.73807320134511,Transitioning LS,4
ME,2019-2023,721820047290487,46.57319,-69.60713,0.2781616398280879,Not LSOG,3
ME,2019-2023,721820048290487,46.54254,-69.65152,0.1974009304781744,Not LSOG,1
ME,2019-2023,721820049290487,46.48987,-69.68618,0.1974009304781744,Not LSOG,1
ME,2019-2023,721820050290487,46.39473,-69.63844,0.5638432296525292,Not LSOG,1
ME,2019-2023,721820051290487,46.31165,-69.67351,0.18057822853306668,Not LSOG,0
ME,2019-2023,721820052290487,46.41958,-69.79871,0.590634963918016,Not LSOG,2
ME,2019-2023,721820053290487,46.40528,-69.91598,0.23627134681094064,Not LSOG,1
ME,2019-2023,721820054290487,46.33241,-69.85618,0.21537891006925972,Not LSOG,2
ME,2019-2023,721820056290487,46.11758,-69.8419,0.1974009304781744,Not LSOG,1
ME,2019-2023,721820057290487,46.19787,-69.97169,0.18057822853306668,Not LSOG,0
ME,2019-2023,721820058290487,46.2816,-70.09244,0.6673907669706552,Transitioning LS,4
ME,2019-2023,721820059290487,46.13064,-69.96908,0.18057822853306668,Not LSOG,0
ME,2019-2023,721820060290487,46.0488,-70.08472,0.1974009304781744,Not LSOG,1
ME,2019-2023,721820061290487,45.9693,-69.93832,0.18057822853306668,Not LSOG,0
ME,2019-2023,721820062290487,45.893,-70.04931,0.5638432296525292,Not LSOG,1
ME,2019-2023,721820063290487,45.16435,-70.4135,0.37435030153963456,Transitioning LS,5
ME,2019-2023,721820065290487,45.4742,-69.62807,0.590634963918016,Not LSOG,2
ME,2019-2023,721820066290487,45.32199,-69.7343,0.5638432296525292,Not LSOG,1
ME,2019-2023,721820067290487,45.15444,-69.64685,0.18057822853306668,Not LSOG,0
ME,2019-2023,721820068290487,45.07807,-69.71869,0.1974009304781744,Not LSOG,1
ME,2019-2023,721820069290487,45.15888,-69.80278,0.18057822853306668,Not LSOG,0
ME,2019-2023,721820070290487,44.72269,-69.99629,0.6447355333707196,Not LSOG,2
ME,2019-2023,721820071290487,46.14551,-68.52574,0.21537891006925972,Not LSOG,2
ME,2019-2023,721820072290487,46.10403,-68.67594,0.18057822853306668,Not LSOG,0
ME,2019-2023,721820073290487,46.04633,-68.69197,0.616899151780938,Not LSOG,3
ME,2019-2023,721820074290487,46.06029,-68.89324,0.2782353995884367,Not LSOG,2
ME,2019-2023,721820075290487,45.89452,-68.82527,0.4294214970889742,Transitioning LS,5
ME,2019-2023,721820076290487,45.8164,-68.71274,0.18057822853306668,Not LSOG,0
ME,2019-2023,721820077290487,45.73329,-68.77656,0.18057822853306668,Not LSOG,0
ME,2019-2023,721820079290487,45.67965,-68.91206,0.37514895461432246,Transitioning LS,5
ME,2019-2023,721820080290487,45.85006,-69.07096,0.7278440906433652,Transitioning LS,5
ME,2019-2023,721820083290487,45.58137,-68.87959,0.18057822853306668,Not LSOG,0
ME,2019-2023,721820084290487,45.49964,-68.9449,0.18057822853306668,Not LSOG,0
ME,2019-2023,721820085290487,44.4482,-69.66612,0.6169859589412369,Not LSOG,2
ME,2019-2023,721820086290487,44.37182,-69.70381,0.23627134681094064,Not LSOG,1
ME,2019-2023,721820087290487,44.28616,-69.59578,0.1974009304781744,Not LSOG,1
ME,2019-2023,721820089290487,44.30292,-69.77765,0.23627134681094064,Not LSOG,1
ME,2019-2023,721820090290487,44.39718,-69.88834,0.18057822853306668,Not LSOG,0
ME,2019-2023,721820091290487,44.16898,-69.88226,0.23627134681094064,Not LSOG,1
ME,2019-2023,721820093290487,44.00216,-69.8092,0.748554541042435,Transitioning LS,5
ME,2019-2023,721820094290487,44.09955,-69.93085,0.590634963918016,Not LSOG,2
ME,2019-2023,721820095290487,44.18111,-70.05465,0.5638432296525292,Not LSOG,1
ME,2019-2023,721820096290487,43.85917,-69.93176,0.18057822853306668,Not LSOG,0
ME,2019-2023,721820098290487,46.05182,-68.26805,0.21544099060697866,Not LSOG,1
ME,2019-2023,721820099290487,45.95849,-68.16075,0.2995601326509722,Transitioning LS,4
ME,2019-2023,721820100290487,45.91116,-68.15683,0.21544099060697866,Not LSOG,1
ME,2019-2023,721820101290487,45.97996,-68.33914,0.4026596151397796,Transitioning LS,5
ME,2019-2023,721820102290487,46.0748,-68.46012,0.1974009304781744,Not LSOG,1
ME,2019-2023,721820103290487,45.9105,-68.3918,0.37655136224865404,Transitioning LS,4
ME,2019-2023,721820104290487,45.8313,-68.4831,0.18057822853306668,Not LSOG,0
ME,2019-2023,721820105290487,45.70683,-68.35666,0.693303778831513,Transitioning LS,4
ME,2019-2023,721820106290487,45.77148,-68.53048,0.1974009304781744,Not LSOG,1
ME,2019-2023,721820107290487,45.87169,-68.64487,0.23627134681094064,Not LSOG,1
ME,2019-2023,721820108290487,45.7078,-68.59694,0.7398130914210179,Transitioning LS,4
ME,2019-2023,721820109290487,45.64914,-68.66497,0.7798851883650016,Transitioning LS,5
ME,2019-2023,721820110290487,45.1731,-70.58846,0.5638432296525292,Not LSOG,1
ME,2019-2023,721820111290487,45.02527,-70.53925,0.1974009304781744,Not LSOG,1
ME,2019-2023,721820112290487,44.95159,-70.59267,0.2988454372844079,Transitioning LS,4
ME,2019-2023,721820113290487,44.977,-70.78745,0.18057822853306668,Not LSOG,0
ME,2019-2023,721820114290487,44.80586,-70.71824,0.34900515581462815,Transitioning LS,4
ME,2019-2023,721820115290487,44.73284,-70.76799,0.7782695934252377,LS,6
ME,2019-2023,721820116290487,44.7774,-71.00919,0.25665733770473287,Not LSOG,2
ME,2019-2023,721820117290487,44.60415,-70.86425,0.7957298292592738,LS,7
ME,2019-2023,721820118290487,47.03265,-69.00672,0.7143095470364913,Transitioning LS,5
ME,2019-2023,721820119290487,46.63192,-69.19036,0.5638432296525292,Not LSOG,1
ME,2019-2023,721820120290487,46.71258,-69.12168,0.18057822853306668,Not LSOG,0
ME,2019-2023,721820121290487,46.74254,-69.14043,0.21537891006925972,Not LSOG,2
ME,2019-2023,721820122290487,46.69062,-69.54091,0.21537891006925972,Not LSOG,2
ME,2019-2023,721820123290487,46.40975,-69.40719,0.2781616398280879,Not LSOG,3
ME,2019-2023,721820124290487,46.4313,-69.37088,0.21537891006925972,Not LSOG,2
ME,2019-2023,721820125290487,46.42848,-69.55416,0.25665733770473287,Not LSOG,2
ME,2019-2023,721820126290487,46.29022,-69.49687,0.6169859589412369,Not LSOG,2
ME,2019-2023,721820127290487,46.95484,-68.45635,0.5638432296525292,Not LSOG,1
ME,2019-2023,721820128290487,47.08368,-68.55901,0.25665733770473287,Not LSOG,2
ME,2019-2023,721820129290487,47.03201,-68.63493,0.276354286363825,Not LSOG,3
ME,2019-2023,721820131290487,44.81667,-70.09893,0.590634963918016,Not LSOG,2
ME,2019-2023,721820132290487,44.76073,-70.24205,0.6447355333707196,Not LSOG,2
ME,2019-2023,721820133290487,44.83748,-70.18946,0.18057822853306668,Not LSOG,0
ME,2019-2023,721820134290487,44.43918,-70.22884,0.18057822853306668,Not LSOG,0
ME,2019-2023,721820135290487,44.59924,-70.32315,0.18057822853306668,Not LSOG,0
ME,2019-2023,721820136290487,44.47526,-70.39692,0.18057822853306668,Not LSOG,0
ME,2019-2023,721820137290487,44.28792,-70.32978,0.5638432296525292,Not LSOG,1
ME,2019-2023,721820138290487,44.30214,-70.57834,0.642582583708017,Not LSOG,3
ME,2019-2023,721820139290487,46.56458,-68.64875,0.25665733770473287,Not LSOG,2
ME,2019-2023,721820140290487,46.41988,-68.60587,0.5638432296525292,Not LSOG,1
ME,2019-2023,721820141290487,46.3345,-68.64727,0.18057822853306668,Not LSOG,0
ME,2019-2023,721820142290487,46.44455,-68.77137,0.4026596151397796,Transitioning LS,5
ME,2019-2023,721820143290487,46.35712,-68.82992,0.1974009304781744,Not LSOG,1
ME,2019-2023,721820144290487,46.18629,-68.75863,0.37435030153963456,Transitioning LS,5
ME,2019-2023,721820145290487,46.11287,-68.80918,0.616899151780938,Not LSOG,3
ME,2019-2023,721820146290487,46.21332,-68.95546,0.18057822853306668,Not LSOG,0
ME,2019-2023,721820147290487,46.14208,-69.00089,0.3367247855820121,Not LSOG,3
ME,2019-2023,721820148290487,45.98764,-68.95677,0.2781616398280879,Not LSOG,3
ME,2019-2023,721820149290487,46.08687,-69.06929,0.3244055053540762,Transitioning LS,4
ME,2019-2023,721820150290487,46.01701,-69.11099,0.2548705952953345,Not LSOG,3
ME,2019-2023,721820151290487,46.99475,-67.83476,0.3244055053540762,Transitioning LS,4
ME,2019-2023,721820152290487,47.08622,-67.95879,0.18057822853306668,Not LSOG,0
ME,2019-2023,721820153290487,46.93025,-67.9124,0.3008160045392108,Not LSOG,3
ME,2019-2023,721820156290487,46.79094,-68.02678,0.18057822853306668,Not LSOG,0
ME,2019-2023,721820157290487,46.88312,-68.15827,0.5638432296525292,Not LSOG,1
ME,2019-2023,721820158290487,46.84026,-68.02149,0.21544099060697866,Not LSOG,1
ME,2019-2023,721820159290487,46.63382,-67.9754,0.18057822853306668,Not LSOG,0
ME,2019-2023,721820160290487,45.16348,-68.29537,0.4026596151397796,Transitioning LS,5
ME,2019-2023,721820161290487,45.4531,-68.17993,0.18057822853306668,Not LSOG,0
ME,2019-2023,721820162290487,45.41941,-68.24145,0.2548705952953345,Not LSOG,3
ME,2019-2023,721820163290487,45.55999,-68.14176,0.23627134681094064,Not LSOG,1
ME,2019-2023,721820165290487,45.1877,-68.24895,0.18057822853306668,Not LSOG,0
ME,2019-2023,721820166290487,45.28124,-68.35489,0.23627134681094064,Not LSOG,1
ME,2019-2023,721820167290487,45.28236,-68.2662,0.1974009304781744,Not LSOG,1
ME,2019-2023,721820168290487,45.21484,-68.39518,0.25665733770473287,Not LSOG,2
ME,2019-2023,721820169290487,45.09319,-68.47975,0.21537891006925972,Not LSOG,2
ME,2019-2023,721820170290487,45.05901,-68.36323,0.23627134681094064,Not LSOG,1
ME,2019-2023,721820171290487,44.9821,-68.41769,0.23627134681094064,Not LSOG,1
ME,2019-2023,721820172290487,45.07602,-68.54113,0.1974009304781744,Not LSOG,1
ME,2019-2023,721820173290487,44.40532,-68.11168,0.18057822853306668,Not LSOG,0
ME,2019-2023,721820174290487,46.977312,-68.506853,0.5638432296525292,Not LSOG,1
ME,2019-2023,721820175290487,46.93088,-68.51298,0.3008160045392108,Not LSOG,3
ME,2019-2023,721820176290487,46.95474,-68.69584,0.2781616398280879,Not LSOG,3
ME,2019-2023,721820177290487,46.80083,-68.64012,0.590634963918016,Not LSOG,2
ME,2019-2023,721820178290487,46.88933,-68.75076,0.21544099060697866,Not LSOG,1
ME,2019-2023,721820179290487,46.8211,-68.83681,0.18057822853306668,Not LSOG,0
ME,2019-2023,721820180290487,46.72719,-68.71281,0.5638432296525292,Not LSOG,1
ME,2019-2023,721820181290487,46.61816,-68.8275,0.590634963918016,Not LSOG,2
ME,2019-2023,721820182290487,46.75465,-68.90679,0.18057822853306668,Not LSOG,0
ME,2019-2023,721820183290487,46.59321,-68.82937,0.5638432296525292,Not LSOG,1
ME,2019-2023,721820184290487,46.68524,-68.94814,0.6551824614208499,Not LSOG,3
ME,2019-2023,721820185290487,46.47117,-68.78373,0.23627134681094064,Not LSOG,1
ME,2019-2023,721820186290487,46.50386,-68.89479,0.18057822853306668,Not LSOG,0
ME,2019-2023,721820187290487,45.78444,-69.1386,0.4026596151397796,Transitioning LS,5
ME,2019-2023,721820188290487,45.71196,-69.1895,0.2548705952953345,Not LSOG,3
ME,2019-2023,721820190290487,45.79388,-69.31551,0.5638432296525292,Not LSOG,1
ME,2019-2023,721820191290487,45.7245,-69.36972,0.18057822853306668,Not LSOG,0
ME,2019-2023,721820192290487,45.58757,-69.31263,0.1974009304781744,Not LSOG,1
ME,2019-2023,721820193290487,45.4847,-69.36307,0.1974009304781744,Not LSOG,1
ME,2019-2023,721820194290487,45.59187,-69.47979,0.2548705952953345,Not LSOG,3
ME,2019-2023,721820196290487,47.18719,-68.08645,0.21537891006925972,Not LSOG,2
ME,2019-2023,721820197290487,47.026,-68.02643,0.18057822853306668,Not LSOG,0
ME,2019-2023,721820199290487,47.13055,-68.11826,0.21537891006925972,Not LSOG,2
ME,2019-2023,721820200290487,46.9915,-68.21203,0.6694711472295376,Not LSOG,3
ME,2019-2023,721820201290487,43.9963,-70.18251,0.23627134681094064,Not LSOG,1
ME,2019-2023,721820202290487,43.8114,-70.13506,0.7016404850350887,LS,6
ME,2019-2023,721820203290487,43.73914,-70.21038,0.2655157083372891,Not LSOG,3
ME,2019-2023,721820206290487,43.53738,-70.38634,0.5638432296525292,Not LSOG,1
ME,2019-2023,721820207290487,43.41484,-70.41476,0.5638432296525292,Not LSOG,1
ME,2019-2023,721820208290487,43.55211,-70.54178,0.6673907669706552,Transitioning LS,4
ME,2019-2023,721820209290487,45.18298,-68.64538,0.3027939542100569,Not LSOG,2
ME,2019-2023,721820210290487,45.55288,-68.53588,0.5638432296525292,Not LSOG,1
ME,2019-2023,721820211290487,45.46861,-68.59658,0.18057822853306668,Not LSOG,0
ME,2019-2023,721820212290487,47.40444,-69.1179,0.21537891006925972,Not LSOG,2
ME,2019-2023,721820213290487,47.21823,-69.23403,0.18057822853306668,Not LSOG,0
ME,2019-2023,721820214290487,45.98256,-70.14611,0.21537891006925972,Not LSOG,2
ME,2019-2023,721820215290487,46.06771,-70.26538,0.3027939542100569,Not LSOG,2
ME,2019-2023,721820216290487,46.98639,-68.28327,0.18057822853306668,Not LSOG,0
ME,2019-2023,721820217290487,46.83496,-68.22763,0.18057822853306668,Not LSOG,0
ME,2019-2023,721820218290487,46.74018,-68.27516,0.4026596151397796,Transitioning LS,5
ME,2019-2023,721820219290487,46.8369,-68.42226,0.5638432296525292,Not LSOG,1
ME,2019-2023,721820220290487,46.6277,-68.38225,0.18057822853306668,Not LSOG,0
ME,2019-2023,721820221290487,46.53831,-68.4591,0.18057822853306668,Not LSOG,0
ME,2019-2023,721820222290487,46.71937,-68.49773,0.5638432296525292,Not LSOG,1
ME,2019-2023,721820223290487,46.63654,-68.58273,0.2549403602718784,Not LSOG,2
ME,2019-2023,721820225290487,45.04931,-68.75709,0.23627134681094064,Not LSOG,1
ME,2019-2023,721820226290487,44.96231,-68.839116,0.23627134681094064,Not LSOG,1
ME,2019-2023,721820227290487,44.99574,-68.99659,0.23458173694842877,Not LSOG,2
ME,2019-2023,721820229290487,44.74329,-68.91022,0.18057822853306668,Not LSOG,0
ME,2019-2023,721820230290487,44.76033,-69.00477,0.25665733770473287,Not LSOG,2
ME,2019-2023,721820231290487,44.78819,-69.16704,0.18057822853306668,Not LSOG,0
ME,2019-2023,721820232290487,44.62289,-69.11395,0.21537891006925972,Not LSOG,2
ME,2019-2023,721820233290487,45.4889,-68.77115,0.616899151780938,Not LSOG,3
ME,2019-2023,721820234290487,45.44946,-68.84849,0.3008160045392108,Not LSOG,3
ME,2019-2023,721820235290487,45.33122,-68.7166,0.7273267374807822,Transitioning LS,4
ME,2019-2023,721820236290487,45.26671,-68.77035,0.37435030153963456,Transitioning LS,5
ME,2019-2023,721820237290487,45.29501,-68.96633,0.642582583708017,Not LSOG,3
ME,2019-2023,721820238290487,45.14039,-68.90036,0.18057822853306668,Not LSOG,0
ME,2019-2023,721820239290487,45.05913,-68.95072,0.23458173694842877,Not LSOG,2
ME,2019-2023,721820240290487,45.14284,-69.08504,0.37435030153963456,Transitioning LS,5
ME,2019-2023,721820241290487,45.13335,-69.22582,0.642582583708017,Not LSOG,3
ME,2019-2023,721820242290487,45.07703,-69.1249,0.25665733770473287,Not LSOG,2
ME,2019-2023,721820243290487,45.01771,-69.17053,0.18057822853306668,Not LSOG,0
ME,2019-2023,721820244290487,44.91316,-68.47702,0.2548705952953345,Not LSOG,3
ME,2019-2023,721820245290487,44.99327,-68.60366,0.18057822853306668,Not LSOG,0
ME,2019-2023,721820247290487,45.91246,-70.20887,0.5638432296525292,Not LSOG,1
ME,2019-2023,721820248290487,45.72576,-70.20302,0.32448601524557913,Not LSOG,3
ME,2019-2023,721820250290487,45.69559,-70.22191,0.18057822853306668,Not LSOG,0
ME,2019-2023,721820251290487,45.78567,-70.32144,0.23627134681094064,Not LSOG,1
ME,2019-2023,721820252290487,45.72956,-70.32749,0.3244055053540762,Transitioning LS,4
ME,2019-2023,721820253290487,45.6105,-70.43579,0.1974009304781744,Not LSOG,1
ME,2019-2023,721820254290487,45.52117,-70.30003,0.21537891006925972,Not LSOG,2
ME,2019-2023,721820255290487,45.4704,-70.38061,0.21544099060697866,Not LSOG,1
ME,2019-2023,721820257290487,45.48889,-70.54969,0.21544099060697866,Not LSOG,1
ME,2019-2023,721820258290487,45.34432,-70.48944,0.6694711472295376,Not LSOG,3
ME,2019-2023,721820259290487,45.25735,-70.57278,0.21544099060697866,Not LSOG,1
ME,2019-2023,721820260290487,45.34155,-70.66247,0.23627134681094064,Not LSOG,1
ME,2019-2023,721820261290487,47.14591,-68.94245,0.2781616398280879,Not LSOG,3
ME,2019-2023,721820262290487,47.22949,-69.0713,0.590634963918016,Not LSOG,2
ME,2019-2023,721820263290487,47.34667,-69.18892,0.3008160045392108,Not LSOG,3
ME,2019-2023,721820264290487,47.1658,-69.1209,0.2781616398280879,Not LSOG,3
ME,2019-2023,721820265290487,47.06957,-69.15952,0.25665733770473287,Not LSOG,2
ME,2019-2023,721820266290487,46.22503,-69.55012,0.590634963918016,Not LSOG,2
ME,2019-2023,721820267290487,43.26695,-70.75706,0.1974009304781744,Not LSOG,1
ME,2019-2023,721820269290487,45.39772,-67.46192,0.21544099060697866,Not LSOG,1
ME,2019-2023,721820270290487,45.28253,-67.53551,0.25665733770473287,Not LSOG,2
ME,2019-2023,721820272290487,45.10416,-67.53323,0.18057822853306668,Not LSOG,0
ME,2019-2023,721820273290487,45.17516,-67.65225,0.21544099060697866,Not LSOG,1
ME,2019-2023,721820274290487,45.14291,-67.76784,0.2781616398280879,Not LSOG,3
ME,2019-2023,721820276290487,45.03506,-67.74696,0.1974009304781744,Not LSOG,1
ME,2019-2023,721820277290487,44.94954,-67.65638,0.18057822853306668,Not LSOG,0
ME,2019-2023,721820278290487,44.90208,-67.66293,0.23458173694842877,Not LSOG,2
ME,2019-2023,721820279290487,43.39091,-70.48395,0.2995601326509722,Transitioning LS,4
ME,2019-2023,721820280290487,44.85407,-68.55934,0.18057822853306668,Not LSOG,0
ME,2019-2023,721820281290487,44.78007,-68.61732,0.18057822853306668,Not LSOG,0
ME,2019-2023,721820282290487,44.86468,-68.70796,0.18057822853306668,Not LSOG,0
ME,2019-2023,721820283290487,44.69123,-68.65605,0.3008160045392108,Not LSOG,3
ME,2019-2023,721820286290487,44.63322,-68.71612,0.2988454372844079,Transitioning LS,4
ME,2019-2023,721820288290487,44.51229,-68.83996,0.5638432296525292,Not LSOG,1
ME,2019-2023,721820289290487,44.58105,-68.9476,0.18057822853306668,Not LSOG,0
ME,2019-2023,721820290290487,44.53106,-68.98963,0.23458173694842877,Not LSOG,2
ME,2019-2023,721820292290487,45.02692,-67.11466,0.2548705952953345,Not LSOG,3
ME,2019-2023,721820293290487,44.96707,-67.24304,0.1974009304781744,Not LSOG,1
ME,2019-2023,721820294290487,44.84648,-67.22527,0.3008160045392108,Not LSOG,3
ME,2019-2023,721820295290487,44.73547,-67.23832,0.276354286363825,Not LSOG,3
ME,2019-2023,721820298290487,45.03198,-67.17844,0.1974009304781744,Not LSOG,1
ME,2019-2023,721820299290487,45.13756,-67.28659,0.18057822853306668,Not LSOG,0
ME,2019-2023,721820301290487,44.97224,-67.40873,0.18057822853306668,Not LSOG,0
ME,2019-2023,721820302290487,44.89965,-67.28654,0.25665733770473287,Not LSOG,2
ME,2019-2023,721820303290487,45.11457,-67.36124,0.5638432296525292,Not LSOG,1
ME,2019-2023,721820304290487,44.88655,-67.47946,0.18057822853306668,Not LSOG,0
ME,2019-2023,721820305290487,44.86222,-67.5285,0.18057822853306668,Not LSOG,0
ME,2019-2023,721820306290487,44.79957,-67.60287,0.2988454372844079,Transitioning LS,4
ME,2019-2023,721820307290487,44.71821,-67.46889,0.23627134681094064,Not LSOG,1
ME,2019-2023,721820308290487,44.953,-67.48553,0.3008160045392108,Not LSOG,3
ME,2019-2023,721820309290487,45.04286,-67.60261,0.3896212441998421,Transitioning LS,4
ME,2019-2023,721820310290487,44.33196,-68.1865,0.5638432296525292,Not LSOG,1
ME,2019-2023,721820311290487,44.4508,-69.06389,0.25665733770473287,Not LSOG,2
ME,2019-2023,721820312290487,45.5866,-68.70628,0.642582583708017,Not LSOG,3
ME,2019-2023,721820313290487,45.6579,-68.82931,0.25665733770473287,Not LSOG,2
ME,2019-2023,721820314290487,45.36262,-68.90228,0.590634963918016,Not LSOG,2
ME,2019-2023,721820315290487,45.45177,-68.96904,0.1974009304781744,Not LSOG,1
ME,2019-2023,721820317290487,44.23516,-69.82715,0.2782353995884367,Not LSOG,2
ME,2019-2023,721820319290487,46.1599,-68.6001,0.1974009304781744,Not LSOG,1
ME,2019-2023,721820320290487,46.01111,-68.53107,0.18057822853306668,Not LSOG,0
ME,2019-2023,721820321290487,44.62863,-69.88209,0.18057822853306668,Not LSOG,0
ME,2019-2023,721820322290487,43.78303,-70.78184,0.5638432296525292,Not LSOG,1
ME,2019-2023,721820323290487,43.50087,-70.78242,0.6796322038494592,Not LSOG,3
ME,2019-2023,721820324290487,43.35907,-70.89076,0.1974009304781744,Not LSOG,1
ME,2019-2023,721820325290487,45.90905,-69.00468,0.3244055053540762,Transitioning LS,4
ME,2019-2023,721820326290487,44.7968,-69.72288,0.18057822853306668,Not LSOG,0
ME,2019-2023,721820328290487,46.37002,-69.00399,0.5638432296525292,Not LSOG,1
ME,2019-2023,721820329290487,46.57066,-69.13325,0.1974009304781744,Not LSOG,1
ME,2019-2023,721820330290487,45.20805,-69.95357,0.18057822853306668,Not LSOG,0
ME,2019-2023,721820331290487,46.17916,-69.76494,0.18057822853306668,Not LSOG,0
ME,2019-2023,721820332290487,45.07093,-70.91185,0.18057822853306668,Not LSOG,0
ME,2019-2023,721820333290487,44.298624,-71.005368,0.2894772653454048,Not LSOG,2
ME,2019-2023,721820334290487,44.387754,-70.920104,0.7273267374807822,Transitioning LS,4
ME,2019-2023,721820335290487,44.336288,-70.875526,0.590634963918016,Not LSOG,2
ME,2019-2023,815193695290487,43.78565,-70.313,0.34900515581462815,Transitioning LS,4
ME,2019-2023,815193696290487,43.96371,-70.5588,0.5638432296525292,Not LSOG,1
ME,2019-2023,815193697290487,43.59944,-70.65955,0.590634963918016,Not LSOG,2
ME,2019-2023,815193698290487,46.01202,-68.88876,0.1974009304781744,Not LSOG,1
ME,2019-2023,815193699290487,45.23954,-69.77591,0.25665733770473287,Not LSOG,2
ME,2019-2023,815193701290487,45.16335,-69.00569,0.5638432296525292,Not LSOG,1
ME,2019-2023,815193702290487,45.09566,-69.07129,0.33463157060168264,Transitioning LS,4
ME,2019-2023,815193704290487,44.25488,-70.45233,0.18057822853306668,Not LSOG,0
ME,2019-2023,815193706290487,44.31849,-70.86647,0.693303778831513,Transitioning LS,4
ME,2019-2023,815193708290487,44.19777,-69.10233,0.2249364003630322,Not LSOG,1
ME,2019-2023,815193710290487,44.71196,-68.99521,0.27516034859358574,Transitioning LS,4
ME,2019-2023,815193711290487,44.49541,-69.14936,0.7603890633690075,Transitioning LS,5
ME,2019-2023,815193712290487,45.39639,-70.18563,0.1974009304781744,Not LSOG,1
ME,2019-2023,815193713290487,45.02598,-70.42357,0.1974009304781744,Not LSOG,1
ME,2019-2023,815193716290487,44.54957,-70.89243,0.37435030153963456,Transitioning LS,5
ME,2019-2023,815193717290487,46.90982,-69.31959,0.18057822853306668,Not LSOG,0
ME,2019-2023,815193718290487,45.88441,-69.66482,0.1974009304781744,Not LSOG,1
ME,2019-2023,815193719290487,46.4535,-68.10553,0.18057822853306668,Not LSOG,0
ME,2019-2023,815193720290487,45.87057,-68.41858,0.18057822853306668,Not LSOG,0
ME,2019-2023,815193721290487,43.91534,-70.06221,0.6694711472295376,Not LSOG,3
ME,2019-2023,815193722290487,47.12604,-67.89976,0.5638432296525292,Not LSOG,1
ME,2019-2023,815193723290487,46.7064,-68.26941,0.18057822853306668,Not LSOG,0
ME,2019-2023,815193724290487,46.40018,-68.34653,0.18057822853306668,Not LSOG,0
ME,2019-2023,815193725290487,46.13399,-68.60126,0.18057822853306668,Not LSOG,0
ME,2019-2023,815193726290487,45.57342,-69.06195,0.25665733770473287,Not LSOG,2
ME,2019-2023,815193728290487,44.02404,-69.18272,0.18057822853306668,Not LSOG,0
ME,2019-2023,815193729290487,45.67179,-68.19866,0.2781616398280879,Not LSOG,3
ME,2019-2023,815193730290487,44.79616,-68.93698,0.18057822853306668,Not LSOG,0
ME,2019-2023,815193731290487,44.20227,-69.43225,0.6299685665522238,Not LSOG,2
ME,2019-2023,815193732290487,43.97461,-69.75875,0.5638432296525292,Not LSOG,1
ME,2019-2023,815193733290487,45.85836,-69.40354,0.18057822853306668,Not LSOG,0
ME,2019-2023,815193734290487,45.00216,-70.13144,0.5638432296525292,Not LSOG,1
ME,2019-2023,815193735290487,44.16436,-70.80379,0.590634963918016,Not LSOG,2
ME,2019-2023,815193736290487,47.03433,-68.38314,0.1974009304781744,Not LSOG,1
ME,2019-2023,815193737290487,47.12601,-68.51521,0.5638432296525292,Not LSOG,1
ME,2019-2023,815193738290487,46.74837,-68.63992,0.7782695934252377,LS,6
ME,2019-2023,815193739290487,46.55385,-69.01933,0.7181252005844282,Not LSOG,3
ME,2019-2023,815193741290487,44.74364,-69.47899,0.23458173694842877,Not LSOG,2
ME,2019-2023,815193742290487,44.71338,-69.7703,0.7030571465453815,Transitioning LS,4
ME,2019-2023,815193744290487,43.85081,-70.51157,0.5638432296525292,Not LSOG,1
ME,2019-2023,815193746290487,43.30208,-70.85986,0.23627134681094064,Not LSOG,1
ME,2019-2023,815193747290487,47.13468,-68.08262,0.18057822853306668,Not LSOG,0
ME,2019-2023,815193748290487,46.15375,-68.75257,0.590634963918016,Not LSOG,2
ME,2019-2023,815193749290487,46.17135,-68.93648,0.3264661390804402,Not LSOG,3
ME,2019-2023,815193750290487,44.69426,-67.83945,0.21544099060697866,Not LSOG,1
ME,2019-2023,815193751290487,44.60571,-68.3013,0.1974009304781744,Not LSOG,1
ME,2019-2023,815193752290487,44.30869,-68.36973,0.4026596151397796,Transitioning LS,5
ME,2019-2023,815193753290487,44.44741,-68.68821,0.21544099060697866,Not LSOG,1
ME,2019-2023,815193754290487,43.96318,-69.22922,0.1974009304781744,Not LSOG,1
ME,2019-2023,815193755290487,44.76765,-67.19312,0.23458173694842877,Not LSOG,2
ME,2019-2023,815193756290487,46.265067,-69.671793,0.5638432296525292,Not LSOG,1
ME,2019-2023,815193757290487,46.19182,-69.72874,0.23627134681094064,Not LSOG,1
ME,2019-2023,815193758290487,46.10633,-69.61192,0.2781616398280879,Not LSOG,3
ME,2019-2023,815193759290487,46.04139,-69.67044,0.21537891006925972,Not LSOG,2
ME,2019-2023,815193760290487,46.13344,-69.76788,0.18057822853306668,Not LSOG,0
ME,2019-2023,815193761290487,46.05687,-69.84287,0.18057822853306668,Not LSOG,0
ME,2019-2023,815193762290487,45.90829,-69.95879,0.1974009304781744,Not LSOG,1
ME,2019-2023,815193763290487,45.92663,-69.77951,0.5638432296525292,Not LSOG,1
ME,2019-2023,815193764290487,45.88856,-69.79288,0.3244055053540762,Transitioning LS,4
ME,2019-2023,815193765290487,45.81482,-69.84766,0.18057822853306668,Not LSOG,0
ME,2019-2023,815193766290487,46.00005,-69.92225,0.21537891006925972,Not LSOG,2
ME,2019-2023,815193767290487,45.73589,-69.94197,0.18057822853306668,Not LSOG,0
ME,2019-2023,815193769290487,45.78699,-70.07889,0.23627134681094064,Not LSOG,1
ME,2019-2023,815193770290487,44.4996,-69.881,0.18057822853306668,Not LSOG,0
ME,2019-2023,815193771290487,44.36284,-70.07388,0.642582583708017,Not LSOG,3
ME,2019-2023,815193773290487,44.21372,-69.98962,0.5638432296525292,Not LSOG,1
ME,2019-2023,815193774290487,44.30705,-70.12284,0.5638432296525292,Not LSOG,1
ME,2019-2023,815193775290487,44.39462,-70.23573,0.616899151780938,Not LSOG,3
ME,2019-2023,815193776290487,44.21931,-70.15,0.25373692901882655,Transitioning LS,4
ME,2019-2023,815193777290487,44.16325,-70.22967,0.18057822853306668,Not LSOG,0
ME,2019-2023,815193778290487,44.04633,-70.11403,0.2781616398280879,Not LSOG,3
ME,2019-2023,815193779290487,43.9873,-70.20527,0.23458173694842877,Not LSOG,2
ME,2019-2023,815193780290487,44.09038,-70.27821,0.6447355333707196,Not LSOG,2
ME,2019-2023,815193781290487,44.18539,-70.41902,0.5638432296525292,Not LSOG,1
ME,2019-2023,815193782290487,44.02649,-70.3345,0.590634963918016,Not LSOG,2
ME,2019-2023,815193783290487,43.95307,-70.39467,0.5638432296525292,Not LSOG,1
ME,2019-2023,815193785290487,43.27221,-70.71284,0.3873912569589767,Transitioning LS,5
ME,2019-2023,815193787290487,44.96462,-69.17834,0.23458173694842877,Not LSOG,2
ME,2019-2023,815193788290487,44.98285,-69.387,0.7162212459177082,Transitioning LS,4
ME,2019-2023,815193789290487,44.85267,-69.30866,0.21537891006925972,Not LSOG,2
ME,2019-2023,815193790290487,44.75503,-69.35411,0.18057822853306668,Not LSOG,0
ME,2019-2023,815193791290487,44.77605,-69.54405,0.18057822853306668,Not LSOG,0
ME,2019-2023,815193792290487,44.68186,-69.43126,0.2781616398280879,Not LSOG,3
ME,2019-2023,815193793290487,44.60504,-69.47155,0.1974009304781744,Not LSOG,1
ME,2019-2023,815193795290487,46.3134,-67.78629,0.23627134681094064,Not LSOG,1
ME,2019-2023,815193797290487,43.73676,-70.55294,0.18057822853306668,Not LSOG,0
ME,2019-2023,815193798290487,43.58328,-70.47655,0.18057822853306668,Not LSOG,0
ME,2019-2023,815193799290487,43.67069,-70.60236,0.590634963918016,Not LSOG,2
ME,2019-2023,815193800290487,43.75421,-70.72516,0.18057822853306668,Not LSOG,0
ME,2019-2023,815193801290487,43.52451,-70.71091,0.1974009304781744,Not LSOG,1
ME,2019-2023,815193803290487,43.44852,-70.77132,0.2894772653454048,Not LSOG,2
ME,2019-2023,815193804290487,43.55278,-70.78085,0.5638432296525292,Not LSOG,1
ME,2019-2023,815193805290487,43.43454,-70.90855,0.616899151780938,Not LSOG,3
ME,2019-2023,815193806290487,43.38441,-70.82266,0.18057822853306668,Not LSOG,0
ME,2019-2023,815193807290487,45.65564,-69.20027,0.23627134681094064,Not LSOG,1
ME,2019-2023,815193808290487,45.50394,-69.12245,0.25665733770473287,Not LSOG,2
ME,2019-2023,815193809290487,45.4405,-69.17912,0.2548705952953345,Not LSOG,3
ME,2019-2023,815193810290487,45.34165,-69.06317,0.5638432296525292,Not LSOG,1
ME,2019-2023,815193812290487,45.35268,-69.25647,0.18057822853306668,Not LSOG,0
ME,2019-2023,815193813290487,45.46056,-69.36021,0.2781616398280879,Not LSOG,3
ME,2019-2023,815193815290487,45.22289,-69.18417,0.6694711472295376,Not LSOG,3
ME,2019-2023,815193816290487,45.04617,-69.31529,0.25665733770473287,Not LSOG,2
ME,2019-2023,815193817290487,45.12585,-69.41477,0.5638432296525292,Not LSOG,1
ME,2019-2023,815193818290487,45.16927,-69.60281,0.590634963918016,Not LSOG,2
ME,2019-2023,815193819290487,45.08281,-69.51276,0.6169859589412369,Not LSOG,2
ME,2019-2023,815193821290487,46.16935,-67.932,0.18057822853306668,Not LSOG,0
ME,2019-2023,815193822290487,46.0832,-67.83225,0.21537891006925972,Not LSOG,2
ME,2019-2023,815193823290487,46.03186,-67.89262,0.37655136224865404,Transitioning LS,4
ME,2019-2023,815193825290487,45.95913,-67.9347,0.25665733770473287,Not LSOG,2
ME,2019-2023,815193826290487,46.06086,-68.05087,0.590634963918016,Not LSOG,2
ME,2019-2023,815193827290487,45.98684,-68.11332,0.6447355333707196,Not LSOG,2
ME,2019-2023,815193828290487,45.8103,-67.91465,0.2548705952953345,Not LSOG,3
ME,2019-2023,815193829290487,45.81148,-68.05434,0.21537891006925972,Not LSOG,2
ME,2019-2023,815193830290487,45.89737,-68.2305,0.18057822853306668,Not LSOG,0
ME,2019-2023,815193831290487,45.7686,-68.12481,0.21537891006925972,Not LSOG,2
ME,2019-2023,815193832290487,45.83514,-68.23147,0.590634963918016,Not LSOG,2
ME,2019-2023,815193833290487,45.78849,-68.30609,0.6447355333707196,Not LSOG,2
ME,2019-2023,815193836290487,44.25503,-69.05536,0.3244055053540762,Transitioning LS,4
ME,2019-2023,815193837290487,44.25435,-69.17886,0.18057822853306668,Not LSOG,0
ME,2019-2023,815193840290487,43.93421,-69.52369,0.19538794806972104,Transitioning LS,4
ME,2019-2023,815193841290487,44.93531,-67.86389,0.23458173694842877,Not LSOG,2
ME,2019-2023,815193844290487,46.40813,-67.91559,0.18057822853306668,Not LSOG,0
ME,2019-2023,815193845290487,46.34433,-67.97624,0.5638432296525292,Not LSOG,1
ME,2019-2023,815193846290487,46.29364,-68.02737,0.32448601524557913,Not LSOG,3
ME,2019-2023,815193847290487,46.10496,-68.04749,0.6694711472295376,Not LSOG,3
ME,2019-2023,815193848290487,46.24395,-68.29025,0.21537891006925972,Not LSOG,2
ME,2019-2023,815193849290487,46.1471,-68.29221,0.21537891006925972,Not LSOG,2
ME,2019-2023,815193850290487,45.80689,-67.86405,0.37655136224865404,Transitioning LS,4
ME,2019-2023,815193851290487,45.77639,-67.94911,0.18057822853306668,Not LSOG,0
ME,2019-2023,815193852290487,45.58088,-67.94371,0.2549403602718784,Not LSOG,2
ME,2019-2023,815193853290487,45.4952,-67.94738,0.1974009304781744,Not LSOG,1
ME,2019-2023,815193854290487,45.64871,-68.00503,0.5638432296525292,Not LSOG,1
ME,2019-2023,815193855290487,45.58788,-68.05439,0.21537891006925972,Not LSOG,2
ME,2019-2023,815193856290487,45.51395,-68.00372,0.3027939542100569,Not LSOG,2
ME,2019-2023,815193857290487,45.49619,-68.16922,0.4026596151397796,Transitioning LS,5
ME,2019-2023,815193858290487,44.84897,-68.30849,0.3027939542100569,Not LSOG,2
ME,2019-2023,815193859290487,44.60114,-68.17365,0.3008160045392108,Not LSOG,3
ME,2019-2023,815193861290487,44.77047,-68.36816,0.2988454372844079,Transitioning LS,4
ME,2019-2023,815193862290487,44.71128,-68.38831,0.5638432296525292,Not LSOG,1
ME,2019-2023,815193866290487,44.55682,-68.56394,0.25665733770473287,Not LSOG,2
ME,2019-2023,815193868290487,44.38316,-68.72828,0.2988454372844079,Transitioning LS,4
ME,2019-2023,815193869290487,44.36202,-68.72825,0.2782353995884367,Not LSOG,2
ME,2019-2023,815193871290487,44.65308,-69.23975,0.6447355333707196,Not LSOG,2
ME,2019-2023,815193872290487,44.58564,-69.28951,0.6299685665522238,Not LSOG,2
ME,2019-2023,815193873290487,44.50553,-69.3493,0.7162212459177082,Transitioning LS,4
ME,2019-2023,815193874290487,44.41869,-69.24734,0.3366427523696114,Transitioning LS,4
ME,2019-2023,815193875290487,44.34135,-69.32396,0.590634963918016,Not LSOG,2
ME,2019-2023,815193876290487,44.41436,-69.35835,0.23627134681094064,Not LSOG,1
ME,2019-2023,815193877290487,44.28742,-69.36135,0.5638432296525292,Not LSOG,1
ME,2019-2023,815193878290487,44.37395,-69.47544,0.21544099060697866,Not LSOG,1
ME,2019-2023,815193879290487,44.43012,-69.47414,0.23627134681094064,Not LSOG,1
ME,2019-2023,815193880290487,44.15095,-69.48331,0.21537891006925972,Not LSOG,2
ME,2019-2023,815193882290487,44.01747,-69.77947,0.7273267374807822,Transitioning LS,4
ME,2019-2023,815193885290487,43.88734,-69.86624,0.7675137245925412,LS,7
ME,2019-2023,815193886290487,43.79409,-69.75613,0.23458173694842877,Not LSOG,2
ME,2019-2023,815193887290487,43.82164,-69.95501,0.25665733770473287,Not LSOG,2
ME,2019-2023,815193888290487,46.62259,-68.24622,0.18057822853306668,Not LSOG,0
ME,2019-2023,815193889290487,45.76603,-68.36018,0.18057822853306668,Not LSOG,0
ME,2019-2023,815193890290487,45.58442,-68.29553,0.18057822853306668,Not LSOG,0
ME,2019-2023,815193891290487,45.64236,-68.40888,0.1974009304781744,Not LSOG,1
ME,2019-2023,815193892290487,45.56166,-68.47447,0.6447355333707196,Not LSOG,2
ME,2019-2023,815193893290487,45.48915,-68.53556,0.1974009304781744,Not LSOG,1
ME,2019-2023,815193894290487,45.4717,-68.43055,0.25665733770473287,Not LSOG,2
ME,2019-2023,815193895290487,45.47573,-68.36177,0.18057822853306668,Not LSOG,0
ME,2019-2023,815193896290487,45.33736,-68.4675,0.21537891006925972,Not LSOG,2
ME,2019-2023,815193897290487,45.30227,-68.6919,0.18057822853306668,Not LSOG,0
ME,2019-2023,815193898290487,45.34436,-68.6668,0.25665733770473287,Not LSOG,2
ME,2019-2023,815193900290487,45.19668,-68.60219,0.3008160045392108,Not LSOG,3
ME,2019-2023,815193901290487,45.41868,-68.59712,0.693303778831513,Transitioning LS,4
ME,2019-2023,815193902290487,45.39711,-67.8327,0.2548705952953345,Not LSOG,3
ME,2019-2023,815193903290487,45.33312,-67.88922,0.25665733770473287,Not LSOG,2
ME,2019-2023,815193904290487,44.13934,-68.89501,0.23627134681094064,Not LSOG,1
ME,2019-2023,815193906290487,45.56917,-67.46088,0.35105714576962044,Transitioning LS,4
ME,2019-2023,815193907290487,45.5069,-67.53064,0.21537891006925972,Not LSOG,2
ME,2019-2023,815193908290487,45.59233,-67.67321,0.18057822853306668,Not LSOG,0
ME,2019-2023,815193909290487,45.52174,-67.72622,0.18057822853306668,Not LSOG,0
ME,2019-2023,815193910290487,45.60851,-67.81293,0.6694711472295376,Not LSOG,3
ME,2019-2023,815193911290487,45.46384,-67.76938,0.21544099060697866,Not LSOG,1
ME,2019-2023,815193912290487,45.36257,-67.64327,0.2660250523939226,Transitioning LS,4
ME,2019-2023,815193913290487,45.31424,-67.70193,0.18057822853306668,Not LSOG,0
ME,2019-2023,815193914290487,47.00546,-69.41242,0.590634963918016,Not LSOG,2
ME,2019-2023,815193915290487,46.93098,-69.51695,0.6447355333707196,Not LSOG,2
ME,2019-2023,815193916290487,47.02888,-69.605950000000007,0.18057822853306668,Not LSOG,0
ME,2019-2023,815193917290487,46.96859,-69.67165,0.1974009304781744,Not LSOG,1
ME,2019-2023,815193918290487,46.8746,-69.74182,0.18057822853306668,Not LSOG,0
ME,2019-2023,815193919290487,46.78053,-69.58857,0.25665733770473287,Not LSOG,2
ME,2019-2023,815193920290487,46.72699,-69.66319,0.616899151780938,Not LSOG,3
ME,2019-2023,815193921290487,46.82538,-69.79444,0.18057822853306668,Not LSOG,0
ME,2019-2023,815193922290487,46.78218,-69.78201,0.1974009304781744,Not LSOG,1
ME,2019-2023,815193923290487,46.74375,-69.84495,0.23627134681094064,Not LSOG,1
ME,2019-2023,815193924290487,46.69208,-69.89413,0.1974009304781744,Not LSOG,1
ME,2019-2023,815193925290487,46.58974,-69.78296,0.18057822853306668,Not LSOG,0
ME,2019-2023,815193926290487,46.51897,-69.84215,0.37655136224865404,Transitioning LS,4
ME,2019-2023,815193927290487,46.59444,-69.95658,0.18057822853306668,Not LSOG,0
ME,2019-2023,815193928290487,46.37486,-69.97429,0.1974009304781744,Not LSOG,1
ME,2019-2023,815193929290487,46.31056,-70.02895,0.1974009304781744,Not LSOG,1
ME,2019-2023,815193930290487,47.1068,-69.22369,0.25665733770473287,Not LSOG,2
ME,2019-2023,815193931290487,44.10508,-69.67293,0.21537891006925972,Not LSOG,2
ME,2019-2023,815193932290487,44.00543,-69.57662,0.18057822853306668,Not LSOG,0
ME,2019-2023,815193933290487,43.9623,-69.68525,0.2875504275787495,Not LSOG,3
ME,2019-2023,815193934290487,45.35163,-68.07235,0.3008160045392108,Not LSOG,3
ME,2019-2023,815193936290487,45.16313,-67.82606,0.21537891006925972,Not LSOG,2
ME,2019-2023,815193937290487,45.06556,-67.83003,0.8069201957167621,LS,6
ME,2019-2023,815193938290487,45.18309,-68.0126,0.3244055053540762,Transitioning LS,4
ME,2019-2023,815193939290487,45.10949,-68.08691,0.18057822853306668,Not LSOG,0
ME,2019-2023,815193942290487,44.95342,-68.01004,0.23627134681094064,Not LSOG,1
ME,2019-2023,815193943290487,44.88527,-68.06323,0.18057822853306668,Not LSOG,0
ME,2019-2023,815193944290487,44.97953,-68.17885,0.18057822853306668,Not LSOG,0
ME,2019-2023,815193945290487,44.88843,-68.17065,0.3008160045392108,Not LSOG,3
ME,2019-2023,815193946290487,44.88615,-68.33486,0.3008160045392108,Not LSOG,3
ME,2019-2023,815193948290487,44.26219,-68.36063,0.2548705952953345,Not LSOG,3
ME,2019-2023,815193950290487,44.18557,-68.65713,0.18057822853306668,Not LSOG,0
ME,2019-2023,815193951290487,47.15186,-69.28231,0.25665733770473287,Not LSOG,2
ME,2019-2023,815193952290487,47.25792,-69.4058,0.21443223599220854,Not LSOG,2
ME,2019-2023,815193953290487,47.20067,-69.41991,0.1974009304781744,Not LSOG,1
ME,2019-2023,815193954290487,47.18405,-69.49099,0.6694711472295376,Not LSOG,3
ME,2019-2023,815193955290487,47.10146,-69.55954,0.32448601524557913,Not LSOG,3
ME,2019-2023,815193956290487,47.08706,-69.37077,0.1974009304781744,Not LSOG,1
ME,2019-2023,815193957290487,46.89983,-69.37224,0.18057822853306668,Not LSOG,0
ME,2019-2023,815193958290487,46.87484,-69.52416,0.590634963918016,Not LSOG,2
ME,2019-2023,815193959290487,46.63708,-69.43103,0.18057822853306668,Not LSOG,0
ME,2019-2023,815193960290487,46.63401,-69.5514,0.1974009304781744,Not LSOG,1
ME,2019-2023,815193961290487,47.23346,-68.62101,0.5638432296525292,Not LSOG,1
ME,2019-2023,815193962290487,47.21658,-68.67714,0.7162212459177082,Transitioning LS,4
ME,2019-2023,815193963290487,47.15056,-68.67043,0.7687207084879945,Transitioning LS,5
ME,2019-2023,815193964290487,47.08824,-68.77577,0.23627134681094064,Not LSOG,1
ME,2019-2023,815193965290487,47.17662,-68.87907,0.18057822853306668,Not LSOG,0
ME,2019-2023,815193966290487,47.01234,-68.82531,0.5638432296525292,Not LSOG,1
ME,2019-2023,815193967290487,47.09905,-68.94218,0.21537891006925972,Not LSOG,2
ME,2019-2023,815193968290487,46.87347,-69.17378,0.616899151780938,Not LSOG,3
ME,2019-2023,815193969290487,46.92364,-68.87102,0.3008160045392108,Not LSOG,3
ME,2019-2023,815193970290487,46.86641,-68.9498,0.18057822853306668,Not LSOG,0
ME,2019-2023,815193971290487,46.96744,-69.06041,0.1974009304781744,Not LSOG,1
ME,2019-2023,815193972290487,46.80065,-68.98962,0.7273267374807822,Transitioning LS,4
ME,2019-2023,815193973290487,46.89803,-69.11525,0.18057822853306668,Not LSOG,0
ME,2019-2023,815193974290487,46.60062,-69.19304,0.21537891006925972,Not LSOG,2
ME,2019-2023,815193975290487,44.38858,-70.81745,0.1974009304781744,Not LSOG,1
ME,2019-2023,815193976290487,44.23057,-70.89292,0.590634963918016,Not LSOG,2
ME,2019-2023,815193977290487,44.08611,-70.85819,0.18057822853306668,Not LSOG,0
ME,2019-2023,815193979290487,44.63828,-71.01475,0.5638432296525292,Not LSOG,1
ME,2019-2023,815193980290487,44.48103,-70.92898,0.6694711472295376,Not LSOG,3
ME,2019-2023,815193981290487,44.39169,-70.99557,0.45502845405120973,LS,7
ME,2019-2023,815193982290487,44.89943,-70.44213,0.5638432296525292,Not LSOG,1
ME,2019-2023,815193983290487,44.73232,-70.38177,0.3244055053540762,Transitioning LS,4
ME,2019-2023,815193984290487,44.65366,-70.42779,0.23627134681094064,Not LSOG,1
ME,2019-2023,815193985290487,44.93796,-70.28901,0.7398130914210179,Transitioning LS,4
ME,2019-2023,815193986290487,44.66086,-70.58341,0.642582583708017,Not LSOG,3
ME,2019-2023,815193987290487,44.46793,-70.61279,0.6913826175977362,Transitioning LS,4
ME,2019-2023,815193988290487,44.47677,-70.582,0.18057822853306668,Not LSOG,0
ME,2019-2023,815193989290487,44.59489,-70.6362,0.693303778831513,Transitioning LS,4
ME,2019-2023,815193991290487,44.45491,-70.75084,0.590634963918016,Not LSOG,2
ME,2019-2023,815193992290487,44.29575,-70.6983,0.6447355333707196,Not LSOG,2
ME,2019-2023,815193993290487,44.22419,-70.74315,0.7782695934252377,LS,6
ME,2019-2023,815193994290487,46.46247,-68.82858,0.7278440906433652,Transitioning LS,5
ME,2019-2023,815193995290487,46.3351,-69.00406,0.23458173694842877,Not LSOG,2
ME,2019-2023,815193996290487,46.49125,-69.06277,0.32448601524557913,Not LSOG,3
ME,2019-2023,815193997290487,46.426177,-69.112341,0.590634963918016,Not LSOG,2
ME,2019-2023,815193998290487,46.37607,-69.18813,0.1974009304781744,Not LSOG,1
ME,2019-2023,815193999290487,46.19627,-69.1305,0.23458173694842877,Not LSOG,2
ME,2019-2023,815194000290487,46.13199,-69.18858,0.3236677862783775,LS,6
ME,2019-2023,815194002290487,46.14926,-69.3711,0.2781616398280879,Not LSOG,3
ME,2019-2023,815194003290487,45.9822,-69.28377,0.18057822853306668,Not LSOG,0
ME,2019-2023,815194004290487,45.38515,-70.79489,0.34900515581462815,Transitioning LS,4
ME,2019-2023,815194005290487,45.2364,-70.71722,0.25665733770473287,Not LSOG,2
ME,2019-2023,815194007290487,45.22474,-70.86291,0.18057822853306668,Not LSOG,0
ME,2019-2023,815194008290487,45.1709,-70.96003,0.18057822853306668,Not LSOG,0
ME,2019-2023,815194009290487,44.95568,-70.92449,0.590634963918016,Not LSOG,2
ME,2019-2023,815194010290487,45.02067,-70.89772,0.6674723002111448,Not LSOG,3
ME,2019-2023,815194011290487,45.35583,-69.82731,0.616899151780938,Not LSOG,3
ME,2019-2023,815194012290487,45.26829,-69.88812,0.73807320134511,Transitioning LS,4
ME,2019-2023,815194013290487,45.38873,-70.01822,0.3008160045392108,Not LSOG,3
ME,2019-2023,815194014290487,45.22044,-70.1281,0.2781616398280879,Not LSOG,3
ME,2019-2023,815194015290487,45.11926,-70.05874,0.18057822853306668,Not LSOG,0
ME,2019-2023,815194016290487,45.07013,-70.05548,0.1974009304781744,Not LSOG,1
ME,2019-2023,815194018290487,44.91802,-70.17949,0.5638432296525292,Not LSOG,1
ME,2019-2023,815194019290487,44.86262,-70.23585,0.6674723002111448,Not LSOG,3
ME,2019-2023,815194020290487,45.00063,-70.25219,0.23627134681094064,Not LSOG,1
ME,2019-2023,815194021290487,45.67552,-69.95959,0.5638432296525292,Not LSOG,1
ME,2019-2023,815194022290487,45.62857,-70.0859,0.18057822853306668,Not LSOG,0
ME,2019-2023,815194023290487,45.70653,-70.14033,0.693303778831513,Transitioning LS,4
ME,2019-2023,815194024290487,45.53456,-70.07727,0.18057822853306668,Not LSOG,0
ME,2019-2023,815194025290487,45.62525,-70.19295,0.21537891006925972,Not LSOG,2
ME,2019-2023,815194026290487,45.52209,-70.14058,0.1974009304781744,Not LSOG,1
ME,2019-2023,815194027290487,45.44679,-70.13664,0.5638432296525292,Not LSOG,1
ME,2019-2023,815194028290487,45.49652,-70.29904,0.25665733770473287,Not LSOG,2
ME,2019-2023,815194029290487,45.32233,-70.24531,0.1974009304781744,Not LSOG,1
ME,2019-2023,815194030290487,45.41597,-70.36548,0.18057822853306668,Not LSOG,0
ME,2019-2023,815194031290487,45.34949,-70.42918,0.18057822853306668,Not LSOG,0
ME,2019-2023,815194032290487,45.25738,-70.30149,0.5638432296525292,Not LSOG,1
ME,2019-2023,815194033290487,45.16772,-70.36736,0.276354286363825,Not LSOG,3
ME,2019-2023,815194034290487,45.27747,-70.48239,0.3244055053540762,Transitioning LS,4
ME,2019-2023,815194035290487,45.91902,-69.3661,0.25665733770473287,Not LSOG,2
ME,2019-2023,815194036290487,46.00313,-69.48562,0.21537891006925972,Not LSOG,2
ME,2019-2023,815194037290487,45.91909,-69.60143,0.3027939542100569,Not LSOG,2
ME,2019-2023,815194038290487,45.75995,-69.4782,0.6694711472295376,Not LSOG,3
ME,2019-2023,815194039290487,45.71953,-69.55833,0.23458173694842877,Not LSOG,2
ME,2019-2023,815194040290487,45.86349,-69.6054,0.18057822853306668,Not LSOG,0
ME,2019-2023,815194042290487,45.562188,-69.652199,0.1974009304781744,Not LSOG,1
ME,2019-2023,815194043290487,45.47747,-69.73288,0.23627134681094064,Not LSOG,1
ME,2019-2023,815194044290487,45.65119,-69.78176,0.23627134681094064,Not LSOG,1
ME,2019-2023,815194045290487,45.61056,-69.90698,0.23627134681094064,Not LSOG,1
ME,2019-2023,815194046290487,45.55099,-69.91976,0.18057822853306668,Not LSOG,0
ME,2019-2023,815194047290487,47.23492,-68.20173,0.18057822853306668,Not LSOG,0
ME,2019-2023,815194051290487,46.35291,-70.1412,0.1974009304781744,Not LSOG,1
ME,2019-2023,815194052290487,46.16865,-70.15814,0.616899151780938,Not LSOG,3
ME,2019-2023,815194053290487,46.09996,-70.20828,0.18057822853306668,Not LSOG,0
ME,2019-2023,815194054290487,45.5486,-70.67893,0.590634963918016,Not LSOG,2
ME,2019-2023,815194055290487,45.247,-70.89851,0.25665733770473287,Not LSOG,2
ME,2019-2023,815194056290487,45.27083,-71.0704,0.73807320134511,Transitioning LS,4
ME,2019-2023,815194057290487,45.10223,-70.89046,0.21544099060697866,Not LSOG,1
ME,2019-2023,815194059290487,44.20205,-70.57012,0.738002184027737,Transitioning LS,5
ME,2019-2023,815194060290487,44.11625,-70.45419,0.18057822853306668,Not LSOG,0
ME,2019-2023,815194061290487,44.04399,-70.5022,0.616899151780938,Not LSOG,3
ME,2019-2023,815194062290487,44.13594,-70.63154,0.18057822853306668,Not LSOG,0
ME,2019-2023,815194064290487,44.00587,-70.75016,0.23458173694842877,Not LSOG,2
ME,2019-2023,815194066290487,43.83063,-70.68399,0.6447355333707196,Not LSOG,2
ME,2019-2023,815194067290487,43.91799,-70.79347,0.1974009304781744,Not LSOG,1
ME,2019-2023,815194068290487,43.85565,-70.84398,0.1974009304781744,Not LSOG,1
ME,2019-2023,815194069290487,43.94175,-70.97164,0.7664452890535361,OG,8
ME,2019-2023,815194071290487,43.76854,-70.88403,0.21537891006925972,Not LSOG,2
ME,2019-2023,815194072290487,43.6134,-70.84222,0.18057822853306668,Not LSOG,0
ME,2019-2023,815194073290487,44.9137,-69.41447,0.5638432296525292,Not LSOG,1
ME,2019-2023,815194074290487,44.8437,-69.46135,0.25665733770473287,Not LSOG,2
ME,2019-2023,815194075290487,44.67838,-69.768,0.23458173694842877,Not LSOG,2
ME,2019-2023,815194077290487,44.74299,-69.59742,0.23458173694842877,Not LSOG,2
ME,2019-2023,815194078290487,44.81926,-69.77184,0.1974009304781744,Not LSOG,1
ME,2019-2023,815194079290487,44.81542,-69.20432,0.23458173694842877,Not LSOG,2
ME,2019-2023,815194081290487,44.56212,-69.89976,0.5638432296525292,Not LSOG,1
ME,2019-2023,815194082290487,44.40572,-69.83701,0.18057822853306668,Not LSOG,0
ME,2019-2023,815194084290487,44.60504,-70.06755,0.18057822853306668,Not LSOG,0
ME,2019-2023,815194085290487,46.53807,-68.04596,0.21537891006925972,Not LSOG,2
ME,2019-2023,815194086290487,46.59354,-68.15407,0.18057822853306668,Not LSOG,0
ME,2019-2023,815194087290487,46.54278,-68.22496,0.18787094235258386,Not LSOG,2
ME,2019-2023,815194088290487,46.47289,-68.2901,0.21544099060697866,Not LSOG,1
ME,2019-2023,815194089290487,46.37275,-68.155,0.18057822853306668,Not LSOG,0
ME,2019-2023,815194090290487,46.30583,-68.23269,0.18057822853306668,Not LSOG,0
ME,2019-2023,815194091290487,46.49779,-68.45194,0.18057822853306668,Not LSOG,0
ME,2019-2023,815194092290487,46.33496,-68.3894,0.1974009304781744,Not LSOG,1
ME,2019-2023,815194093290487,46.25548,-68.44746,0.32448601524557913,Not LSOG,3
ME,2019-2023,815194094290487,46.16732,-68.34451,0.18057822853306668,Not LSOG,0
ME,2019-2023,815194095290487,46.1012,-68.41203,0.18057822853306668,Not LSOG,0
ME,2019-2023,815194096290487,46.29189,-68.52986,0.2781616398280879,Not LSOG,3
ME,2019-2023,815194098290487,45.02399,-67.95408,0.2782353995884367,Not LSOG,2
ME,2019-2023,815194099290487,44.84582,-67.82643,0.18057822853306668,Not LSOG,0
ME,2019-2023,815194100290487,44.77755,-67.94292,0.18057822853306668,Not LSOG,0
ME,2019-2023,815194101290487,44.62313,-67.8714,0.6447355333707196,Not LSOG,2
ME,2019-2023,815194102290487,44.70874,-68.01579,0.34900515581462815,Transitioning LS,4
ME,2019-2023,815194103290487,44.81561,-68.1299,0.18057822853306668,Not LSOG,0
ME,2019-2023,815194104290487,44.67754,-68.01929,0.2249364003630322,Not LSOG,1
ME,2019-2023,815194105290487,44.67378,-68.06017,0.18057822853306668,Not LSOG,0
ME,2019-2023,815194106290487,44.58913,-68.12885,0.693303778831513,Transitioning LS,4
ME,2019-2023,815194107290487,44.42277,-67.97793,0.6674723002111448,Not LSOG,3
ME,2019-2023,815194108290487,44.44929,-68.06583,0.276354286363825,Not LSOG,3
ME,2019-2023,815194109290487,44.49382,-68.17986,0.23627134681094064,Not LSOG,1
ME,2019-2023,815194111290487,44.36498,-68.27719,0.6447355333707196,Not LSOG,2
ME,2019-2023,815194112290487,44.74723,-67.60508,0.18057822853306668,Not LSOG,0
ME,2019-2023,815194114290487,44.76248,-67.76985,0.1974009304781744,Not LSOG,1
ME,2019-2023,815194115290487,44.61348,-67.73141,0.2549403602718784,Not LSOG,2
ME,2019-2023,815194119290487,44.54919,-69.68736,0.7587418963588353,Transitioning LS,5
ME,2019-2023,815194120290487,46.71263,-69.73093,0.34900515581462815,Transitioning LS,4
ME,2019-2023,815194121290487,46.47408,-69.68995,0.23627134681094064,Not LSOG,1
ME,2019-2023,815194122290487,46.41949,-69.7294,0.21537891006925972,Not LSOG,2
ME,2019-2023,815194123290487,46.51946,-69.75325,0.21537891006925972,Not LSOG,2
ME,2019-2023,815194124290487,46.45415,-69.89936,0.21537891006925972,Not LSOG,2
ME,2019-2023,815194125290487,46.21954,-69.90528,0.37435030153963456,Transitioning LS,5
ME,2019-2023,815194126290487,46.20442,-70.04342,0.18057822853306668,Not LSOG,0
ME,2019-2023,815194127290487,46.05916,-70.15373,0.18057822853306668,Not LSOG,0
ME,2019-2023,815194128290487,46.01636,-70.07351,0.18057822853306668,Not LSOG,0
ME,2019-2023,815194129290487,45.20287,-70.53073,0.18057822853306668,Not LSOG,0
ME,2019-2023,815194130290487,43.70696,-70.95034,0.25665733770473287,Not LSOG,2
ME,2019-2023,815194131290487,43.47697,-70.94929,0.5638432296525292,Not LSOG,1
ME,2019-2023,815194132290487,45.31461,-69.48197,0.7247898674183201,LS,7
ME,2019-2023,815194133290487,45.40439,-69.59879,0.2548705952953345,Not LSOG,3
ME,2019-2023,815194134290487,45.33047,-69.65069,0.1974009304781744,Not LSOG,1
ME,2019-2023,815194135290487,45.44465,-69.77073,0.3244055053540762,Transitioning LS,4
ME,2019-2023,815194137290487,45.25802,-69.54191,0.21544099060697866,Not LSOG,1
ME,2019-2023,815194138290487,45.10123,-69.67181,0.23627134681094064,Not LSOG,1
ME,2019-2023,815194139290487,45.19763,-69.77409,0.21537891006925972,Not LSOG,2
ME,2019-2023,815194140290487,45.20071,-69.99047,0.6694711472295376,Not LSOG,3
ME,2019-2023,815194141290487,45.10391,-69.78323,0.23458173694842877,Not LSOG,2
ME,2019-2023,815194142290487,45.05868,-69.89531,0.6913826175977362,Transitioning LS,4
ME,2019-2023,815194143290487,44.95748,-69.7863,0.5638432296525292,Not LSOG,1
ME,2019-2023,815194144290487,44.88604,-69.84748,0.361673582814346,Transitioning LS,4
ME,2019-2023,815194145290487,44.96857,-69.96382,0.18057822853306668,Not LSOG,0
ME,2019-2023,815194146290487,44.90254,-70.00613,0.6694711472295376,Not LSOG,3
ME,2019-2023,815194147290487,44.76995,-70.12412,0.5638432296525292,Not LSOG,1
ME,2019-2023,815194148290487,44.68216,-70.00369,0.616899151780938,Not LSOG,3
ME,2019-2023,815194149290487,46.04648,-68.64799,0.18057822853306668,Not LSOG,0
ME,2019-2023,815194150290487,45.8918,-68.471190000000007,0.25665733770473287,Not LSOG,2
ME,2019-2023,815194151290487,46.07963,-68.7074,0.18057822853306668,Not LSOG,0
ME,2019-2023,815194152290487,45.91934,-68.77496,0.1974009304781744,Not LSOG,1
ME,2019-2023,815194153290487,45.84244,-68.83069,0.6673907669706552,Transitioning LS,4
ME,2019-2023,815194154290487,45.67741,-68.79268,0.5638432296525292,Not LSOG,1
ME,2019-2023,815194155290487,45.78417,-68.87182,0.1974009304781744,Not LSOG,1
ME,2019-2023,815194156290487,45.86066,-68.99909,0.738002184027737,Transitioning LS,5
ME,2019-2023,815194158290487,45.64419,-69.01489,0.3027939542100569,Not LSOG,2
ME,2019-2023,815194159290487,45.52978,-68.90698,0.18057822853306668,Not LSOG,0
ME,2019-2023,815194160290487,45.4784,-68.94108,0.21537891006925972,Not LSOG,2
ME,2019-2023,815194161290487,44.40391,-69.64359,0.25665733770473287,Not LSOG,2
ME,2019-2023,815194162290487,44.18629,-69.70045,0.590634963918016,Not LSOG,2
ME,2019-2023,815194163290487,44.34659,-69.86672,0.590634963918016,Not LSOG,2
ME,2019-2023,815194164290487,44.2618,-69.74883,0.3244055053540762,Transitioning LS,4
ME,2019-2023,815194166290487,44.13616,-70.04978,0.5638432296525292,Not LSOG,1
ME,2019-2023,815194168290487,46.00589,-68.25835,0.21544099060697866,Not LSOG,1
ME,2019-2023,815194169290487,46.14435,-68.46919,0.2782353995884367,Not LSOG,2
ME,2019-2023,815194170290487,45.93098,-68.35057,0.18057822853306668,Not LSOG,0
ME,2019-2023,815194171290487,45.80993,-68.48859,0.1974009304781744,Not LSOG,1
ME,2019-2023,815194172290487,45.82489,-68.6502,0.1974009304781744,Not LSOG,1
ME,2019-2023,815194173290487,45.66467,-68.58997,0.2781616398280879,Not LSOG,3
ME,2019-2023,815194174290487,45.13566,-70.60831,0.21537891006925972,Not LSOG,2
ME,2019-2023,815194175290487,45.04228,-70.4842,0.18057822853306668,Not LSOG,0
ME,2019-2023,815194176290487,44.99088,-70.5293,0.21537891006925972,Not LSOG,2
ME,2019-2023,815194177290487,45.07772,-70.63766,0.23627134681094064,Not LSOG,1
ME,2019-2023,815194180290487,44.82749,-70.65311,0.21544099060697866,Not LSOG,1
ME,2019-2023,815194181290487,44.77129,-70.72633,0.21537891006925972,Not LSOG,2
ME,2019-2023,815194182290487,44.8422,-70.82734,0.6694711472295376,Not LSOG,3
ME,2019-2023,815194183290487,44.69465,-70.754,0.5638432296525292,Not LSOG,1
ME,2019-2023,815194184290487,44.7829,-70.87983,0.5638432296525292,Not LSOG,1
ME,2019-2023,815194185290487,44.72983,-70.9618,0.5638432296525292,Not LSOG,1
ME,2019-2023,815194186290487,44.639772,-70.798044,0.18057822853306668,Not LSOG,0
ME,2019-2023,815194187290487,44.62615,-70.79229,0.590634963918016,Not LSOG,2
ME,2019-2023,815194188290487,46.78664,-69.0707,0.5638432296525292,Not LSOG,1
ME,2019-2023,815194189290487,46.7382,-69.05691,0.18057822853306668,Not LSOG,0
ME,2019-2023,815194190290487,46.66552,-69.12901,0.18787094235258386,Not LSOG,2
ME,2019-2023,815194191290487,46.73985,-69.25431,0.5638432296525292,Not LSOG,1
ME,2019-2023,815194192290487,46.825,-69.20606,0.1974009304781744,Not LSOG,1
ME,2019-2023,815194193290487,46.68568,-69.19619,0.18057822853306668,Not LSOG,0
ME,2019-2023,815194194290487,46.61803,-69.38292,0.2781616398280879,Not LSOG,3
ME,2019-2023,815194195290487,46.51894,-69.25612,0.1974009304781744,Not LSOG,1
ME,2019-2023,815194196290487,46.43728,-69.31529,0.35105714576962044,Transitioning LS,4
ME,2019-2023,815194197290487,46.48735,-69.30774,0.1974009304781744,Not LSOG,1
ME,2019-2023,815194199290487,46.45796,-69.48763,0.590634963918016,Not LSOG,2
ME,2019-2023,815194200290487,46.39973,-69.55259,0.6694711472295376,Not LSOG,3
ME,2019-2023,815194201290487,46.35978,-69.43418,0.21537891006925972,Not LSOG,2
ME,2019-2023,815194202290487,46.31719,-69.4512,0.5638432296525292,Not LSOG,1
ME,2019-2023,815194203290487,46.24404,-69.48514,0.590634963918016,Not LSOG,2
ME,2019-2023,815194204290487,47.00134,-68.42241,0.3125751083612596,Not LSOG,3
ME,2019-2023,815194205290487,47.05489,-68.56999,0.25665733770473287,Not LSOG,2
ME,2019-2023,815194207290487,44.70298,-70.19287,0.18057822853306668,Not LSOG,0
ME,2019-2023,815194208290487,44.79778,-70.29284,0.6447355333707196,Not LSOG,2
ME,2019-2023,815194210290487,44.61679,-70.23551,0.7162212459177082,Transitioning LS,4
ME,2019-2023,815194211290487,44.53319,-70.1158,0.6694711472295376,Not LSOG,3
ME,2019-2023,815194212290487,44.46806,-70.16707,0.18057822853306668,Not LSOG,0
ME,2019-2023,815194213290487,44.55496,-70.29531,0.18057822853306668,Not LSOG,0
ME,2019-2023,815194215290487,44.59419,-70.46506,0.23627134681094064,Not LSOG,1
ME,2019-2023,815194218290487,44.2593,-70.34807,0.25665733770473287,Not LSOG,2
ME,2019-2023,815194219290487,44.34758,-70.46252,0.693303778831513,Transitioning LS,4
ME,2019-2023,815194220290487,44.27354,-70.50647,0.18787094235258386,Not LSOG,2
ME,2019-2023,815194221290487,46.52404,-68.64894,0.2549403602718784,Not LSOG,2
ME,2019-2023,815194222290487,46.42791,-68.52012,0.36029456342198013,Transitioning LS,5
ME,2019-2023,815194223290487,46.3634,-68.58336,0.24340755422348045,Transitioning LS,4
ME,2019-2023,815194225290487,46.37317,-68.73843,0.5638432296525292,Not LSOG,1
ME,2019-2023,815194226290487,46.39964,-68.8251,0.18057822853306668,Not LSOG,0
ME,2019-2023,815194227290487,46.35337,-68.71664,0.18057822853306668,Not LSOG,0
ME,2019-2023,815194228290487,46.22057,-68.82897,0.21544099060697866,Not LSOG,1
ME,2019-2023,815194229290487,46.2172,-68.70346,0.35114083218079845,Not LSOG,3
ME,2019-2023,815194230290487,46.24183,-68.91558,0.590634963918016,Not LSOG,2
ME,2019-2023,815194232290487,46.0366,-69.0669,0.1974009304781744,Not LSOG,1
ME,2019-2023,815194233290487,45.96094,-69.11843,0.1974009304781744,Not LSOG,1
ME,2019-2023,815194234290487,46.0636,-69.13332,0.2548705952953345,Not LSOG,3
ME,2019-2023,815194237290487,46.88527,-67.89302,0.37435030153963456,Transitioning LS,5
ME,2019-2023,815194238290487,46.72752,-67.85288,0.1974009304781744,Not LSOG,1
ME,2019-2023,815194241290487,46.74704,-68.03724,0.2781616398280879,Not LSOG,3
ME,2019-2023,815194242290487,46.6667,-68.07925,0.21544099060697866,Not LSOG,1
ME,2019-2023,815194243290487,46.59922,-67.97949,0.23458173694842877,Not LSOG,2
ME,2019-2023,815194244290487,45.42108,-68.00254,0.6673907669706552,Transitioning LS,4
ME,2019-2023,815194245290487,45.29917,-68.18602,0.18057822853306668,Not LSOG,0
ME,2019-2023,815194246290487,45.37527,-68.24373,0.25665733770473287,Not LSOG,2
ME,2019-2023,815194247290487,45.28582,-68.30992,0.1974009304781744,Not LSOG,1
ME,2019-2023,815194248290487,45.14309,-68.25354,0.18057822853306668,Not LSOG,0
ME,2019-2023,815194249290487,45.0809,-68.30137,0.1974009304781744,Not LSOG,1
ME,2019-2023,815194250290487,45.1686,-68.43557,0.23627134681094064,Not LSOG,1
ME,2019-2023,815194251290487,45.09678,-68.35926,0.21537891006925972,Not LSOG,2
ME,2019-2023,815194252290487,45.14678,-68.47619,0.23627134681094064,Not LSOG,1
ME,2019-2023,815194253290487,44.94271,-68.41474,0.23627134681094064,Not LSOG,1
ME,2019-2023,815194254290487,44.766,-68.47225,0.3244055053540762,Transitioning LS,4
ME,2019-2023,815194256290487,46.82367,-68.57526,0.18057822853306668,Not LSOG,0
ME,2019-2023,815194257290487,46.84341,-68.64378,0.21537891006925972,Not LSOG,2
ME,2019-2023,815194258290487,46.84306,-68.75993,0.7981567864823539,LS,6
ME,2019-2023,815194259290487,46.68018,-68.82072,0.21537891006925972,Not LSOG,2
ME,2019-2023,815194260290487,46.59323,-68.73746,0.6447355333707196,Not LSOG,2
ME,2019-2023,815194261290487,46.54356,-68.82993,0.18057822853306668,Not LSOG,0
ME,2019-2023,815194262290487,46.62201,-68.9557,0.3008160045392108,Not LSOG,3
ME,2019-2023,815194263290487,45.91709,-69.25078,0.1974009304781744,Not LSOG,1
ME,2019-2023,815194265290487,45.72676,-69.12005,0.2782353995884367,Not LSOG,2
ME,2019-2023,815194266290487,45.82487,-69.24891,0.2781616398280879,Not LSOG,3
ME,2019-2023,815194267290487,45.73422,-69.29456,0.37435030153963456,Transitioning LS,5
ME,2019-2023,815194268290487,45.6776,-69.36356,0.1974009304781744,Not LSOG,1
ME,2019-2023,815194269290487,45.58584,-69.27901,0.1974009304781744,Not LSOG,1
ME,2019-2023,815194270290487,45.45222,-69.24951,0.21537891006925972,Not LSOG,2
ME,2019-2023,815194271290487,45.59851,-69.43363,0.21537891006925972,Not LSOG,2
ME,2019-2023,815194272290487,45.53722,-69.48724,0.3264661390804402,Not LSOG,3
ME,2019-2023,815194273290487,45.6455,-69.5902,0.1974009304781744,Not LSOG,1
ME,2019-2023,815194274290487,45.517997,-69.423396,0.25665733770473287,Not LSOG,2
ME,2019-2023,815194275290487,45.47739,-69.54837,0.2782353995884367,Not LSOG,2
ME,2019-2023,815194276290487,45.37595,-69.41599,0.25665733770473287,Not LSOG,2
ME,2019-2023,815194278290487,47.18255,-67.95617,0.5638432296525292,Not LSOG,1
ME,2019-2023,815194279290487,47.05234,-67.97121,0.3027939542100569,Not LSOG,2
ME,2019-2023,815194280290487,46.97932,-68.02883,0.18057822853306668,Not LSOG,0
ME,2019-2023,815194281290487,47.10798,-68.1936,0.18057822853306668,Not LSOG,0
ME,2019-2023,815194282290487,47.06028,-68.20839,0.18057822853306668,Not LSOG,0
ME,2019-2023,815194283290487,43.92456,-70.21211,0.18057822853306668,Not LSOG,0
ME,2019-2023,815194287290487,43.71857,-70.35052,0.1974009304781744,Not LSOG,1
ME,2019-2023,815194289290487,43.49869,-70.54525,0.2782353995884367,Not LSOG,2
ME,2019-2023,815194290290487,43.45533,-70.41127,0.6674723002111448,Not LSOG,3
ME,2019-2023,815194291290487,45.13766,-68.63663,0.1974009304781744,Not LSOG,1
ME,2019-2023,815194292290487,45.24382,-68.70902,0.1974009304781744,Not LSOG,1
ME,2019-2023,815194293290487,45.12165,-68.7974,0.23627134681094064,Not LSOG,1
ME,2019-2023,815194294290487,45.60115,-68.63017,0.18057822853306668,Not LSOG,0
ME,2019-2023,815194295290487,47.42745,-69.05597,0.23458173694842877,Not LSOG,2
ME,2019-2023,815194296290487,47.34995,-69.1371,0.18057822853306668,Not LSOG,0
ME,2019-2023,815194297290487,47.37733,-69.297,0.18057822853306668,Not LSOG,0
ME,2019-2023,815194298290487,47.31942,-69.36667,0.1974009304781744,Not LSOG,1
ME,2019-2023,815194299290487,47.26766,-69.23898,0.1974009304781744,Not LSOG,1
ME,2019-2023,815194300290487,46.0298,-70.25731,0.1974009304781744,Not LSOG,1
ME,2019-2023,815194301290487,47.1103,-68.33508,0.1974009304781744,Not LSOG,1
ME,2019-2023,815194302290487,46.93605,-68.27647,0.21537891006925972,Not LSOG,2
ME,2019-2023,815194304290487,46.76767,-68.2054,0.18057822853306668,Not LSOG,0
ME,2019-2023,815194305290487,46.84535,-68.31495,0.23627134681094064,Not LSOG,1
ME,2019-2023,815194306290487,46.79271,-68.39428,0.1974009304781744,Not LSOG,1
ME,2019-2023,815194307290487,46.89124,-68.49569,0.2988454372844079,Transitioning LS,4
ME,2019-2023,815194308290487,46.77242,-68.33395,0.2988454372844079,Transitioning LS,4
ME,2019-2023,815194309290487,46.7272,-68.44038,0.2548705952953345,Not LSOG,3
ME,2019-2023,815194310290487,46.63576,-68.34013,0.18057822853306668,Not LSOG,0
ME,2019-2023,815194311290487,46.57236,-68.39185,0.590634963918016,Not LSOG,2
ME,2019-2023,815194312290487,46.6605,-68.52058,0.1974009304781744,Not LSOG,1
ME,2019-2023,815194313290487,46.59455,-68.58606,0.18057822853306668,Not LSOG,0
ME,2019-2023,815194314290487,46.59194,-68.69419,0.616899151780938,Not LSOG,3
ME,2019-2023,815194315290487,45.13788,-68.82043,0.34900515581462815,Transitioning LS,4
ME,2019-2023,815194317290487,44.9412,-68.89924,0.3008160045392108,Not LSOG,3
ME,2019-2023,815194318290487,45.07087,-68.88458,0.23627134681094064,Not LSOG,1
ME,2019-2023,815194319290487,45.91735,-68.83478,0.18057822853306668,Not LSOG,0
ME,2019-2023,815194320290487,45.01335,-68.9457,0.8153262436644738,LS,6
ME,2019-2023,815194321290487,44.94243,-68.98358,0.18057822853306668,Not LSOG,0
ME,2019-2023,815194322290487,44.84003,-68.88485,0.1974009304781744,Not LSOG,1
ME,2019-2023,815194323290487,44.87251,-69.06347,0.21544099060697866,Not LSOG,1
ME,2019-2023,815194324290487,44.80258,-69.10244,0.25665733770473287,Not LSOG,2
ME,2019-2023,815194325290487,44.74032,-69.19381,0.26426768634382936,Transitioning LS,4
ME,2019-2023,815194326290487,44.63751,-69.07407,0.3317977058136994,LS,7
ME,2019-2023,815194329290487,45.37732,-68.83904,0.23627134681094064,Not LSOG,1
ME,2019-2023,815194330290487,45.40763,-69.00947,0.23458173694842877,Not LSOG,2
ME,2019-2023,815194332290487,45.18604,-69.20143,0.3008160045392108,Not LSOG,3
ME,2019-2023,815194333290487,45.03232,-69.10536,0.34900515581462815,Transitioning LS,4
ME,2019-2023,815194334290487,45.03706,-68.53112,0.3264661390804402,Not LSOG,3
ME,2019-2023,815194335290487,44.95854,-68.59116,0.34900515581462815,Transitioning LS,4
ME,2019-2023,815194336290487,45.86111,-70.19748,0.1974009304781744,Not LSOG,1
ME,2019-2023,815194337290487,45.79445,-70.26994,0.1974009304781744,Not LSOG,1
ME,2019-2023,815194338290487,45.65353,-70.37219,0.25665733770473287,Not LSOG,2
ME,2019-2023,815194340290487,45.60552,-70.61666,0.23458173694842877,Not LSOG,2
ME,2019-2023,815194341290487,45.44331,-70.55199,0.616899151780938,Not LSOG,3
ME,2019-2023,815194342290487,45.36848,-70.61429,0.25665733770473287,Not LSOG,2
ME,2019-2023,815194343290487,47.29572,-69.16621,0.21544099060697866,Not LSOG,1
ME,2019-2023,815194344290487,47.11884,-69.11439,0.1974009304781744,Not LSOG,1
ME,2019-2023,815194345290487,46.32801,-69.61896,0.6557719132948628,Transitioning LS,4
ME,2019-2023,815194346290487,46.18279,-69.54024,0.21537891006925972,Not LSOG,2
ME,2019-2023,815194347290487,43.2187,-70.76324,0.2988454372844079,Transitioning LS,4
ME,2019-2023,815194348290487,45.36971,-67.44848,0.21537891006925972,Not LSOG,2
ME,2019-2023,815194349290487,45.4356,-67.58911,0.18057822853306668,Not LSOG,0
ME,2019-2023,815194350290487,45.32893,-67.52018,0.2549403602718784,Not LSOG,2
ME,2019-2023,815194351290487,45.20875,-67.59627,0.37435030153963456,Transitioning LS,5
ME,2019-2023,815194352290487,45.11389,-67.46582,0.21537891006925972,Not LSOG,2
ME,2019-2023,815194353290487,45.05163,-67.53371,0.2781616398280879,Not LSOG,3
ME,2019-2023,815194354290487,45.14426,-67.64548,0.23627134681094064,Not LSOG,1
ME,2019-2023,815194355290487,45.22755,-67.7667,0.23627134681094064,Not LSOG,1
ME,2019-2023,815194356290487,45.0835,-67.66224,0.18057822853306668,Not LSOG,0
ME,2019-2023,815194357290487,45.07591,-67.71462,0.23627134681094064,Not LSOG,1
ME,2019-2023,815194358290487,45.02067,-67.76433,0.21537891006925972,Not LSOG,2
ME,2019-2023,815194359290487,44.88004,-67.71755,0.21537891006925972,Not LSOG,2
ME,2019-2023,815194360290487,44.84651,-67.73727,0.18057822853306668,Not LSOG,0
ME,2019-2023,815194361290487,44.89167,-68.65645,0.4107508461154143,OG,8
ME,2019-2023,815194362290487,44.72067,-68.60921,0.6447355333707196,Not LSOG,2
ME,2019-2023,815194364290487,44.7524,-68.77365,0.3455223871057427,LS,6
ME,2019-2023,815194365290487,44.57134,-68.65054,0.25665733770473287,Not LSOG,2
ME,2019-2023,815194366290487,44.68744,-68.83631,0.24514037403155062,Not LSOG,3
ME,2019-2023,815194367290487,44.51899,-68.77511,0.1974009304781744,Not LSOG,1
ME,2019-2023,815194368290487,44.28651,-68.90406,0.1974009304781744,Not LSOG,1
ME,2019-2023,815194369290487,44.48408,-69.00471,0.2782353995884367,Not LSOG,2
ME,2019-2023,815194370290487,44.6605,-67.31094,0.21537891006925972,Not LSOG,2
ME,2019-2023,815194371290487,45.0586,-67.12902,0.23458173694842877,Not LSOG,2
ME,2019-2023,815194373290487,44.99659,-67.18532,0.18057822853306668,Not LSOG,0
ME,2019-2023,815194374290487,44.9254,-67.23151,0.3008160045392108,Not LSOG,3
ME,2019-2023,815194375290487,44.84055,-67.09418,0.276354286363825,Not LSOG,3
ME,2019-2023,815194376290487,44.74281,-67.13273,0.18057822853306668,Not LSOG,0
ME,2019-2023,815194377290487,44.7021,-67.25997,0.23458173694842877,Not LSOG,2
ME,2019-2023,815194379290487,44.65136,-67.48621,0.18057822853306668,Not LSOG,0
ME,2019-2023,815194380290487,44.72261,-67.42466,0.23458173694842877,Not LSOG,2
ME,2019-2023,815194382290487,44.50852,-67.596190000000007,0.23627134681094064,Not LSOG,1
ME,2019-2023,815194383290487,45.15562,-67.21038,0.21537891006925972,Not LSOG,2
ME,2019-2023,815194385290487,45.02629,-67.35078,0.23458173694842877,Not LSOG,2
ME,2019-2023,815194387290487,45.00352,-67.64879,0.2548705952953345,Not LSOG,3
ME,2019-2023,815194388290487,44.78267,-67.51229,0.1974009304781744,Not LSOG,1
ME,2019-2023,815194389290487,44.59357,-68.71435,0.23458173694842877,Not LSOG,2
ME,2019-2023,815194391290487,44.23287,-69.58027,0.2781616398280879,Not LSOG,3
ME,2019-2023,815194392290487,44.0769,-69.51546,0.725980733863793,LS,6
ME,2019-2023,815194393290487,45.46364,-68.75926,0.1974009304781744,Not LSOG,1
ME,2019-2023,815194394290487,44.11129,-69.88499,0.616899151780938,Not LSOG,3
ME,2019-2023,815194395290487,45.98972,-68.71057,0.37655136224865404,Transitioning LS,4
ME,2019-2023,815194396290487,46.07921,-68.82507,0.1974009304781744,Not LSOG,1
ME,2019-2023,815194397290487,45.76873,-68.70291,0.1974009304781744,Not LSOG,1
ME,2019-2023,815194398290487,45.01652,-69.71897,0.18057822853306668,Not LSOG,0
ME,2019-2023,815194399290487,44.93465,-69.84028,0.25665733770473287,Not LSOG,2
ME,2019-2023,815194400290487,44.79376,-69.60505,0.2549403602718784,Not LSOG,2
ME,2019-2023,815194401290487,43.36223,-70.67907,0.5638432296525292,Not LSOG,1
ME,2019-2023,815194402290487,43.14807,-70.82447,0.7050130462894892,Not LSOG,3
ME,2019-2023,815194403290487,46.25348,-69.0463,0.21537891006925972,Not LSOG,2
ME,2019-2023,815194404290487,46.09989,-69.01347,0.23627134681094064,Not LSOG,1
ME,2019-2023,815194405290487,44.73972,-69.93552,0.18057822853306668,Not LSOG,0
ME,2019-2023,815194406290487,45.309,-70.06774,0.18057822853306668,Not LSOG,0
ME,2019-2023,815194407290487,46.28529,-69.8396,0.25665733770473287,Not LSOG,2
ME,2019-2023,815194408290487,44.279377,-70.954408,0.25665733770473287,Not LSOG,2
ME,2019-2023,815194409290487,44.345065,-70.889743,0.738002184027737,Transitioning LS,5
ME,2019-2023,815194410290487,44.279899,-70.886378,0.590634963918016,Not LSOG,2
ME,2019-2023,815194411290487,44.35573,-70.987429,0.7772362417620239,LS,7
ME,2019-2023,1184860050290487,44.961652,-69.58078,0.18057822853306668,Not LSOG,0
ME,2019-2023,1184860051290487,43.746935,-70.517025,0.6447355333707196,Not LSOG,2
ME,2019-2023,1184860052290487,46.150366,-68.699813,0.18057822853306668,Not LSOG,0
ME,2019-2023,1184860053290487,46.28678,-69.047546,0.37655136224865404,Transitioning LS,4
ME,2019-2023,1184860054290487,45.125721,-69.641795,0.2781616398280879,Not LSOG,3
ME,2019-2023,1184860055290487,43.871672,-70.800339,0.748554541042435,Transitioning LS,5
ME,2019-2023,1184860056290487,43.972039,-70.913982,0.6447355333707196,Not LSOG,2
ME,2019-2023,1184860058290487,43.901517,-70.199113,0.5638432296525292,Not LSOG,1
ME,2019-2023,1184860060290487,43.668389,-70.414666,0.21537891006925972,Not LSOG,2
ME,2019-2023,1184860061290487,45.369091,-70.192884,0.5638432296525292,Not LSOG,1
ME,2019-2023,1184860062290487,46.32848,-69.790825,0.18057822853306668,Not LSOG,0
ME,2019-2023,1184860063290487,46.266206,-69.969494,0.18057822853306668,Not LSOG,0
ME,2019-2023,1184860064290487,44.523965,-70.449466,0.18057822853306668,Not LSOG,0
ME,2019-2023,1184860065290487,44.716442,-68.179824,0.21537891006925972,Not LSOG,2
ME,2019-2023,1184860067290487,46.185319,-70.274726,0.18057822853306668,Not LSOG,0
ME,2019-2023,1184860068290487,45.290027,-70.241621,0.23458173694842877,Not LSOG,2
ME,2019-2023,1184860069290487,44.724705,-70.885424,0.7273267374807822,Transitioning LS,4
ME,2019-2023,1184860070290487,44.446303,-70.939264,0.18057822853306668,Not LSOG,0
ME,2019-2023,1184860071290487,47.119453,-69.327068,0.18057822853306668,Not LSOG,0
ME,2019-2023,1184860072290487,46.624937,-69.744855,0.18057822853306668,Not LSOG,0
ME,2019-2023,1184860073290487,46.386849,-69.740364,0.3244055053540762,Transitioning LS,4
ME,2019-2023,1184860074290487,44.256543,-70.666479,0.5638432296525292,Not LSOG,1
ME,2019-2023,1184860075290487,44.274103,-70.861063,0.5638432296525292,Not LSOG,1
ME,2019-2023,1184860077290487,45.574991,-70.041687,0.1974009304781744,Not LSOG,1
ME,2019-2023,1184860078290487,46.349515,-68.152749,0.18057822853306668,Not LSOG,0
ME,2019-2023,1184860079290487,46.119936,-68.170452,0.18057822853306668,Not LSOG,0
ME,2019-2023,1184860080290487,45.772995,-68.65755,0.23627134681094064,Not LSOG,1
ME,2019-2023,1184860081290487,45.445851,-68.850622,0.6447355333707196,Not LSOG,2
ME,2019-2023,1184860082290487,45.247703,-68.892801,0.4407075068615797,LS,6
ME,2019-2023,1184860083290487,44.924287,-69.355719,0.23458173694842877,Not LSOG,2
ME,2019-2023,1184860084290487,44.713605,-69.356877,0.2548705952953345,Not LSOG,3
ME,2019-2023,1184860085290487,44.413514,-69.618133,0.5638432296525292,Not LSOG,1
ME,2019-2023,1184860086290487,45.212402,-68.360654,0.1974009304781744,Not LSOG,1
ME,2019-2023,1184860087290487,44.911467,-68.397129,0.23627134681094064,Not LSOG,1
ME,2019-2023,1184860088290487,44.912565,-68.609817,0.18057822853306668,Not LSOG,0
ME,2019-2023,1184860091290487,45.578294,-68.239184,0.590634963918016,Not LSOG,2
ME,2019-2023,1184860092290487,45.581258,-68.406995,0.18057822853306668,Not LSOG,0
ME,2019-2023,1184860093290487,44.646355,-68.997013,0.2548705952953345,Not LSOG,3
ME,2019-2023,1184860094290487,44.383274,-69.410373,0.23627134681094064,Not LSOG,1
ME,2019-2023,1184860095290487,44.097957,-69.475941,0.6674723002111448,Not LSOG,3
ME,2019-2023,1184860096290487,45.100024,-70.790268,0.1974009304781744,Not LSOG,1
ME,2019-2023,1184860097290487,45.579022,-70.184288,0.2549403602718784,Not LSOG,2
ME,2019-2023,1184860098290487,44.69899,-69.96535,0.6673907669706552,Transitioning LS,4
ME,2019-2023,1184860100290487,46.257687,-69.257576,0.2781616398280879,Not LSOG,3
ME,2019-2023,1184860101290487,45.944872,-69.295281,0.18057822853306668,Not LSOG,0
ME,2019-2023,1184860102290487,45.96789,-69.462157,0.21537891006925972,Not LSOG,2
ME,2019-2023,1184860104290487,44.853318,-70.425097,0.6694711472295376,Not LSOG,3
ME,2019-2023,1184860105290487,47.031811,-68.149508,0.18057822853306668,Not LSOG,0
ME,2019-2023,1184860106290487,46.712237,-68.231798,0.18057822853306668,Not LSOG,0
ME,2019-2023,1184860107290487,44.779298,-67.529337,0.23458173694842877,Not LSOG,2
ME,2019-2023,1184860109290487,45.013686,-67.82374,0.2781616398280879,Not LSOG,3
ME,2019-2023,1184860110290487,45.253568,-67.677204,0.18057822853306668,Not LSOG,0
ME,2019-2023,1184860111290487,44.622244,-68.650962,0.1974009304781744,Not LSOG,1
ME,2019-2023,1184860113290487,45.54338,-68.067688,0.21537891006925972,Not LSOG,2
ME,2019-2023,1184860114290487,44.917231,-67.013898,0.18057822853306668,Not LSOG,0
ME,2019-2023,1184860115290487,44.950574,-67.18053,0.23458173694842877,Not LSOG,2
ME,2019-2023,1184860117290487,46.298011,-69.615898,0.23627134681094064,Not LSOG,1
ME,2019-2023,1184860118290487,46.242578,-69.66907,0.18057822853306668,Not LSOG,0
ME,2019-2023,1184860119290487,46.159647,-69.736347,0.1974009304781744,Not LSOG,1
ME,2019-2023,1184860120290487,45.978899,-69.668735,0.18057822853306668,Not LSOG,0
ME,2019-2023,1184860121290487,45.925337,-69.696898,0.21537891006925972,Not LSOG,2
ME,2019-2023,1184860122290487,45.992309,-69.867861,0.18057822853306668,Not LSOG,0
ME,2019-2023,1184860123290487,45.948636,-69.917578,0.7782695934252377,LS,6
ME,2019-2023,1184860124290487,45.782505,-69.850327,0.1974009304781744,Not LSOG,1
ME,2019-2023,1184860126290487,44.885577,-69.977433,0.7782695934252377,LS,6
ME,2019-2023,1184860127290487,45.79723,-70.057279,0.6169859589412369,Not LSOG,2
ME,2019-2023,1184860128290487,44.550283,-70.028032,0.693303778831513,Transitioning LS,4
ME,2019-2023,1184860129290487,44.40029,-70.00168,0.21537891006925972,Not LSOG,2
ME,2019-2023,1184860130290487,44.341015,-70.05588,0.7876667425300836,LS,6
ME,2019-2023,1184860131290487,44.353557,-70.206882,0.18057822853306668,Not LSOG,0
ME,2019-2023,1184860132290487,44.203107,-70.152697,0.6447355333707196,Not LSOG,2
ME,2019-2023,1184860133290487,44.119322,-70.243706,0.7273267374807822,Transitioning LS,4
ME,2019-2023,1184860135290487,43.957011,-70.327746,0.2781616398280879,Not LSOG,3
ME,2019-2023,1184860136290487,43.312332,-70.668266,0.23627134681094064,Not LSOG,1
ME,2019-2023,1184860137290487,43.233362,-70.730676,0.1974009304781744,Not LSOG,1
ME,2019-2023,1184860138290487,43.180147,-70.753273,0.3367247855820121,Not LSOG,3
ME,2019-2023,1184860139290487,44.910793,-69.215452,0.2781616398280879,Not LSOG,3
ME,2019-2023,1184860143290487,44.799169,-69.410663,0.6913826175977362,Transitioning LS,4
ME,2019-2023,1184860144290487,44.794284,-69.467097,0.32448601524557913,Not LSOG,3
ME,2019-2023,1184860146290487,44.639167,-69.396303,0.18057822853306668,Not LSOG,0
ME,2019-2023,1184860151290487,46.681492,-67.84565,0.18057822853306668,Not LSOG,0
ME,2019-2023,1184860152290487,46.60755,-67.927952,0.18057822853306668,Not LSOG,0
ME,2019-2023,1184860153290487,43.890904,-70.373631,0.693303778831513,Transitioning LS,4
ME,2019-2023,1184860156290487,43.695738,-70.573721,0.18057822853306668,Not LSOG,0
ME,2019-2023,1184860157290487,43.711399,-70.68592,0.18057822853306668,Not LSOG,0
ME,2019-2023,1184860158290487,43.565953,-70.678087,0.18057822853306668,Not LSOG,0
ME,2019-2023,1184860159290487,43.456906,-70.737966,0.7876667425300836,LS,6
ME,2019-2023,1184860160290487,43.483819,-70.912765,0.1974009304781744,Not LSOG,1
ME,2019-2023,1184860161290487,43.361667,-70.825706,0.6447355333707196,Not LSOG,2
ME,2019-2023,1184860162290487,45.606472,-69.005937,0.18057822853306668,Not LSOG,0
ME,2019-2023,1184860163290487,45.606466,-69.188337,0.3008160045392108,Not LSOG,3
ME,2019-2023,1184860164290487,45.437047,-69.123596,0.73807320134511,Transitioning LS,4
ME,2019-2023,1184860165290487,45.374673,-69.166315,0.18057822853306668,Not LSOG,0
ME,2019-2023,1184860166290487,45.411374,-69.334416,0.6557719132948628,Transitioning LS,4
ME,2019-2023,1184860167290487,45.240068,-69.307789,0.4294214970889742,Transitioning LS,5
ME,2019-2023,1184860168290487,45.171078,-69.374235,0.23627134681094064,Not LSOG,1
ME,2019-2023,1184860169290487,45.228975,-69.453647,0.2549403602718784,Not LSOG,2
ME,2019-2023,1184860170290487,45.202272,-69.537813,0.1974009304781744,Not LSOG,1
ME,2019-2023,1184860171290487,45.022466,-69.478943,0.5638432296525292,Not LSOG,1
ME,2019-2023,1184860173290487,46.148262,-67.906408,0.21537891006925972,Not LSOG,2
ME,2019-2023,1184860174290487,45.998024,-67.852416,0.616899151780938,Not LSOG,3
ME,2019-2023,1184860175290487,45.907947,-67.908629,0.18057822853306668,Not LSOG,0
ME,2019-2023,1184860176290487,46.059811,-68.024077,0.5638432296525292,Not LSOG,1
ME,2019-2023,1184860177290487,46.001748,-68.020405,0.590634963918016,Not LSOG,2
ME,2019-2023,1184860178290487,45.928558,-68.095157,0.21537891006925972,Not LSOG,2
ME,2019-2023,1184860179290487,45.758903,-68.053375,0.1974009304781744,Not LSOG,1
ME,2019-2023,1184860180290487,45.719575,-68.086647,0.34900515581462815,Transitioning LS,4
ME,2019-2023,1184860181290487,45.787906,-68.217878,0.21537891006925972,Not LSOG,2
ME,2019-2023,1184860182290487,44.248556,-68.919595,0.18057822853306668,Not LSOG,0
ME,2019-2023,1184860183290487,44.342498,-69.047225,0.21544099060697866,Not LSOG,1
ME,2019-2023,1184860185290487,44.392287,-69.212834,0.6913826175977362,Transitioning LS,4
ME,2019-2023,1184860187290487,44.044735,-69.103672,0.2988454372844079,Transitioning LS,4
ME,2019-2023,1184860188290487,44.139368,-69.227753,0.5638432296525292,Not LSOG,1
ME,2019-2023,1184860189290487,44.07896,-69.32387,0.25665733770473287,Not LSOG,2
ME,2019-2023,1184860191290487,44.960728,-67.787505,0.25665733770473287,Not LSOG,2
ME,2019-2023,1184860192290487,46.523998,-67.821806,0.18057822853306668,Not LSOG,0
ME,2019-2023,1184860194290487,46.533648,-67.953236,0.18057822853306668,Not LSOG,0
ME,2019-2023,1184860195290487,46.351509,-67.903699,0.18057822853306668,Not LSOG,0
ME,2019-2023,1184860196290487,46.454343,-68.070926,0.18057822853306668,Not LSOG,0
ME,2019-2023,1184860197290487,46.408086,-68.069681,0.5638432296525292,Not LSOG,1
ME,2019-2023,1184860198290487,46.32265,-67.991187,0.73807320134511,Transitioning LS,4
ME,2019-2023,1184860199290487,46.236954,-68.073052,0.6447355333707196,Not LSOG,2
ME,2019-2023,1184860200290487,46.16342,-68.122448,0.18057822853306668,Not LSOG,0
ME,2019-2023,1184860201290487,46.259626,-68.253645,0.23627134681094064,Not LSOG,1
ME,2019-2023,1184860202290487,46.208812,-68.291764,0.21544099060697866,Not LSOG,1
ME,2019-2023,1184860203290487,46.022761,-68.233529,0.18057822853306668,Not LSOG,0
ME,2019-2023,1184860204290487,46.030549,-67.791806,0.590634963918016,Not LSOG,2
ME,2019-2023,1184860205290487,45.849158,-67.800494,0.21537891006925972,Not LSOG,2
ME,2019-2023,1184860206290487,45.808825,-67.844504,0.18057822853306668,Not LSOG,0
ME,2019-2023,1184860207290487,45.732817,-67.851197,0.2781616398280879,Not LSOG,3
ME,2019-2023,1184860208290487,45.861684,-67.977132,0.4565113098243979,LS,6
ME,2019-2023,1184860209290487,45.676423,-67.919403,0.5638432296525292,Not LSOG,1
ME,2019-2023,1184860210290487,45.586184,-67.825617,0.1974009304781744,Not LSOG,1
ME,2019-2023,1184860211290487,45.53197,-67.868571,0.32448601524557913,Not LSOG,3
ME,2019-2023,1184860212290487,45.607165,-67.968007,0.1974009304781744,Not LSOG,1
ME,2019-2023,1184860213290487,45.628064,-68.183008,0.18057822853306668,Not LSOG,0
ME,2019-2023,1184860214290487,45.471548,-68.119372,0.23458173694842877,Not LSOG,2
ME,2019-2023,1184860216290487,44.752299,-68.352075,0.18057822853306668,Not LSOG,0
ME,2019-2023,1184860217290487,44.817658,-68.348476,0.23458173694842877,Not LSOG,2
ME,2019-2023,1184860218290487,44.830909,-68.480589,0.18057822853306668,Not LSOG,0
ME,2019-2023,1184860220290487,44.57346,-68.509051,0.2894772653454048,Not LSOG,2
ME,2019-2023,1184860221290487,44.473826,-68.361713,0.21544099060697866,Not LSOG,1
ME,2019-2023,1184860226290487,44.660381,-69.172614,0.590634963918016,Not LSOG,2
ME,2019-2023,1184860227290487,44.527166,-69.098201,0.18057822853306668,Not LSOG,0
ME,2019-2023,1184860228290487,44.436875,-69.186069,0.18057822853306668,Not LSOG,0
ME,2019-2023,1184860230290487,44.297327,-69.315238,0.2335100345200818,Not LSOG,3
ME,2019-2023,1184860231290487,44.355946,-69.47343,0.693303778831513,Transitioning LS,4
ME,2019-2023,1184860232290487,44.261885,-69.509313,0.5638432296525292,Not LSOG,1
ME,2019-2023,1184860233290487,44.030953,-69.564988,0.34900515581462815,Transitioning LS,4
ME,2019-2023,1184860234290487,44.185864,-69.621967,0.3125751083612596,Not LSOG,3
ME,2019-2023,1184860236290487,44.033663,-69.695437,0.5638432296525292,Not LSOG,1
ME,2019-2023,1184860237290487,43.869165,-69.63104,0.18057822853306668,Not LSOG,0
ME,2019-2023,1184860240290487,43.821999,-69.882652,0.3244055053540762,Transitioning LS,4
ME,2019-2023,1184860241290487,45.735583,-68.275371,0.25665733770473287,Not LSOG,2
ME,2019-2023,1184860242290487,45.491521,-68.286297,0.18057822853306668,Not LSOG,0
ME,2019-2023,1184860243290487,45.656812,-68.336195,0.18057822853306668,Not LSOG,0
ME,2019-2023,1184860244290487,45.516024,-68.448289,0.21537891006925972,Not LSOG,2
ME,2019-2023,1184860245290487,45.350222,-68.394669,0.3244055053540762,Transitioning LS,4
ME,2019-2023,1184860246290487,45.269682,-68.476178,0.18057822853306668,Not LSOG,0
ME,2019-2023,1184860248290487,45.389311,-68.597868,0.18057822853306668,Not LSOG,0
ME,2019-2023,1184860249290487,45.29982,-68.688347,0.3244055053540762,Transitioning LS,4
ME,2019-2023,1184860250290487,45.359578,-67.836607,0.18057822853306668,Not LSOG,0
ME,2019-2023,1184860251290487,45.460573,-67.836387,0.3264661390804402,Not LSOG,3
ME,2019-2023,1184860252290487,44.158707,-68.845242,0.3008160045392108,Not LSOG,3
ME,2019-2023,1184860253290487,44.11146,-68.881064,0.23458173694842877,Not LSOG,2
ME,2019-2023,1184860254290487,45.552708,-67.444553,0.21544099060697866,Not LSOG,1
ME,2019-2023,1184860255290487,45.470412,-67.527169,0.2781616398280879,Not LSOG,3
ME,2019-2023,1184860256290487,45.558868,-67.667123,0.34900515581462815,Transitioning LS,4
ME,2019-2023,1184860257290487,45.64201,-67.748158,0.18057822853306668,Not LSOG,0
ME,2019-2023,1184860258290487,45.483659,-67.674427,0.18057822853306668,Not LSOG,0
ME,2019-2023,1184860260290487,47.039034,-69.53986,0.18057822853306668,Not LSOG,0
ME,2019-2023,1184860261290487,46.926195,-69.686344,0.21537891006925972,Not LSOG,2
ME,2019-2023,1184860262290487,46.865401,-69.707768,0.18057822853306668,Not LSOG,0
ME,2019-2023,1184860263290487,46.690908,-69.84625,0.21537891006925972,Not LSOG,2
ME,2019-2023,1184860264290487,46.650525,-69.901845,0.18057822853306668,Not LSOG,0
ME,2019-2023,1184860265290487,46.72125,-69.949609,0.21537891006925972,Not LSOG,2
ME,2019-2023,1184860266290487,46.486816,-70.040117,0.18057822853306668,Not LSOG,0
ME,2019-2023,1184860267290487,47.163661,-69.251461,0.5638432296525292,Not LSOG,1
ME,2019-2023,1184860268290487,46.993652,-69.168941,0.5638432296525292,Not LSOG,1
ME,2019-2023,1184860269290487,45.442595,-67.935987,0.18057822853306668,Not LSOG,0
ME,2019-2023,1184860270290487,45.283994,-67.926044,0.1974009304781744,Not LSOG,1
ME,2019-2023,1184860271290487,45.219021,-67.909391,0.25665733770473287,Not LSOG,2
ME,2019-2023,1184860272290487,45.107997,-67.812091,0.25665733770473287,Not LSOG,2
ME,2019-2023,1184860273290487,45.065533,-67.874833,0.2781616398280879,Not LSOG,3
ME,2019-2023,1184860274290487,45.134617,-67.973352,0.18057822853306668,Not LSOG,0
ME,2019-2023,1184860276290487,45.07764,-68.105662,0.18057822853306668,Not LSOG,0
ME,2019-2023,1184860277290487,45.008529,-68.118669,0.1974009304781744,Not LSOG,1
ME,2019-2023,1184860279290487,44.840183,-68.077146,0.21537891006925972,Not LSOG,2
ME,2019-2023,1184860280290487,44.939859,-68.214756,0.2548705952953345,Not LSOG,3
ME,2019-2023,1184860281290487,45.005385,-68.305656,0.35105714576962044,Transitioning LS,4
ME,2019-2023,1184860282290487,44.869196,-68.26348,0.1974009304781744,Not LSOG,1
ME,2019-2023,1184860283290487,44.784538,-68.300906,0.18057822853306668,Not LSOG,0
ME,2019-2023,1184860285290487,47.247393,-69.366237,0.21537891006925972,Not LSOG,2
ME,2019-2023,1184860286290487,47.112844,-69.488183,0.1974009304781744,Not LSOG,1
ME,2019-2023,1184860287290487,47.018781,-69.397437,0.21537891006925972,Not LSOG,2
ME,2019-2023,1184860288290487,46.938849,-69.240335,0.590634963918016,Not LSOG,2
ME,2019-2023,1184860289290487,46.894794,-69.309239,0.590634963918016,Not LSOG,2
ME,2019-2023,1184860290290487,46.970552,-69.433554,0.35873417982484085,LS,7
ME,2019-2023,1184860291290487,46.799952,-69.406753,0.642582583708017,Not LSOG,3
ME,2019-2023,1184860292290487,46.924715,-69.425486,0.18057822853306668,Not LSOG,0
ME,2019-2023,1184860293290487,46.889645,-69.46081,0.21537891006925972,Not LSOG,2
ME,2019-2023,1184860294290487,46.807293,-69.536778,0.616899151780938,Not LSOG,3
ME,2019-2023,1184860295290487,46.729606,-69.445311,0.21537891006925972,Not LSOG,2
ME,2019-2023,1184860296290487,46.643703,-69.493305,0.21537891006925972,Not LSOG,2
ME,2019-2023,1184860297290487,46.7586,-69.620836,0.4026596151397796,Transitioning LS,5
ME,2019-2023,1184860298290487,46.565546,-69.535697,0.25665733770473287,Not LSOG,2
ME,2019-2023,1184860299290487,46.684856,-69.683709,0.1974009304781744,Not LSOG,1
ME,2019-2023,1184860300290487,47.187154,-68.652301,0.5638432296525292,Not LSOG,1
ME,2019-2023,1184860301290487,47.187543,-68.821104,0.21537891006925972,Not LSOG,2
ME,2019-2023,1184860302290487,47.02027,-68.776935,0.8055110843961459,LS,6
ME,2019-2023,1184860303290487,46.972125,-68.827503,0.6694711472295376,Not LSOG,3
ME,2019-2023,1184860304290487,47.123953,-68.874076,0.6694711472295376,Not LSOG,3
ME,2019-2023,1184860305290487,47.058947,-68.948636,0.18057822853306668,Not LSOG,0
ME,2019-2023,1184860306290487,46.974915,-69.021402,0.18057822853306668,Not LSOG,0
ME,2019-2023,1184860307290487,46.815878,-68.904071,0.590634963918016,Not LSOG,2
ME,2019-2023,1184860308290487,46.757894,-69.011313,0.5638432296525292,Not LSOG,1
ME,2019-2023,1184860309290487,46.922759,-69.091753,0.21537891006925972,Not LSOG,2
ME,2019-2023,1184860310290487,46.823112,-69.110837,0.18057822853306668,Not LSOG,0
ME,2019-2023,1184860311290487,44.363755,-70.805729,0.5638432296525292,Not LSOG,1
ME,2019-2023,1184860312290487,44.36864,-70.98192,0.8389074419114724,LS,7
ME,2019-2023,1184860313290487,44.213828,-70.929822,0.25665733770473287,Not LSOG,2
ME,2019-2023,1184860314290487,44.092507,-70.792733,0.24465768786635822,Not LSOG,2
ME,2019-2023,1184860315290487,44.028061,-70.88486,0.18057822853306668,Not LSOG,0
ME,2019-2023,1184860316290487,44.154532,-70.988997,0.7150046157826588,Transitioning LS,5
ME,2019-2023,1184860318290487,44.488008,-70.876229,0.5638432296525292,Not LSOG,1
ME,2019-2023,1184860319290487,44.577367,-70.976848,0.5638432296525292,Not LSOG,1
ME,2019-2023,1184860320290487,44.888348,-70.350707,0.6694711472295376,Not LSOG,3
ME,2019-2023,1184860321290487,45.015767,-70.48601,0.21544099060697866,Not LSOG,1
ME,2019-2023,1184860322290487,44.737385,-70.30127,0.6447355333707196,Not LSOG,2
ME,2019-2023,1184860323290487,44.677717,-70.394889,0.18057822853306668,Not LSOG,0
ME,2019-2023,1184860324290487,44.805083,-70.485539,0.5638432296525292,Not LSOG,1
ME,2019-2023,1184860325290487,44.757287,-70.455974,0.5638432296525292,Not LSOG,1
ME,2019-2023,1184860326290487,44.694065,-70.552087,0.7587418963588353,Transitioning LS,5
ME,2019-2023,1184860327290487,44.784994,-70.668744,0.18057822853306668,Not LSOG,0
ME,2019-2023,1184860328290487,44.625819,-70.559018,0.5638432296525292,Not LSOG,1
ME,2019-2023,1184860329290487,44.454205,-70.528976,0.590634963918016,Not LSOG,2
ME,2019-2023,1184860331290487,44.462815,-70.725073,0.1974009304781744,Not LSOG,1
ME,2019-2023,1184860332290487,44.554463,-70.82308,0.3372258947261574,Transitioning LS,5
ME,2019-2023,1184860333290487,44.410285,-70.773146,0.1974009304781744,Not LSOG,1
ME,2019-2023,1184860334290487,44.326953,-70.650575,0.5638432296525292,Not LSOG,1
ME,2019-2023,1184860335290487,46.52915,-69.004535,0.5638432296525292,Not LSOG,1
ME,2019-2023,1184860336290487,46.442567,-68.888211,0.7162212459177082,Transitioning LS,4
ME,2019-2023,1184860337290487,46.355482,-68.94272,0.1974009304781744,Not LSOG,1
ME,2019-2023,1184860338290487,46.445768,-69.038641,0.18057822853306668,Not LSOG,0
ME,2019-2023,1184860339290487,46.361138,-69.164347,0.32448601524557913,Not LSOG,3
ME,2019-2023,1184860340290487,46.484139,-69.259544,0.1974009304781744,Not LSOG,1
ME,2019-2023,1184860341290487,46.294309,-69.196574,0.18057822853306668,Not LSOG,0
ME,2019-2023,1184860342290487,46.135898,-69.118579,0.34900515581462815,Transitioning LS,4
ME,2019-2023,1184860344290487,46.260455,-69.421111,0.4026596151397796,Transitioning LS,5
ME,2019-2023,1184860346290487,46.00136,-69.229021,0.18057822853306668,Not LSOG,0
ME,2019-2023,1184860347290487,45.333412,-70.782885,0.361673582814346,Transitioning LS,4
ME,2019-2023,1184860349290487,45.181019,-70.697158,0.25665733770473287,Not LSOG,2
ME,2019-2023,1184860350290487,45.184554,-70.886006,0.23627134681094064,Not LSOG,1
ME,2019-2023,1184860351290487,45.149094,-70.943764,0.18057822853306668,Not LSOG,0
ME,2019-2023,1184860352290487,44.033977,-70.840036,0.25665733770473287,Not LSOG,2
ME,2019-2023,1184860353290487,44.962855,-70.866815,0.616899151780938,Not LSOG,3
ME,2019-2023,1184860355290487,44.994676,-71.046953,0.18057822853306668,Not LSOG,0
ME,2019-2023,1184860356290487,44.830398,-71.006512,0.590634963918016,Not LSOG,2
ME,2019-2023,1184860358290487,45.463479,-69.966995,0.1974009304781744,Not LSOG,1
ME,2019-2023,1184860359290487,45.398801,-69.981539,0.1974009304781744,Not LSOG,1
ME,2019-2023,1184860360290487,45.329205,-70.00309,0.18057822853306668,Not LSOG,0
ME,2019-2023,1184860361290487,45.423928,-70.128204,0.1974009304781744,Not LSOG,1
ME,2019-2023,1184860363290487,45.15755,-69.945263,0.18057822853306668,Not LSOG,0
ME,2019-2023,1184860364290487,45.088973,-70.00202,0.21544099060697866,Not LSOG,1
ME,2019-2023,1184860365290487,45.192673,-70.144488,0.616899151780938,Not LSOG,3
ME,2019-2023,1184860366290487,45.112724,-70.155245,0.2875504275787495,Not LSOG,3
ME,2019-2023,1184860367290487,45.216314,-70.280556,0.2548705952953345,Not LSOG,3
ME,2019-2023,1184860368290487,45.038501,-70.229501,0.37435030153963456,Transitioning LS,5
ME,2019-2023,1184860369290487,44.974683,-70.132421,0.590634963918016,Not LSOG,2
ME,2019-2023,1184860370290487,44.90774,-70.187827,0.616899151780938,Not LSOG,3
ME,2019-2023,1184860371290487,44.969447,-70.286208,0.7587418963588353,Transitioning LS,5
ME,2019-2023,1184860372290487,45.710239,-70.097968,0.21537891006925972,Not LSOG,2
ME,2019-2023,1184860373290487,45.480195,-70.081544,0.1974009304781744,Not LSOG,1
ME,2019-2023,1184860374290487,45.67799,-70.153343,0.18057822853306668,Not LSOG,0
ME,2019-2023,1184860375290487,45.51143,-70.26051,0.18057822853306668,Not LSOG,0
ME,2019-2023,1184860376290487,45.392212,-70.361941,0.1974009304781744,Not LSOG,1
ME,2019-2023,1184860377290487,45.298193,-70.434735,0.25665733770473287,Not LSOG,2
ME,2019-2023,1184860378290487,45.127882,-70.346542,0.6447355333707196,Not LSOG,2
ME,2019-2023,1184860379290487,46.091187,-69.413071,0.5638432296525292,Not LSOG,1
ME,2019-2023,1184860380290487,46.024612,-69.45631,0.18057822853306668,Not LSOG,0
ME,2019-2023,1184860381290487,46.050061,-69.646729,0.18057822853306668,Not LSOG,0
ME,2019-2023,1184860382290487,45.908191,-69.547286,0.23458173694842877,Not LSOG,2
ME,2019-2023,1184860383290487,45.783532,-69.42252,0.18057822853306668,Not LSOG,0
ME,2019-2023,1184860384290487,45.725997,-69.467965,0.18057822853306668,Not LSOG,0
ME,2019-2023,1184860385290487,45.807305,-69.589954,0.21544099060697866,Not LSOG,1
ME,2019-2023,1184860386290487,45.757284,-69.69989,0.32448601524557913,Not LSOG,3
ME,2019-2023,1184860387290487,45.853177,-69.769082,0.5638432296525292,Not LSOG,1
ME,2019-2023,1184860388290487,45.602654,-69.609346,0.21544099060697866,Not LSOG,1
ME,2019-2023,1184860390290487,45.599652,-69.768624,0.1974009304781744,Not LSOG,1
ME,2019-2023,1184860391290487,45.537316,-69.864496,0.25665733770473287,Not LSOG,2
ME,2019-2023,1184860392290487,44.631701,-69.928305,0.18057822853306668,Not LSOG,0
ME,2019-2023,1184860393290487,45.445194,-69.914921,0.1974009304781744,Not LSOG,1
ME,2019-2023,1184860394290487,45.381705,-69.76131,0.18057822853306668,Not LSOG,0
ME,2019-2023,1184860395290487,47.252163,-68.127752,0.18057822853306668,Not LSOG,0
ME,2019-2023,1184860399290487,47.208654,-68.398566,0.18057822853306668,Not LSOG,0
ME,2019-2023,1184860400290487,47.157481,-68.451817,0.23627134681094064,Not LSOG,1
ME,2019-2023,1184860402290487,46.98071,-68.355961,0.21537891006925972,Not LSOG,2
ME,2019-2023,1184860403290487,46.294336,-70.203516,0.4294214970889742,Transitioning LS,5
ME,2019-2023,1184860404290487,45.210163,-71.054692,0.21537891006925972,Not LSOG,2
ME,2019-2023,1184860405290487,44.369271,-70.598395,0.590634963918016,Not LSOG,2
ME,2019-2023,1184860406290487,44.221796,-70.532734,0.616899151780938,Not LSOG,3
ME,2019-2023,1184860408290487,44.086388,-70.444099,0.6801203526971743,Transitioning LS,5
ME,2019-2023,1184860409290487,44.011486,-70.488665,0.5638432296525292,Not LSOG,1
ME,2019-2023,1184860410290487,44.071368,-70.61941,0.6694711472295376,Not LSOG,3
ME,2019-2023,1184860411290487,44.193366,-70.721371,0.6447355333707196,Not LSOG,2
ME,2019-2023,1184860412290487,44.018611,-70.7052,0.6694711472295376,Not LSOG,3
ME,2019-2023,1184860414290487,43.779859,-70.687474,0.18057822853306668,Not LSOG,0
ME,2019-2023,1184860415290487,43.796424,-70.85134,0.18057822853306668,Not LSOG,0
ME,2019-2023,1184860416290487,43.743457,-70.885058,0.25665733770473287,Not LSOG,2
ME,2019-2023,1184860417290487,43.648995,-70.775212,0.23627134681094064,Not LSOG,1
ME,2019-2023,1184860418290487,43.661708,-70.974512,0.18057822853306668,Not LSOG,0
ME,2019-2023,1184860419290487,44.957026,-69.711625,0.18057822853306668,Not LSOG,0
ME,2019-2023,1184860420290487,44.816012,-69.674732,0.5638432296525292,Not LSOG,1
ME,2019-2023,1184860421290487,44.733301,-69.709734,0.3264661390804402,Not LSOG,3
ME,2019-2023,1184860424290487,44.513991,-69.875063,0.3352129896063072,Transitioning LS,5
ME,2019-2023,1184860425290487,44.599022,-69.955042,0.5638432296525292,Not LSOG,1
ME,2019-2023,1184860426290487,46.626945,-68.085759,0.1974009304781744,Not LSOG,1
ME,2019-2023,1184860428290487,46.486293,-68.187737,0.1974009304781744,Not LSOG,1
ME,2019-2023,1184860429290487,46.412468,-68.291924,0.18057822853306668,Not LSOG,0
ME,2019-2023,1184860430290487,46.494674,-68.306257,0.1974009304781744,Not LSOG,1
ME,2019-2023,1184860431290487,46.454022,-68.46907,0.23458173694842877,Not LSOG,2
ME,2019-2023,1184860432290487,46.289513,-68.425988,0.18057822853306668,Not LSOG,0
ME,2019-2023,1184860434290487,46.259074,-68.65436,0.1974009304781744,Not LSOG,1
ME,2019-2023,1184860435290487,44.960961,-67.950068,0.21537891006925972,Not LSOG,2
ME,2019-2023,1184860436290487,44.819765,-67.914271,0.1974009304781744,Not LSOG,1
ME,2019-2023,1184860437290487,44.749818,-67.948367,0.1974009304781744,Not LSOG,1
ME,2019-2023,1184860438290487,44.750571,-68.108943,0.21537891006925972,Not LSOG,2
ME,2019-2023,1184860442290487,44.388745,-68.241494,0.18057822853306668,Not LSOG,0
ME,2019-2023,1184860443290487,44.689702,-67.622708,0.18057822853306668,Not LSOG,0
ME,2019-2023,1184860444290487,44.784007,-67.700384,0.21537891006925972,Not LSOG,2
ME,2019-2023,1184860445290487,44.708971,-67.79201,0.21544099060697866,Not LSOG,1
ME,2019-2023,1184860446290487,44.615367,-67.635339,0.2894772653454048,Not LSOG,2
ME,2019-2023,1184860447290487,44.560112,-67.705733,0.1974009304781744,Not LSOG,1
ME,2019-2023,1184860448290487,44.664574,-67.866695000000007,0.590634963918016,Not LSOG,2
ME,2019-2023,1184860449290487,44.595795,-67.837143,0.2548705952953345,Not LSOG,3
ME,2019-2023,1184860450290487,44.56302,-67.896766,0.3008160045392108,Not LSOG,3
ME,2019-2023,1184860451290487,44.516236,-67.933304,0.18057822853306668,Not LSOG,0
ME,2019-2023,1184860452290487,44.443931,-68.029391,0.18057822853306668,Not LSOG,0
ME,2019-2023,1184860453290487,44.596065,-69.688294,0.18057822853306668,Not LSOG,0
ME,2019-2023,1184860454290487,44.511591,-69.735814,0.5638432296525292,Not LSOG,1
ME,2019-2023,1184860455290487,46.542214,-69.619015,0.21537891006925972,Not LSOG,2
ME,2019-2023,1184860456290487,46.454456,-69.703633,0.1974009304781744,Not LSOG,1
ME,2019-2023,1184860457290487,46.489141,-69.826405,0.35114083218079845,Not LSOG,3
ME,2019-2023,1184860458290487,46.386725,-69.905215,0.18057822853306668,Not LSOG,0
ME,2019-2023,1184860459290487,46.225636,-69.863661,0.18057822853306668,Not LSOG,0
ME,2019-2023,1184860460290487,46.331161,-69.968254,0.21537891006925972,Not LSOG,2
ME,2019-2023,1184860461290487,46.181547,-69.892296,0.1974009304781744,Not LSOG,1
ME,2019-2023,1184860462290487,46.247894,-70.036983,0.276354286363825,Not LSOG,3
ME,2019-2023,1184860463290487,46.168294,-70.102653,0.37655136224865404,Transitioning LS,4
ME,2019-2023,1184860464290487,46.112307,-69.97163,0.1974009304781744,Not LSOG,1
ME,2019-2023,1184860465290487,46.047686,-70.006448,0.23627134681094064,Not LSOG,1
ME,2019-2023,1184860466290487,46.117179,-70.164602,0.21537891006925972,Not LSOG,2
ME,2019-2023,1184860467290487,45.058051,-70.4412,0.23627134681094064,Not LSOG,1
ME,2019-2023,1184860468290487,45.166555,-70.539248,0.21537891006925972,Not LSOG,2
ME,2019-2023,1184860469290487,43.735362,-70.960291,0.7016404850350887,LS,6
ME,2019-2023,1184860472290487,45.343929,-69.590076,0.28616415720028543,Transitioning LS,5
ME,2019-2023,1184860473290487,45.434076,-69.703969,0.590634963918016,Not LSOG,2
ME,2019-2023,1184860474290487,45.301147,-69.655727,0.5638432296525292,Not LSOG,1
ME,2019-2023,1184860475290487,45.237869,-69.724212,0.5638432296525292,Not LSOG,1
ME,2019-2023,1184860476290487,45.061406,-69.695323,0.32448601524557913,Not LSOG,3
ME,2019-2023,1184860477290487,45.139547,-69.749772,0.18057822853306668,Not LSOG,0
ME,2019-2023,1184860478290487,45.222693,-69.875549,0.2548705952953345,Not LSOG,3
ME,2019-2023,1184860479290487,45.057994,-69.830406,0.18057822853306668,Not LSOG,0
ME,2019-2023,1184860481290487,44.91202,-69.754372,0.5638432296525292,Not LSOG,1
ME,2019-2023,1184860484290487,45.02846,-69.981712,0.6447355333707196,Not LSOG,2
ME,2019-2023,1184860486290487,44.800476,-70.053726,0.18057822853306668,Not LSOG,0
ME,2019-2023,1184860487290487,44.61996,-70.036603,0.1974009304781744,Not LSOG,1
ME,2019-2023,1184860488290487,46.071045,-68.554606,0.693303778831513,Transitioning LS,4
ME,2019-2023,1184860489290487,45.987156,-68.63757,0.3008160045392108,Not LSOG,3
ME,2019-2023,1184860490290487,46.026416,-68.810415,0.6447355333707196,Not LSOG,2
ME,2019-2023,1184860491290487,45.870354,-68.770627,0.18057822853306668,Not LSOG,0
ME,2019-2023,1184860492290487,45.79691,-68.851294,0.693303778831513,Transitioning LS,4
ME,2019-2023,1184860493290487,45.873436,-68.911804,0.2781616398280879,Not LSOG,3
ME,2019-2023,1184860495290487,45.678012,-68.954891,0.3638434539488941,Not LSOG,3
ME,2019-2023,1184860496290487,44.37196,-69.637299,0.590634963918016,Not LSOG,2
ME,2019-2023,1184860497290487,44.46115,-69.7588,0.5638432296525292,Not LSOG,1
ME,2019-2023,1184860499290487,44.22189,-69.752067,0.6447355333707196,Not LSOG,2
ME,2019-2023,1184860501290487,44.234067,-69.920022,0.18057822853306668,Not LSOG,0
ME,2019-2023,1184860502290487,44.074205,-69.902305,0.590634963918016,Not LSOG,2
ME,2019-2023,1184860503290487,44.192673,-69.93799,0.23627134681094064,Not LSOG,1
ME,2019-2023,1184860504290487,44.168257,-69.995277,0.6447355333707196,Not LSOG,2
ME,2019-2023,1184860505290487,44.112441,-70.06011,0.23627134681094064,Not LSOG,1
ME,2019-2023,1184860506290487,43.99492,-69.952844,0.4407075068615797,LS,6
ME,2019-2023,1184860508290487,44.026361,-70.07267,0.738002184027737,Transitioning LS,5
ME,2019-2023,1184860509290487,43.854138,-70.035973,0.642582583708017,Not LSOG,3
ME,2019-2023,1184860510290487,46.110349,-68.352582,0.21544099060697866,Not LSOG,1
ME,2019-2023,1184860511290487,45.944128,-68.275066,0.23458173694842877,Not LSOG,2
ME,2019-2023,1184860512290487,46.079862,-68.355033,0.5638432296525292,Not LSOG,1
ME,2019-2023,1184860513290487,46.065932,-68.397714,0.1974009304781744,Not LSOG,1
ME,2019-2023,1184860514290487,45.971416,-68.471371,0.21544099060697866,Not LSOG,1
ME,2019-2023,1184860515290487,45.87152,-68.373749,0.18057822853306668,Not LSOG,0
ME,2019-2023,1184860516290487,45.841404,-68.399432,0.37435030153963456,Transitioning LS,5
ME,2019-2023,1184860517290487,45.925631,-68.530014,0.859221115959207,OG,9
ME,2019-2023,1184860519290487,45.822503,-68.584856,0.6447355333707196,Not LSOG,2
ME,2019-2023,1184860520290487,45.687826,-68.517402,0.1974009304781744,Not LSOG,1
ME,2019-2023,1184860521290487,45.598668,-68.607385,0.21544099060697866,Not LSOG,1
ME,2019-2023,1184860522290487,45.721622000000004,-68.718006,0.3008160045392108,Not LSOG,3
ME,2019-2023,1184860523290487,43.96463,-69.596999,0.7247898674183201,LS,7
ME,2019-2023,1184860524290487,45.092519,-70.638167,0.6447355333707196,Not LSOG,2
ME,2019-2023,1184860525290487,44.923003,-70.388443,0.18057822853306668,Not LSOG,0
ME,2019-2023,1184860526290487,44.866859,-70.564086,0.37435030153963456,Transitioning LS,5
ME,2019-2023,1184860529290487,44.712296,-70.702918,0.6673907669706552,Transitioning LS,4
ME,2019-2023,1184860530290487,44.660349,-70.771613,0.6299685665522238,Not LSOG,2
ME,2019-2023,1184860531290487,44.666661,-70.966009,0.18057822853306668,Not LSOG,0
ME,2019-2023,1184860532290487,46.7763,-69.194255,0.1974009304781744,Not LSOG,1
ME,2019-2023,1184860533290487,46.609348,-69.142173,0.21537891006925972,Not LSOG,2
ME,2019-2023,1184860534290487,46.561587,-69.178804,0.2782353995884367,Not LSOG,2
ME,2019-2023,1184860535290487,46.636982,-69.300842,0.1974009304781744,Not LSOG,1
ME,2019-2023,1184860536290487,46.577268,-69.374774,0.616899151780938,Not LSOG,3
ME,2019-2023,1184860537290487,46.413752,-69.332731,0.3244055053540762,Transitioning LS,4
ME,2019-2023,1184860539290487,46.479846,-69.442175,0.1974009304781744,Not LSOG,1
ME,2019-2023,1184860540290487,46.4267,-69.473181,0.21537891006925972,Not LSOG,2
ME,2019-2023,1184860541290487,46.368022,-69.564314,0.6447355333707196,Not LSOG,2
ME,2019-2023,1184860542290487,47.072873,-68.523724,0.18057822853306668,Not LSOG,0
ME,2019-2023,1184860543290487,46.99853,-68.545581,0.23627134681094064,Not LSOG,1
ME,2019-2023,1184860544290487,44.796028,-70.247105,0.693303778831513,Transitioning LS,4
ME,2019-2023,1184860545290487,44.659118,-70.198842,0.5638432296525292,Not LSOG,1
ME,2019-2023,1184860546290487,44.609656,-70.246789,0.2660250523939226,Transitioning LS,4
ME,2019-2023,1184860547290487,44.506556,-70.105662,0.5638432296525292,Not LSOG,1
ME,2019-2023,1184860548290487,44.429238,-70.183745,0.5638432296525292,Not LSOG,1
ME,2019-2023,1184860549290487,44.520497,-70.287916,0.23627134681094064,Not LSOG,1
ME,2019-2023,1184860550290487,44.579659,-70.427542,0.590634963918016,Not LSOG,2
ME,2019-2023,1184860551290487,44.4216,-70.375161,0.23458173694842877,Not LSOG,2
ME,2019-2023,1184860552290487,44.36579,-70.403958,0.1974009304781744,Not LSOG,1
ME,2019-2023,1184860554290487,44.222103,-70.347237,0.2548705952953345,Not LSOG,3
ME,2019-2023,1184860555290487,44.293393,-70.463183,0.590634963918016,Not LSOG,2
ME,2019-2023,1184860556290487,44.399633,-70.48578,0.6447355333707196,Not LSOG,2
ME,2019-2023,1184860557290487,46.463222,-68.654652,0.5638432296525292,Not LSOG,1
ME,2019-2023,1184860558290487,46.373319,-68.531413,0.18057822853306668,Not LSOG,0
ME,2019-2023,1184860559290487,46.320801,-68.588141,0.18057822853306668,Not LSOG,0
ME,2019-2023,1184860560290487,46.414395,-68.719894,0.18057822853306668,Not LSOG,0
ME,2019-2023,1184860561290487,46.484175,-68.832626,0.18057822853306668,Not LSOG,0
ME,2019-2023,1184860562290487,46.337708,-68.732206,0.2782353995884367,Not LSOG,2
ME,2019-2023,1184860563290487,46.255766,-68.847197,0.4026596151397796,Transitioning LS,5
ME,2019-2023,1184860564290487,46.100075,-68.807837,0.23627134681094064,Not LSOG,1
ME,2019-2023,1184860565290487,46.214121,-68.891945,0.2660250523939226,Transitioning LS,4
ME,2019-2023,1184860566290487,46.126704,-68.929846,0.7143095470364913,Transitioning LS,5
ME,2019-2023,1184860568290487,45.952882,-68.883327,0.4565113098243979,LS,6
ME,2019-2023,1184860569290487,45.874112,-68.96247,0.6673907669706552,Transitioning LS,4
ME,2019-2023,1184860570290487,45.982076,-69.098429,0.5638432296525292,Not LSOG,1
ME,2019-2023,1184860571290487,46.069077,-69.199024,0.21537891006925972,Not LSOG,2
ME,2019-2023,1184860573290487,47.071745,-67.867861,0.32448601524557913,Not LSOG,3
ME,2019-2023,1184860574290487,46.894906,-67.870681,0.18057822853306668,Not LSOG,0
ME,2019-2023,1184860576290487,46.857554,-68.101572,0.23458173694842877,Not LSOG,2
ME,2019-2023,1184860577290487,46.712885,-68.009428,0.18057822853306668,Not LSOG,0
ME,2019-2023,1184860578290487,45.359427,-68.010638,0.18057822853306668,Not LSOG,0
ME,2019-2023,1184860579290487,45.298797,-68.050027,0.2781616398280879,Not LSOG,3
ME,2019-2023,1184860580290487,45.410458,-68.172167,0.21537891006925972,Not LSOG,2
ME,2019-2023,1184860581290487,45.333862,-68.213648,0.1974009304781744,Not LSOG,1
ME,2019-2023,1184860582290487,45.409894,-68.35975,0.23627134681094064,Not LSOG,1
ME,2019-2023,1184860583290487,45.259148,-68.317494,0.18057822853306668,Not LSOG,0
ME,2019-2023,1184860585290487,45.094919,-68.233681,0.25665733770473287,Not LSOG,2
ME,2019-2023,1184860586290487,45.241837,-68.325552,0.21537891006925972,Not LSOG,2
ME,2019-2023,1184860587290487,45.118322,-68.431984,0.21537891006925972,Not LSOG,2
ME,2019-2023,1184860588290487,45.209444,-68.537674,0.25665733770473287,Not LSOG,2
ME,2019-2023,1184860589290487,45.064682,-68.468938,0.21544099060697866,Not LSOG,1
ME,2019-2023,1184860590290487,44.950801,-68.334344,0.1974009304781744,Not LSOG,1
ME,2019-2023,1184860592290487,46.953344,-68.64234,0.1974009304781744,Not LSOG,1
ME,2019-2023,1184860593290487,46.839124,-68.51397,0.4026596151397796,Transitioning LS,5
ME,2019-2023,1184860594290487,46.792026,-68.550355,0.4026596151397796,Transitioning LS,5
ME,2019-2023,1184860595290487,46.876921,-68.686244,0.3372258947261574,Transitioning LS,5
ME,2019-2023,1184860596290487,46.784402,-68.737527,0.3008160045392108,Not LSOG,3
ME,2019-2023,1184860597290487,46.892472,-68.908563,0.3027939542100569,Not LSOG,2
ME,2019-2023,1184860598290487,46.741311,-68.804774,0.21537891006925972,Not LSOG,2
ME,2019-2023,1184860599290487,46.619173,-68.693465,0.18057822853306668,Not LSOG,0
ME,2019-2023,1184860600290487,46.556184,-68.749073,0.3008160045392108,Not LSOG,3
ME,2019-2023,1184860601290487,46.721488,-68.858225,0.3008160045392108,Not LSOG,3
ME,2019-2023,1184860602290487,46.64062,-68.884773,0.18057822853306668,Not LSOG,0
ME,2019-2023,1184860603290487,46.567479,-68.939636,0.616899151780938,Not LSOG,3
ME,2019-2023,1184860604290487,46.686365,-69.033016,0.738002184027737,Transitioning LS,5
ME,2019-2023,1184860605290487,45.845076,-69.188642,0.37435030153963456,Transitioning LS,5
ME,2019-2023,1184860606290487,45.743448,-69.056816,0.3244055053540762,Transitioning LS,4
ME,2019-2023,1184860607290487,45.699879,-69.152333,0.1974009304781744,Not LSOG,1
ME,2019-2023,1184860608290487,45.77547,-69.259143,0.6694711472295376,Not LSOG,3
ME,2019-2023,1184860609290487,45.885218,-69.399101,0.21537891006925972,Not LSOG,2
ME,2019-2023,1184860610290487,45.714586,-69.335862,0.18057822853306668,Not LSOG,0
ME,2019-2023,1184860611290487,45.6266,-69.367048,0.2548705952953345,Not LSOG,3
ME,2019-2023,1184860612290487,45.551398,-69.23453,0.276354286363825,Not LSOG,3
ME,2019-2023,1184860613290487,45.454623,-69.305277,0.18057822853306668,Not LSOG,0
ME,2019-2023,1184860614290487,45.556251,-69.437625,0.693303778831513,Transitioning LS,4
ME,2019-2023,1184860615290487,45.654242000000004,-69.406827,0.7143095470364913,Transitioning LS,5
ME,2019-2023,1184860616290487,45.667233,-69.558617,0.590634963918016,Not LSOG,2
ME,2019-2023,1184860618290487,45.428359,-69.522911,0.2237571855968245,Not LSOG,3
ME,2019-2023,1184860619290487,45.320822,-69.449105,0.21537891006925972,Not LSOG,2
ME,2019-2023,1184860621290487,47.105483,-68.06421,0.7587418963588353,Transitioning LS,5
ME,2019-2023,1184860622290487,47.007997,-67.963934,0.18057822853306668,Not LSOG,0
ME,2019-2023,1184860624290487,47.115534,-68.26993,0.18057822853306668,Not LSOG,0
ME,2019-2023,1184860625290487,43.950044,-70.179722,0.25665733770473287,Not LSOG,2
ME,2019-2023,1184860627290487,43.824737,-70.255955,0.21537891006925972,Not LSOG,2
ME,2019-2023,1184860629290487,43.744244,-70.33119,0.590634963918016,Not LSOG,2
ME,2019-2023,1184860630290487,43.566015,-70.289725,0.32448601524557913,Not LSOG,3
ME,2019-2023,1184860631290487,43.580643,-70.456647,0.3244055053540762,Transitioning LS,4
ME,2019-2023,1184860632290487,43.449878,-70.390348,0.590634963918016,Not LSOG,2
ME,2019-2023,1184860633290487,43.551295,-70.420434,0.6447355333707196,Not LSOG,2
ME,2019-2023,1184860634290487,43.5113,-70.51308,0.5638432296525292,Not LSOG,1
ME,2019-2023,1184860635290487,43.453239,-70.51691,0.18057822853306668,Not LSOG,0
ME,2019-2023,1184860637290487,45.085286,-68.628077,0.18057822853306668,Not LSOG,0
ME,2019-2023,1184860639290487,47.334924,-69.294979,0.18057822853306668,Not LSOG,0
ME,2019-2023,1184860640290487,45.947838,-70.09162,0.7398130914210179,Transitioning LS,4
ME,2019-2023,1184860641290487,46.046512,-70.217889,0.18057822853306668,Not LSOG,0
ME,2019-2023,1184860642290487,45.971346,-70.26086,0.25665733770473287,Not LSOG,2
ME,2019-2023,1184860643290487,46.96738,-68.209006,0.18057822853306668,Not LSOG,0
ME,2019-2023,1184860644290487,46.886614,-68.266355,0.21544099060697866,Not LSOG,1
ME,2019-2023,1184860645290487,46.810536,-68.179751,0.18057822853306668,Not LSOG,0
ME,2019-2023,1184860646290487,46.806505,-68.335728,0.1974009304781744,Not LSOG,1
ME,2019-2023,1184860647290487,46.912847,-68.326336,0.3008160045392108,Not LSOG,3
ME,2019-2023,1184860648290487,46.914496,-68.481595,0.18057822853306668,Not LSOG,0
ME,2019-2023,1184860649290487,46.743151,-68.392395,0.5638432296525292,Not LSOG,1
ME,2019-2023,1184860651290487,46.591916,-68.320831,0.1974009304781744,Not LSOG,1
ME,2019-2023,1184860652290487,46.528132,-68.405713,0.18057822853306668,Not LSOG,0
ME,2019-2023,1184860653290487,46.625893,-68.501366,0.21537891006925972,Not LSOG,2
ME,2019-2023,1184860654290487,46.694828,-68.669898,0.21537891006925972,Not LSOG,2
ME,2019-2023,1184860655290487,46.531298,-68.603065,0.18057822853306668,Not LSOG,0
ME,2019-2023,1184860656290487,45.154487,-68.784945,0.4026596151397796,Transitioning LS,5
ME,2019-2023,1184860657290487,45.104303,-68.837349,0.1974009304781744,Not LSOG,1
ME,2019-2023,1184860662290487,44.887012,-69.029552,0.23458173694842877,Not LSOG,2
ME,2019-2023,1184860663290487,44.746825,-68.976012,0.276354286363825,Not LSOG,3
ME,2019-2023,1184860664290487,44.821414,-69.059469000000007,0.34900515581462815,Transitioning LS,4
ME,2019-2023,1184860665290487,44.768208,-69.15764,0.738002184027737,Transitioning LS,5
ME,2019-2023,1184860666290487,45.628503,-68.770523,0.4026596151397796,Transitioning LS,5
ME,2019-2023,1184860667290487,45.566491,-68.867106,0.21537891006925972,Not LSOG,2
ME,2019-2023,1184860669290487,45.386238,-68.789794,0.6673907669706552,Transitioning LS,4
ME,2019-2023,1184860670290487,45.494296,-68.892639,0.3125751083612596,Not LSOG,3
ME,2019-2023,1184860671290487,45.354769,-68.832264,0.1974009304781744,Not LSOG,1
ME,2019-2023,1184860673290487,45.3554,-69.00762,0.7398130914210179,Transitioning LS,4
ME,2019-2023,1184860674290487,45.206144,-68.966666,0.2781616398280879,Not LSOG,3
ME,2019-2023,1184860676290487,45.138149,-69.018317,0.5638432296525292,Not LSOG,1
ME,2019-2023,1184860677290487,45.215903,-69.118746,0.32448601524557913,Not LSOG,3
ME,2019-2023,1184860678290487,45.147697,-69.173892,0.1974009304781744,Not LSOG,1
ME,2019-2023,1184860681290487,45.051321,-69.226746,0.6913826175977362,Transitioning LS,4
ME,2019-2023,1184860682290487,44.967345,-68.523906,0.4026596151397796,Transitioning LS,5
ME,2019-2023,1184860683290487,45.911279,-70.152696,0.21537891006925972,Not LSOG,2
ME,2019-2023,1184860684290487,45.837131,-70.192175,0.23458173694842877,Not LSOG,2
ME,2019-2023,1184860685290487,45.220508,-70.27234,0.6694711472295376,Not LSOG,3
ME,2019-2023,1184860686290487,45.677146,-70.340141,0.18057822853306668,Not LSOG,0
ME,2019-2023,1184860687290487,45.61519,-70.358472,0.1974009304781744,Not LSOG,1
ME,2019-2023,1184860688290487,45.546192,-70.424082,0.693303778831513,Transitioning LS,4
ME,2019-2023,1184860689290487,45.651379,-70.488403,0.590634963918016,Not LSOG,2
ME,2019-2023,1184860690290487,45.63175,-70.520921,0.2781616398280879,Not LSOG,3
ME,2019-2023,1184860692290487,45.467499,-70.4739,0.18057822853306668,Not LSOG,0
ME,2019-2023,1184860693290487,45.406268,-70.553621,0.2988454372844079,Transitioning LS,4
ME,2019-2023,1184860694290487,45.486235,-70.677088,0.7782695934252377,LS,6
ME,2019-2023,1184860695290487,45.329496,-70.617907,0.3244055053540762,Transitioning LS,4
ME,2019-2023,1184860696290487,47.412357,-69.03759,0.1974009304781744,Not LSOG,1
ME,2019-2023,1184860697290487,47.219552,-69.025891,0.6913826175977362,Transitioning LS,4
ME,2019-2023,1184860698290487,47.314025,-69.155877,0.21537891006925972,Not LSOG,2
ME,2019-2023,1184860699290487,47.230572,-69.185618,0.21537891006925972,Not LSOG,2
ME,2019-2023,1184860700290487,47.141482,-69.06981,0.6169859589412369,Not LSOG,2
ME,2019-2023,1184860701290487,47.065388,-69.118495,0.5638432296525292,Not LSOG,1
ME,2019-2023,1184860702290487,46.181936,-69.505019,0.18057822853306668,Not LSOG,0
ME,2019-2023,1184860703290487,46.128757,-69.560148,0.25665733770473287,Not LSOG,2
ME,2019-2023,1184860704290487,45.40455,-67.586317,0.18057822853306668,Not LSOG,0
ME,2019-2023,1184860705290487,45.234126,-67.545658,0.276354286363825,Not LSOG,3
ME,2019-2023,1184860706290487,45.147374,-67.58474,0.25665733770473287,Not LSOG,2
ME,2019-2023,1184860707290487,45.189837,-67.750165,0.590634963918016,Not LSOG,2
ME,2019-2023,1184860710290487,43.381661,-70.604759,0.7703853523113013,Transitioning LS,4
ME,2019-2023,1184860711290487,44.998795,-68.732937,0.25665733770473287,Not LSOG,2
ME,2019-2023,1184860712290487,44.8515,-68.639385,0.1974009304781744,Not LSOG,1
ME,2019-2023,1184860713290487,44.76088,-68.567762,0.2782353995884367,Not LSOG,2
ME,2019-2023,1184860716290487,44.704408,-68.782152,0.3244055053540762,Transitioning LS,4
ME,2019-2023,1184860717290487,44.63003,-68.852843,0.18057822853306668,Not LSOG,0
ME,2019-2023,1184860718290487,44.53652,-68.71562,0.32448601524557913,Not LSOG,3
ME,2019-2023,1184860719290487,44.484349,-68.770937,0.5638432296525292,Not LSOG,1
ME,2019-2023,1184860721290487,44.582861,-69.088857,0.5638432296525292,Not LSOG,1
ME,2019-2023,1184860723290487,44.668763,-67.398396,0.23627134681094064,Not LSOG,1
ME,2019-2023,1184860724290487,44.787323,-67.10236,0.37435030153963456,Transitioning LS,5
ME,2019-2023,1184860726290487,44.869645,-67.226497,0.2548705952953345,Not LSOG,3
ME,2019-2023,1184860727290487,44.728845,-67.175333,0.2549403602718784,Not LSOG,2
ME,2019-2023,1184860728290487,44.809733,-67.28766,0.21537891006925972,Not LSOG,2
ME,2019-2023,1184860729290487,44.746649,-67.346327,0.7981567864823539,LS,6
ME,2019-2023,1184860731290487,45.093392,-67.226987,0.7162212459177082,Transitioning LS,4
ME,2019-2023,1184860732290487,45.140361,-67.412198,0.6913826175977362,Transitioning LS,4
ME,2019-2023,1184860733290487,45.025341,-67.275823,0.1974009304781744,Not LSOG,1
ME,2019-2023,1184860735290487,45.057967,-67.471428,0.5638432296525292,Not LSOG,1
ME,2019-2023,1184860737290487,44.982693,-67.530753,0.18057822853306668,Not LSOG,0
ME,2019-2023,1184860738290487,44.92304,-67.601376,0.18057822853306668,Not LSOG,0
ME,2019-2023,1184860739290487,44.819528,-67.484393,0.18057822853306668,Not LSOG,0
ME,2019-2023,1184860740290487,44.869212,-67.662313,0.18057822853306668,Not LSOG,0
ME,2019-2023,1184860743290487,44.385725,-68.64511,0.25665733770473287,Not LSOG,2
ME,2019-2023,1184860744290487,44.813476,-68.909941,0.18057822853306668,Not LSOG,0
ME,2019-2023,1184860745290487,44.504634,-68.970943,0.21544099060697866,Not LSOG,1
ME,2019-2023,1184860746290487,44.45497,-69.333578,0.6913826175977362,Transitioning LS,4
ME,2019-2023,1184860747290487,44.251,-69.36897,0.616899151780938,Not LSOG,3
ME,2019-2023,1184860750290487,46.268556,-68.880771,0.37435030153963456,Transitioning LS,5
ME,2019-2023,1184860751290487,44.87058,-70.003494,0.25665733770473287,Not LSOG,2
ME,2019-2023,1184860752290487,44.710327,-70.144918,0.6169859589412369,Not LSOG,2
ME,2019-2023,1184860753290487,43.545771,-70.810078,0.6694711472295376,Not LSOG,3
ME,2019-2023,1184860754290487,46.206256,-69.054048,0.25665733770473287,Not LSOG,2
ME,2019-2023,1184860756290487,45.237034,-70.509615,0.18057822853306668,Not LSOG,0
ME,2019-2023,1184860757290487,45.010366,-70.659042,0.18057822853306668,Not LSOG,0
ME,2019-2023,1184860758290487,46.548269,-69.767063,0.1974009304781744,Not LSOG,1
ME,2019-2023,1184860759290487,45.062557,-71.027229,0.25665733770473287,Not LSOG,2
ME,2019-2023,1184860760290487,45.024088,-71.025009,0.18057822853306668,Not LSOG,0
ME,2019-2023,1184860761290487,44.292659,-70.911233,0.590634963918016,Not LSOG,2
ME,2019-2023,1184860762290487,43.424809,-70.670415,0.642582583708017,Not LSOG,3
ME,2019-2023,1184860763290487,44.340144,-70.889168,0.6447355333707196,Not LSOG,2
ME,2019-2023,1184860764290487,44.327616,-70.983645,0.7876667425300836,LS,6
ME,2019-2023,1184860765290487,44.369203,-70.922734,0.3366427523696114,Transitioning LS,4
ME,2019-2023,1184860766290487,44.304599,-70.830997,0.5638432296525292,Not LSOG,1
NH,2019-2023,511084175126144,43.196207,-71.002984,0.9238056737322272,Not LSOG,2
NH,2019-2023,511084176126144,43.188592,-70.930262,0.6616594421356939,Not LSOG,1
NH,2019-2023,511084177126144,42.987461,-70.976405,0.6365715342373877,Not LSOG,1
NH,2019-2023,511084178126144,43.058693,-71.100523,0.9020230015787777,Not LSOG,1
NH,2019-2023,511084180126144,42.775202,-71.287042,0.9113090051979087,Not LSOG,2
NH,2019-2023,511084182126144,43.431291,-70.996647,0.7510747853619543,Transitioning LS,5
NH,2019-2023,511084183126144,43.521183,-71.12718,0.9020230015787777,Not LSOG,1
NH,2019-2023,511084184126144,43.173668,-71.232856,0.9113090051979087,Not LSOG,2
NH,2019-2023,511084185126144,42.973713,-71.551249,0.7108914504188132,Not LSOG,2
NH,2019-2023,511084187126144,42.812349,-71.650418,0.6108051578444568,Not LSOG,0
NH,2019-2023,511084188126144,43.917183,-71.007868,0.7108914504188132,Not LSOG,2
NH,2019-2023,511084189126144,43.864999,-71.263025,0.9415162834945795,Transitioning LS,4
NH,2019-2023,511084191126144,43.494384,-71.357996,0.9197931634319174,Not LSOG,3
NH,2019-2023,511084192126144,43.554148,-71.470025,0.7436846546983524,Not LSOG,2
NH,2019-2023,511084194126144,43.181701,-71.573855,0.6108051578444568,Not LSOG,0
NH,2019-2023,511084195126144,43.286627,-71.690339,0.9522462095364166,LS,6
NH,2019-2023,511084196126144,42.922122,-71.801762,0.9197931634319174,Not LSOG,3
NH,2019-2023,511084198126144,42.718721,-72.110495,0.6108051578444568,Not LSOG,0
NH,2019-2023,511084199126144,44.344167,-71.269634,0.7521908014412135,Transitioning LS,4
NH,2019-2023,511084200126144,44.10196,-71.246831,0.7832727590266187,Transitioning LS,4
NH,2019-2023,511084201126144,43.969233,-71.386118,0.9525173249921776,Transitioning LS,5
NH,2019-2023,511084202126144,43.650043,-71.598537,0.928183186334843,Not LSOG,2
NH,2019-2023,511084203126144,43.492271,-71.916028,0.6365715342373877,Not LSOG,1
NH,2019-2023,511084205126144,43.101268,-72.012861,0.9311846737075506,Not LSOG,3
NH,2019-2023,511084206126144,43.017765,-72.224563,0.9113090051979087,Not LSOG,2
NH,2019-2023,511084207126144,44.838169,-71.074253,0.6365715342373877,Not LSOG,1
NH,2019-2023,511084208126144,44.620207,-71.062001,0.6108051578444568,Not LSOG,0
NH,2019-2023,511084209126144,44.720558,-71.150851,0.9113090051979087,Not LSOG,2
NH,2019-2023,511084210126144,44.80134,-71.292409,0.7330008214425886,Not LSOG,2
NH,2019-2023,511084211126144,44.487283,-71.149455,0.9020230015787777,Not LSOG,1
NH,2019-2023,511084212126144,44.443847,-71.340289,0.9113090051979087,Not LSOG,2
NH,2019-2023,511084213126144,44.417272,-71.414215,0.9351680000257665,Not LSOG,3
NH,2019-2023,511084214126144,44.36428,-71.606385,0.6108051578444568,Not LSOG,0
NH,2019-2023,511084215126144,44.044145,-71.495956,0.8099267271026953,Transitioning LS,5
NH,2019-2023,511084216126144,43.992821,-71.740173,0.9113090051979087,Not LSOG,2
NH,2019-2023,511084217126144,43.845245,-71.848568,0.9198202579551338,Not LSOG,2
NH,2019-2023,511084218126144,43.718998,-71.962517,0.6108051578444568,Not LSOG,0
NH,2019-2023,511084219126144,43.600164,-71.803094,0.6477229572278597,Not LSOG,3
NH,2019-2023,511084220126144,43.337344,-71.993893,0.6222780689963144,Not LSOG,2
NH,2019-2023,511084221126144,43.440029,-72.132391,0.9020230015787777,Not LSOG,1
NH,2019-2023,511084223126144,42.997482,-72.436083,0.6739280691085929,Not LSOG,1
NH,2019-2023,511084224126144,45.156747,-71.212407,0.9113090051979087,Not LSOG,2
NH,2019-2023,511084225126144,44.74752,-71.498639,0.9472963363851143,Transitioning LS,4
NH,2019-2023,511084227126144,44.149415,-71.965322,0.9020230015787777,Not LSOG,1
NH,2019-2023,511084228126144,44.071843,-71.830218,0.7089584370224428,Not LSOG,3
NH,2019-2023,511084229126144,43.79764,-72.081125,0.9113090051979087,Not LSOG,2
NH,2019-2023,511084231126144,45.105106,-71.417426,0.9351680000257665,Not LSOG,3
NH,2019-2023,511084232126144,43.938888,-71.275143,0.9351680000257665,Not LSOG,3
NH,2019-2023,511084233126144,44.314484,-71.154518,0.7521908014412135,Transitioning LS,4
NH,2019-2023,511084234126144,44.179096,-71.295938,0.9346190144111312,Not LSOG,3
NH,2019-2023,511084235126144,44.051928,-71.390944,0.931351746257125,Transitioning LS,4
NH,2019-2023,511084236126144,44.165095,-71.496425,0.7539363368253053,Not LSOG,3
NH,2019-2023,511084237126144,44.574638,-71.321252,0.7108914504188132,Not LSOG,2
NH,2019-2023,511084238126144,44.519401,-71.410163,0.7738013078555422,Not LSOG,3
NH,2019-2023,511084239126144,44.085939,-71.75994,0.7521908014412135,Transitioning LS,4
NH,2019-2023,511084240126144,44.406417,-71.154071,0.6365715342373877,Not LSOG,1
NH,2019-2023,511084241126144,44.309761,-71.276629,0.7738013078555422,Not LSOG,3
NH,2019-2023,511084242126144,44.198413,-71.163092,0.6365715342373877,Not LSOG,1
NH,2019-2023,511084243126144,44.052203,-71.277555,0.9197931634319174,Not LSOG,3
NH,2019-2023,511084244126144,43.982204,-71.46277,0.7539363368253053,Not LSOG,3
NH,2019-2023,511084245126144,44.03855,-71.83529,0.7521908014412135,Transitioning LS,4
NH,2019-2023,511084359126144,43.024661,-70.934958,0.7077233760427172,Transitioning LS,4
NH,2019-2023,511084361126144,42.857794,-71.141728,0.928183186334843,Not LSOG,2
NH,2019-2023,511084362126144,42.923295,-71.327863,0.7640521038078671,Not LSOG,3
NH,2019-2023,511084364126144,43.425696,-71.167096,0.7329289264789006,Not LSOG,3
NH,2019-2023,511084365126144,43.509175,-71.288023,0.6365715342373877,Not LSOG,1
NH,2019-2023,511084366126144,43.198851,-71.144739,0.7436846546983524,Not LSOG,2
NH,2019-2023,511084367126144,43.283959,-71.277841,0.6108051578444568,Not LSOG,0
NH,2019-2023,511084368126144,43.137333,-71.385436,0.949990278890001,Transitioning LS,4
NH,2019-2023,511084369126144,43.070102,-71.273645,0.9113090051979087,Not LSOG,2
NH,2019-2023,511084370126144,43.10924,-71.609045,0.9303628454168843,LS,6
NH,2019-2023,511084372126144,42.841301,-71.586175,0.9020230015787777,Not LSOG,1
NH,2019-2023,511084374126144,44.033803,-71.081158,0.9351680000257665,Not LSOG,3
NH,2019-2023,511084375126144,43.81282,-71.090721,0.6108051578444568,Not LSOG,0
NH,2019-2023,511084376126144,43.885844,-71.196234,0.9522462095364166,LS,6
NH,2019-2023,511084377126144,43.649901,-71.181245,0.6365715342373877,Not LSOG,1
NH,2019-2023,511084379126144,43.458804,-71.538258,0.7082630044863193,Transitioning LS,5
NH,2019-2023,511084381126144,43.312892,-71.650848,0.6615772062685982,Not LSOG,2
NH,2019-2023,511084382126144,43.187665,-71.74466,0.9462205302961892,LS,7
NH,2019-2023,511084383126144,42.943243,-71.711835,0.9113090051979087,Not LSOG,2
NH,2019-2023,511084384126144,43.032546,-71.844221,0.7108914504188132,Not LSOG,2
NH,2019-2023,511084385126144,42.80719,-71.819679,0.9113090051979087,Not LSOG,2
NH,2019-2023,511084386126144,44.260721,-71.093404,0.7108914504188132,Not LSOG,2
NH,2019-2023,511084387126144,44.351517,-71.216781,0.9113090051979087,Not LSOG,2
NH,2019-2023,511084388126144,44.236103,-71.137889,0.6616594421356939,Not LSOG,1
NH,2019-2023,511084389126144,44.214783,-71.324176,0.7089584370224428,Not LSOG,3
NH,2019-2023,511084390126144,44.075169,-71.435635,0.9113090051979087,Not LSOG,2
NH,2019-2023,511084391126144,43.981635,-71.333738,0.9655093792174511,LS,7
NH,2019-2023,511084392126144,43.849655,-71.435282,0.7207627729304174,Transitioning LS,4
NH,2019-2023,511084393126144,43.923429,-71.529801,0.9415162834945795,Transitioning LS,4
NH,2019-2023,511084394126144,43.810731,-71.470813,0.949380828378789,LS,7
NH,2019-2023,511084395126144,43.649821,-71.555286,0.9415162834945795,Transitioning LS,4
NH,2019-2023,511084396126144,43.80354,-71.658745,0.9351680000257665,Not LSOG,3
NH,2019-2023,511084398126144,43.553233,-71.632664,0.9472963363851143,Transitioning LS,4
NH,2019-2023,511084399126144,43.401291,-71.748536,0.9351680000257665,Not LSOG,3
NH,2019-2023,511084401126144,43.252269,-71.836623,0.9020230015787777,Not LSOG,1
NH,2019-2023,511084402126144,43.35919,-71.963711,0.9197931634319174,Not LSOG,3
NH,2019-2023,511084403126144,43.212173,-72.075615,0.9020230015787777,Not LSOG,1
NH,2019-2023,511084404126144,42.978374,-72.058018,0.9415162834945795,Transitioning LS,4
NH,2019-2023,511084405126144,43.062761,-72.158768,0.6477229572278597,Not LSOG,3
NH,2019-2023,511084406126144,42.950813,-72.112868,0.9113090051979087,Not LSOG,2
NH,2019-2023,511084407126144,42.834925,-72.162918,0.9415162834945795,Transitioning LS,4
NH,2019-2023,511084408126144,42.856894,-72.334497,0.6108051578444568,Not LSOG,0
NH,2019-2023,511084409126144,42.799755,-72.385852,0.6108051578444568,Not LSOG,0
NH,2019-2023,511084410126144,44.962329,-71.151877,0.6108051578444568,Not LSOG,0
NH,2019-2023,511084413126144,44.535623,-71.450647,0.7329289264789006,Not LSOG,3
NH,2019-2023,511084414126144,44.297776,-71.443497,0.7737370079787957,Transitioning LS,4
NH,2019-2023,511084415126144,44.160446,-71.535373,0.7924435208101475,Transitioning LS,4
NH,2019-2023,511084416126144,44.123752,-71.783943,0.9549570865794462,Transitioning LS,5
NH,2019-2023,511084417126144,43.94747,-71.846721,0.9113090051979087,Not LSOG,2
NH,2019-2023,511084419126144,43.686262,-72.103258,0.818295456955041,Transitioning LS,5
NH,2019-2023,511084420126144,43.466996,-72.069745,0.6108051578444568,Not LSOG,0
NH,2019-2023,511084421126144,43.302709,-72.182112,0.9113090051979087,Not LSOG,2
NH,2019-2023,511084422126144,43.009689,-72.409343,0.9351680000257665,Not LSOG,3
NH,2019-2023,511084423126144,45.195959,-71.133727,0.9113090051979087,Not LSOG,2
NH,2019-2023,511084424126144,45.056507,-71.247362,0.6365715342373877,Not LSOG,1
NH,2019-2023,511084425126144,44.821671,-71.241512,0.6108051578444568,Not LSOG,0
NH,2019-2023,511084426126144,44.922396,-71.32984,0.6615772062685982,Not LSOG,2
NH,2019-2023,511084427126144,44.773827,-71.461557,0.7521908014412135,Transitioning LS,4
NH,2019-2023,511084428126144,44.755812,-71.29268,0.6365715342373877,Not LSOG,1
NH,2019-2023,511084429126144,44.39699,-71.559217,0.9275549559514751,Not LSOG,3
NH,2019-2023,511084430126144,44.328559,-71.75765,0.9113090051979087,Not LSOG,2
NH,2019-2023,511084432126144,43.963334,-71.894567,0.6878101010539076,Not LSOG,1
NH,2019-2023,511084434126144,43.766045,-72.149695,0.9275549559514751,Not LSOG,3
NH,2019-2023,511084436126144,43.539838,-72.205438,0.9351680000257665,Not LSOG,3
NH,2019-2023,511084437126144,43.391867,-72.315991,0.9113090051979087,Not LSOG,2
NH,2019-2023,511084438126144,45.230031,-71.329824,0.6365715342373877,Not LSOG,1
NH,2019-2023,511084440126144,44.109551,-71.101736,0.7737370079787957,Transitioning LS,4
NH,2019-2023,511084441126144,44.342283,-71.088554,0.8099267271026953,Transitioning LS,5
NH,2019-2023,511084442126144,44.003465,-71.200174,0.7108914504188132,Not LSOG,2
NH,2019-2023,511084443126144,44.168525,-71.448344,0.7108914504188132,Not LSOG,2
NH,2019-2023,511084444126144,43.926094,-71.410171,0.6857909734537151,Not LSOG,2
NH,2019-2023,511084445126144,44.540265,-71.382248,0.7924435208101475,Transitioning LS,4
NH,2019-2023,511084446126144,44.287749,-71.330136,0.7330008214425886,Not LSOG,2
NH,2019-2023,511084447126144,44.238992,-71.54993,0.9020230015787777,Not LSOG,1
NH,2019-2023,511084448126144,44.002603,-71.553133,0.9615335674902703,LS,6
NH,2019-2023,511084450126144,44.072806,-71.917989,0.9415365062012309,Not LSOG,3
NH,2019-2023,511084451126144,43.948214,-71.305373,0.9275549559514751,Not LSOG,3
NH,2019-2023,511084452126144,44.217571,-71.115981,0.949990278890001,Transitioning LS,4
NH,2019-2023,511084453126144,44.316351,-71.193585,0.7329289264789006,Not LSOG,3
NH,2019-2023,511084454126144,44.018722,-71.41793,0.9197931634319174,Not LSOG,3
NH,2019-2023,511084455126144,43.858464,-71.555259,0.7924435208101475,Transitioning LS,4
NH,2019-2023,511084456126144,44.258969,-71.427098,0.9197931634319174,Not LSOG,3
NH,2019-2023,511084457126144,44.11004,-71.540133,0.9525173249921776,Transitioning LS,5
NH,2019-2023,511084458126144,44.056624,-71.798982,0.9113090051979087,Not LSOG,2
NH,2019-2023,511084459126144,43.922359,-71.844807,0.9020230015787777,Not LSOG,1
NH,2019-2023,610880000126144,42.965231,-70.915835,0.7726887023095006,Transitioning LS,5
NH,2019-2023,610880001126144,42.933,-70.97202,0.7726887023095006,Transitioning LS,5
NH,2019-2023,610880002126144,43.250328,-70.928615,0.9412065627153526,Transitioning LS,4
NH,2019-2023,610880003126144,43.293009,-71.023883,0.6603198325429437,Not LSOG,2
NH,2019-2023,610880005126144,42.866922,-71.03567,0.9406849763704365,Transitioning LS,5
NH,2019-2023,610880006126144,43.050016,-71.102293,0.6108051578444568,Not LSOG,0
NH,2019-2023,610880007126144,43.139676,-71.213142,0.7329289264789006,Not LSOG,3
NH,2019-2023,610880008126144,42.916062,-71.13611,0.9020230015787777,Not LSOG,1
NH,2019-2023,610880010126144,42.740073,-71.31106,0.9238056737322272,Not LSOG,2
NH,2019-2023,610880011126144,43.63102,-71.007881,0.9113090051979087,Not LSOG,2
NH,2019-2023,610880012126144,43.837449,-71.191487,0.7726887023095006,Transitioning LS,5
NH,2019-2023,610880015126144,43.39594,-71.115131,0.9020230015787777,Not LSOG,1
NH,2019-2023,610880016126144,43.335307,-71.244207,0.928183186334843,Not LSOG,2
NH,2019-2023,610880017126144,43.261867,-71.102617,0.8964717001631706,Not LSOG,2
NH,2019-2023,610880018126144,43.305957,-71.449613,0.8080792674987548,LS,7
NH,2019-2023,610880019126144,43.219918,-71.347155,0.9020230015787777,Not LSOG,1
NH,2019-2023,610880020126144,43.274243,-71.455334,0.959465949495271,Transitioning LS,5
NH,2019-2023,610880022126144,43.065638,-71.423666,0.9197931634319174,Not LSOG,3
NH,2019-2023,610880025126144,42.906718,-71.540246,0.9020230015787777,Not LSOG,1
NH,2019-2023,610880026126144,42.854404,-71.408494,0.6975845040407582,Not LSOG,2
NH,2019-2023,610880028126144,42.770505,-71.63099,0.9351680000257665,Not LSOG,3
NH,2019-2023,610880029126144,42.861512,-71.772615,0.9351680000257665,Not LSOG,3
NH,2019-2023,610880030126144,44.102068,-71.030049,0.928183186334843,Not LSOG,2
NH,2019-2023,610880031126144,43.875849,-71.018,0.9113090051979087,Not LSOG,2
NH,2019-2023,610880033126144,43.717779,-71.132291,0.6108051578444568,Not LSOG,0
NH,2019-2023,610880036126144,43.688775,-71.382697,0.6615772062685982,Not LSOG,2
NH,2019-2023,610880037126144,43.471597,-71.277638,0.9410176635204919,Transitioning LS,4
NH,2019-2023,610880038126144,43.447646,-71.34948,0.9020230015787777,Not LSOG,1
NH,2019-2023,610880040126144,43.401926,-71.533771,0.6948870019824136,Transitioning LS,5
NH,2019-2023,610880041126144,43.393414,-71.569339,0.9151540000917224,Transitioning LS,4
NH,2019-2023,610880042126144,43.148119,-71.555672,0.928183186334843,Not LSOG,2
NH,2019-2023,610880043126144,43.245552000000004,-71.677466,0.9522462095364166,LS,6
NH,2019-2023,610880044126144,43.02903,-71.60808,0.928183186334843,Not LSOG,2
NH,2019-2023,610880045126144,43.019615,-71.6417,0.6878101010539076,Not LSOG,1
NH,2019-2023,610880047126144,42.96433,-71.889963,0.7617449886593315,LS,6
NH,2019-2023,610880048126144,42.746746,-71.873078,0.9378970983328971,Transitioning LS,4
NH,2019-2023,610880050126144,42.834874,-71.950405,0.6365715342373877,Not LSOG,1
NH,2019-2023,610880051126144,42.792476,-71.928605,0.6365715342373877,Not LSOG,1
NH,2019-2023,610880052126144,42.743931,-72.050364,0.9020230015787777,Not LSOG,1
NH,2019-2023,610880053126144,44.569663,-71.043809,0.7108914504188132,Not LSOG,2
NH,2019-2023,610880054126144,44.500518,-71.099254,0.6365715342373877,Not LSOG,1
NH,2019-2023,610880055126144,44.333236,-71.041346,0.7832727590266187,Transitioning LS,4
NH,2019-2023,610880056126144,44.420864,-71.162259,0.9113090051979087,Not LSOG,2
NH,2019-2023,610880057126144,44.228084,-71.06718,0.7924435208101475,Transitioning LS,4
NH,2019-2023,610880058126144,44.294606,-71.295799,0.7089584370224428,Not LSOG,3
NH,2019-2023,610880059126144,44.180755,-71.122642,0.9020230015787777,Not LSOG,1
NH,2019-2023,610880060126144,44.122972,-71.208814,0.6365715342373877,Not LSOG,1
NH,2019-2023,610880061126144,44.054906,-71.256774,0.7108914504188132,Not LSOG,2
NH,2019-2023,610880062126144,44.143156,-71.373159,0.9415162834945795,Transitioning LS,4
NH,2019-2023,610880063126144,43.909165,-71.365125,0.949380828378789,LS,7
NH,2019-2023,610880064126144,44.021176,-71.490484,0.9615335674902703,LS,6
NH,2019-2023,610880065126144,43.806808,-71.421156,0.9020230015787777,Not LSOG,1
NH,2019-2023,610880066126144,43.849659,-71.602861,0.9496673517714874,LS,6
NH,2019-2023,610880067126144,43.7505,-71.469862,0.9351680000257665,Not LSOG,3
NH,2019-2023,610880069126144,43.718047,-71.726549,0.9415162834945795,Transitioning LS,4
NH,2019-2023,610880070126144,43.477116,-71.682601,0.9410619565349565,Not LSOG,3
NH,2019-2023,610880071126144,43.615218,-71.762206,0.9113090051979087,Not LSOG,2
NH,2019-2023,610880072126144,43.567333,-71.808816,0.9576269799770059,Transitioning LS,5
NH,2019-2023,610880073126144,43.494855,-71.841361,0.6878101010539076,Not LSOG,1
NH,2019-2023,610880074126144,43.390005,-71.887349,0.949990278890001,Transitioning LS,4
NH,2019-2023,610880075126144,43.342367,-71.785563,0.9020230015787777,Not LSOG,1
NH,2019-2023,610880076126144,43.20818,-71.853661,0.9674930380213237,LS,6
NH,2019-2023,610880077126144,43.199074,-71.871987,0.9197931634319174,Not LSOG,3
NH,2019-2023,610880078126144,43.305619,-72.041977,0.9351680000257665,Not LSOG,3
NH,2019-2023,610880079126144,43.121351,-71.94638,0.9445076152019096,Not LSOG,3
NH,2019-2023,610880080126144,43.053519,-72.013933,0.9549570865794462,Transitioning LS,5
NH,2019-2023,610880081126144,43.170894,-72.101488,0.9020230015787777,Not LSOG,1
NH,2019-2023,610880082126144,43.143692,-72.104246,0.9020230015787777,Not LSOG,1
NH,2019-2023,610880083126144,43.012194,-72.219617,0.9410176635204919,Transitioning LS,4
NH,2019-2023,610880084126144,42.899538,-72.133959,0.9275549559514751,Not LSOG,3
NH,2019-2023,610880085126144,42.787363,-72.189982,0.9445076152019096,Not LSOG,3
NH,2019-2023,610880087126144,42.926468,-72.270635,0.6108051578444568,Not LSOG,0
NH,2019-2023,610880088126144,44.925855,-71.115289,0.928183186334843,Not LSOG,2
NH,2019-2023,610880089126144,44.816643,-71.075879,0.7737370079787957,Transitioning LS,4
NH,2019-2023,610880090126144,44.682964,-71.345233,0.6108051578444568,Not LSOG,0
NH,2019-2023,610880091126144,44.545325,-71.217721,0.6365715342373877,Not LSOG,1
NH,2019-2023,610880092126144,44.521893,-71.283376,0.7738013078555422,Not LSOG,3
NH,2019-2023,610880093126144,44.354262,-71.396285,0.6616594421356939,Not LSOG,1
NH,2019-2023,610880094126144,44.354441,-71.530688,0.7521908014412135,Transitioning LS,4
NH,2019-2023,610880095126144,44.329936,-71.613153,0.6365715342373877,Not LSOG,1
NH,2019-2023,610880096126144,44.100976,-71.618548,0.7521908014412135,Transitioning LS,4
NH,2019-2023,610880098126144,43.932575,-71.706212,0.6365715342373877,Not LSOG,1
NH,2019-2023,610880099126144,43.880401,-71.774763,0.9351680000257665,Not LSOG,3
NH,2019-2023,610880101126144,43.745827,-71.998926,0.6878101010539076,Not LSOG,1
NH,2019-2023,610880102126144,43.655173,-71.92973,0.9020230015787777,Not LSOG,1
NH,2019-2023,610880103126144,43.899221,-71.935869,0.9351680000257665,Not LSOG,3
NH,2019-2023,610880104126144,43.539008,-71.989097,0.6365715342373877,Not LSOG,1
NH,2019-2023,610880105126144,43.516103,-72.042384,0.791458525182036,Transitioning LS,5
NH,2019-2023,610880106126144,43.410267,-72.266447,0.6108051578444568,Not LSOG,0
NH,2019-2023,610880107126144,43.333279,-72.307709,0.9020230015787777,Not LSOG,1
NH,2019-2023,610880109126144,43.085175,-72.341874,0.9522462095364166,LS,6
NH,2019-2023,610880110126144,43.040449,-72.146088,0.9469970690703844,Transitioning LS,5
NH,2019-2023,610880111126144,42.865663,-72.5043,0.9197931634319174,Not LSOG,3
NH,2019-2023,610880112126144,45.029352,-71.069872,0.9020230015787777,Not LSOG,1
NH,2019-2023,610880113126144,45.127746,-71.192874,0.9020230015787777,Not LSOG,1
NH,2019-2023,610880114126144,45.139669,-71.379995,0.9415162834945795,Transitioning LS,4
NH,2019-2023,610880115126144,45.080517,-71.195704,0.9020230015787777,Not LSOG,1
NH,2019-2023,610880116126144,44.998848,-71.32603,0.6365715342373877,Not LSOG,1
NH,2019-2023,610880117126144,44.904516,-71.177984,0.6108051578444568,Not LSOG,0
NH,2019-2023,610880118126144,44.977008,-71.410772,0.6878101010539076,Not LSOG,1
NH,2019-2023,610880120126144,44.61845,-71.411719,0.9020230015787777,Not LSOG,1
NH,2019-2023,610880121126144,44.730181,-71.478552,0.6365715342373877,Not LSOG,1
NH,2019-2023,610880122126144,44.693969,-71.521583,0.7108914504188132,Not LSOG,2
NH,2019-2023,610880123126144,44.647279,-71.513113,0.6108051578444568,Not LSOG,0
NH,2019-2023,610880125126144,44.460542,-71.515688,0.9020230015787777,Not LSOG,1
NH,2019-2023,610880126126144,44.254249,-71.670829,0.9380489584014,Transitioning LS,5
NH,2019-2023,610880127126144,44.188805,-71.730402,0.9275549559514751,Not LSOG,3
NH,2019-2023,610880128126144,44.312157,-71.810366,0.9020230015787777,Not LSOG,1
NH,2019-2023,610880129126144,44.260769,-71.850733,0.9020230015787777,Not LSOG,1
NH,2019-2023,610880130126144,44.197055,-71.846327,0.9020230015787777,Not LSOG,1
NH,2019-2023,610880131126144,44.127313,-71.954729,0.6108051578444568,Not LSOG,0
NH,2019-2023,610880132126144,44.037295,-71.844448,0.7521908014412135,Transitioning LS,4
NH,2019-2023,610880133126144,43.990314,-72.081165,0.9113090051979087,Not LSOG,2
NH,2019-2023,610880134126144,43.746149,-72.018058,0.9113090051979087,Not LSOG,2
NH,2019-2023,610880135126144,43.842484,-72.160264,0.7640521038078671,Not LSOG,3
NH,2019-2023,610880137126144,43.714659,-72.20538,0.9020230015787777,Not LSOG,1
NH,2019-2023,610880138126144,43.689537,-72.291695,0.6739280691085929,Not LSOG,1
NH,2019-2023,610880139126144,43.614597,-72.149143,0.6108051578444568,Not LSOG,0
NH,2019-2023,610880142126144,45.082027,-71.374437,0.9197931634319174,Not LSOG,3
NH,2019-2023,610880143126144,45.093805,-71.421767,0.6365715342373877,Not LSOG,1
NH,2019-2023,610880144126144,44.934925,-71.503124,0.6615772062685982,Not LSOG,2
NH,2019-2023,610880145126144,44.20254,-71.041714,0.928183186334843,Not LSOG,2
NH,2019-2023,610880146126144,44.335487,-71.088337,0.9351680000257665,Not LSOG,3
NH,2019-2023,610880147126144,44.305388,-71.145082,0.9657079065656993,LS,6
NH,2019-2023,610880148126144,44.360097,-71.272463,0.9275549559514751,Not LSOG,3
NH,2019-2023,610880149126144,44.228992,-71.227709,0.9572594810902694,Transitioning LS,5
NH,2019-2023,610880150126144,44.153873,-71.266843,0.7726887023095006,Transitioning LS,5
NH,2019-2023,610880151126144,44.014128,-71.363681,0.9020230015787777,Not LSOG,1
NH,2019-2023,610880152126144,43.860719,-71.474756,0.7832727590266187,Transitioning LS,4
NH,2019-2023,610880153126144,43.959637,-71.590119,0.7528255986216413,Transitioning LS,4
NH,2019-2023,610880154126144,44.453699,-71.39093,0.7528255986216413,Transitioning LS,4
NH,2019-2023,610880155126144,44.281618,-71.3212,0.6108051578444568,Not LSOG,0
NH,2019-2023,610880156126144,44.226405,-71.404589,0.7207627729304174,Transitioning LS,4
NH,2019-2023,610880157126144,44.326388,-71.517489,0.931351746257125,Transitioning LS,4
NH,2019-2023,610880158126144,44.214828,-71.514424,0.7521908014412135,Transitioning LS,4
NH,2019-2023,610880159126144,44.180823,-71.593796,0.9468257232899714,Transitioning LS,5
NH,2019-2023,610880160126144,44.112156,-71.46918,0.7737370079787957,Transitioning LS,4
NH,2019-2023,610880161126144,44.071823,-71.629712,0.928183186334843,Not LSOG,2
NH,2019-2023,610880162126144,44.053484,-71.750936,0.7521908014412135,Transitioning LS,4
NH,2019-2023,610880163126144,44.14853,-71.829854,0.9197931634319174,Not LSOG,3
NH,2019-2023,610880164126144,43.954462,-71.789099,0.9525173249921776,Transitioning LS,5
NH,2019-2023,610880165126144,43.881622,-71.809482,0.9351680000257665,Not LSOG,3
NH,2019-2023,610880166126144,44.021332,-71.921281,0.9351680000257665,Not LSOG,3
NH,2019-2023,610880167126144,44.004587,-71.928535,0.6108051578444568,Not LSOG,0
NH,2019-2023,610880168126144,44.158891,-71.131182,0.7108914504188132,Not LSOG,2
NH,2019-2023,610880169126144,44.303059,-71.021202,0.7753760968172315,Not LSOG,3
NH,2019-2023,610880170126144,44.364316,-71.308987,0.931351746257125,Transitioning LS,4
NH,2019-2023,610880171126144,44.226807,-71.26196,0.9345965651358837,Transitioning LS,4
NH,2019-2023,610880172126144,44.083316,-71.20013,0.9351680000257665,Not LSOG,3
NH,2019-2023,610880173126144,44.047921,-71.176807,0.9351680000257665,Not LSOG,3
NH,2019-2023,610880174126144,43.985977,-71.226666,0.9415162834945795,Transitioning LS,4
NH,2019-2023,610880175126144,44.088719,-71.416801,0.9525173249921776,Transitioning LS,5
NH,2019-2023,610880176126144,43.952987,-71.440177,0.7521908014412135,Transitioning LS,4
NH,2019-2023,610880177126144,43.954399,-71.509673,0.6365715342373877,Not LSOG,1
NH,2019-2023,610880178126144,44.465101,-71.284096,0.9415162834945795,Transitioning LS,4
NH,2019-2023,610880179126144,44.557052,-71.375636,0.9572594810902694,Transitioning LS,5
NH,2019-2023,610880180126144,44.318234,-71.389104,0.9415162834945795,Transitioning LS,4
NH,2019-2023,610880182126144,44.053207,-71.593089,0.9351680000257665,Not LSOG,3
NH,2019-2023,610880183126144,44.157946,-71.638256,0.8099267271026953,Transitioning LS,5
NH,2019-2023,610880184126144,44.109782,-71.736602,0.7521908014412135,Transitioning LS,4
NH,2019-2023,610880185126144,43.903739,-71.708982,0.9549570865794462,Transitioning LS,5
NH,2019-2023,721848566290487,43.521934,-72.374907,0.6222780689963144,Not LSOG,2
NH,2019-2023,721848567290487,44.286502,-71.63108,0.9020230015787777,Not LSOG,1
NH,2019-2023,721848568290487,42.91651,-70.90334,0.6108051578444568,Not LSOG,0
NH,2019-2023,721848569290487,44.221567,-71.294608,0.8099267271026953,Transitioning LS,5
NH,2019-2023,721848570290487,44.086462,-71.391156,0.9615335674902703,LS,6
NH,2019-2023,721848571290487,43.084409,-71.405412,0.6108051578444568,Not LSOG,0
NH,2019-2023,721848572290487,43.088183,-71.942429,0.9113090051979087,Not LSOG,2
NH,2019-2023,721848573290487,44.854962,-71.211655,0.6108051578444568,Not LSOG,0
NH,2019-2023,721848574290487,44.611803,-71.183578,0.9615335674902703,LS,6
NH,2019-2023,721848575290487,44.043917,-71.635815,0.7556735706511457,Not LSOG,2
NH,2019-2023,721848576290487,43.474818,-72.278068,0.6108051578444568,Not LSOG,0
NH,2019-2023,721848577290487,43.18078,-72.242163,0.9020230015787777,Not LSOG,1
NH,2019-2023,721848579290487,44.227827,-71.993179,0.9113090051979087,Not LSOG,2
NH,2019-2023,721848580290487,42.840952,-71.380744000000007,0.928183186334843,Not LSOG,2
NH,2019-2023,721848581290487,43.101731,-70.828569,0.9570142203538181,LS,6
NH,2019-2023,721848582290487,43.050939,-70.893423,0.6108051578444568,Not LSOG,0
NH,2019-2023,721848583290487,42.990632,-71.274879,0.9351680000257665,Not LSOG,3
NH,2019-2023,721848584290487,42.902205,-71.350925,0.6108051578444568,Not LSOG,0
NH,2019-2023,721848585290487,43.108014,-71.532182,0.9020230015787777,Not LSOG,1
NH,2019-2023,721848586290487,42.89356,-71.547993,0.7726887023095006,Transitioning LS,5
NH,2019-2023,721848588290487,42.907381,-71.691455,0.7202371326826188,Not LSOG,3
NH,2019-2023,721848589290487,42.81013,-71.623906,0.9020230015787777,Not LSOG,1
NH,2019-2023,721848590290487,42.740361,-71.642227,0.9351680000257665,Not LSOG,3
NH,2019-2023,721848591290487,45.227798,-71.236666,0.9113090051979087,Not LSOG,2
NH,2019-2023,721848592290487,43.997512,-71.080329,0.7202371326826188,Not LSOG,3
NH,2019-2023,721848593290487,43.934031,-71.291241,0.9549570865794462,Transitioning LS,5
NH,2019-2023,721848594290487,42.814621,-72.31911,0.9113090051979087,Not LSOG,2
NH,2019-2023,721848596290487,44.447116,-71.105625,0.8099267271026953,Transitioning LS,5
NH,2019-2023,721848597290487,44.271603,-71.030869,0.9351680000257665,Not LSOG,3
NH,2019-2023,721848598290487,44.387272,-71.154186,0.6878101010539076,Not LSOG,1
NH,2019-2023,721848599290487,44.317345,-71.237413,0.7329289264789006,Not LSOG,3
NH,2019-2023,721848600290487,44.059569,-71.19025,0.9525173249921776,Transitioning LS,5
NH,2019-2023,721848601290487,43.98831,-71.268998,0.9525173249921776,Transitioning LS,5
NH,2019-2023,721848602290487,42.823992,-72.471597,0.9472963363851143,Transitioning LS,4
NH,2019-2023,721848604290487,44.159208,-71.92468,0.9197931634319174,Not LSOG,3
NH,2019-2023,721848605290487,44.126834,-72.004375,0.9197931634319174,Not LSOG,3
NH,2019-2023,721848606290487,43.935875,-72.036327,0.7753760968172315,Not LSOG,3
NH,2019-2023,721848607290487,43.858198,-72.129438,0.928183186334843,Not LSOG,2
NH,2019-2023,721848608290487,43.493027,-72.012616,0.9345965651358837,Transitioning LS,4
NH,2019-2023,721848609290487,43.149675,-71.659325,0.9342301914262809,Transitioning LS,5
NH,2019-2023,721848610290487,42.952659,-71.697843,0.6878101010539076,Not LSOG,1
NH,2019-2023,721848611290487,43.04641,-71.750989,0.7832727590266187,Transitioning LS,4
NH,2019-2023,721848612290487,42.989712,-71.834352,0.6365715342373877,Not LSOG,1
NH,2019-2023,721848613290487,42.920976,-71.905505,0.931351746257125,Transitioning LS,4
NH,2019-2023,721848615290487,42.845799,-72.107382,0.949990278890001,Transitioning LS,4
NH,2019-2023,721848616290487,43.467818,-71.834895,0.7108914504188132,Not LSOG,2
NH,2019-2023,721848617290487,43.388698,-71.928723,0.6108051578444568,Not LSOG,0
NH,2019-2023,721848619290487,43.243726,-72.038168,0.9576269799770059,Transitioning LS,5
NH,2019-2023,721848620290487,42.990584,-71.99443,0.9113090051979087,Not LSOG,2
NH,2019-2023,721848621290487,42.912769,-72.050594,0.6365715342373877,Not LSOG,1
NH,2019-2023,721848622290487,43.108241,-72.11535,0.9197931634319174,Not LSOG,3
NH,2019-2023,721848623290487,43.023847,-72.167916,0.7108914504188132,Not LSOG,2
NH,2019-2023,721848624290487,43.680675,-71.144503,0.6108051578444568,Not LSOG,0
NH,2019-2023,721848625290487,43.557438,-71.186205,0.6739280691085929,Not LSOG,1
NH,2019-2023,721848626290487,43.356033,-72.115379,0.6365715342373877,Not LSOG,1
NH,2019-2023,721848627290487,43.481404,-72.226807,0.7108914504188132,Not LSOG,2
NH,2019-2023,721848628290487,43.25877,-72.168379,0.9113090051979087,Not LSOG,2
NH,2019-2023,721848629290487,43.131141,-72.304228,0.7329289264789006,Not LSOG,3
NH,2019-2023,721848630290487,43.141872,-72.442008,0.7329289264789006,Not LSOG,3
NH,2019-2023,721848631290487,44.74424,-71.080923,0.7832727590266187,Transitioning LS,4
NH,2019-2023,721848632290487,44.696797,-71.095835,0.6365715342373877,Not LSOG,1
NH,2019-2023,721848636290487,43.546533,-71.418901,0.9020230015787777,Not LSOG,1
NH,2019-2023,721848637290487,43.426981,-71.433647,0.6878101010539076,Not LSOG,1
NH,2019-2023,721848639290487,43.505901,-71.642285,0.9342301914262809,Transitioning LS,5
NH,2019-2023,721848640290487,43.355334,-71.56122,0.6603198325429437,Not LSOG,2
NH,2019-2023,721848641290487,43.159461,-71.517476,0.6108051578444568,Not LSOG,0
NH,2019-2023,721848643290487,43.301505,-71.807738,0.9589669877882014,OG,8
NH,2019-2023,721848644290487,44.033247,-71.448113,0.9345965651358837,Transitioning LS,4
NH,2019-2023,721848646290487,43.901504,-71.52643,0.7521908014412135,Transitioning LS,4
NH,2019-2023,721848647290487,43.819905,-71.612859,0.9113090051979087,Not LSOG,2
NH,2019-2023,721848648290487,43.731608,-71.655129,0.9113090051979087,Not LSOG,2
NH,2019-2023,721848649290487,43.665476,-71.721605,0.9415162834945795,Transitioning LS,4
NH,2019-2023,721848650290487,43.416938,-71.694844,0.7329289264789006,Not LSOG,3
NH,2019-2023,721848651290487,43.364615,-71.761926,0.6739280691085929,Not LSOG,1
NH,2019-2023,721848652290487,44.233448,-71.671484,0.931351746257125,Transitioning LS,4
NH,2019-2023,721848653290487,44.141795,-71.739458,0.8099267271026953,Transitioning LS,5
NH,2019-2023,721848654290487,44.041767,-71.776196,0.9572594810902694,Transitioning LS,5
NH,2019-2023,721848655290487,43.985118,-71.850942,0.7521908014412135,Transitioning LS,4
NH,2019-2023,721848656290487,43.82179,-71.772267,0.9351680000257665,Not LSOG,3
NH,2019-2023,721848659290487,43.778015,-71.988944,0.9197931634319174,Not LSOG,3
NH,2019-2023,721848661290487,43.637349,-72.083976,0.9311846737075506,Not LSOG,3
NH,2019-2023,721848662290487,45.145042,-71.142672,0.6108051578444568,Not LSOG,0
NH,2019-2023,721848663290487,45.192698,-71.300313,0.7108914504188132,Not LSOG,2
NH,2019-2023,721848664290487,45.007847,-71.273239,0.9113090051979087,Not LSOG,2
NH,2019-2023,721848665290487,44.939234,-71.244848,0.9020230015787777,Not LSOG,1
NH,2019-2023,721848666290487,44.624078,-71.334976,0.9113090051979087,Not LSOG,2
NH,2019-2023,721848667290487,44.751484,-71.240908,0.6108051578444568,Not LSOG,0
NH,2019-2023,721848668290487,44.465975,-71.255012,0.9818205485986499,Not LSOG,2
NH,2019-2023,721848669290487,44.581502,-71.38174,0.9020230015787777,Not LSOG,1
NH,2019-2023,721848670290487,44.504532,-71.453467,0.9113090051979087,Not LSOG,2
NH,2019-2023,721848671290487,44.385793,-71.320536,0.9020230015787777,Not LSOG,1
NH,2019-2023,721848672290487,44.416851,-71.487538,0.6365715342373877,Not LSOG,1
NH,2019-2023,721848673290487,44.265892,-71.418506,0.6365715342373877,Not LSOG,1
NH,2019-2023,721848675290487,44.200743,-71.511357,0.8099267271026953,Transitioning LS,5
NH,2019-2023,721848676290487,44.128612,-71.545273,0.9615335674902703,LS,6
NH,2019-2023,721848678290487,43.588771,-71.025462,0.9020230015787777,Not LSOG,1
NH,2019-2023,721848679290487,43.50674,-71.056521,0.6365715342373877,Not LSOG,1
NH,2019-2023,721848680290487,43.360876,-71.026532,0.9020230015787777,Not LSOG,1
NH,2019-2023,721848682290487,43.371379,-71.181188,0.9113090051979087,Not LSOG,2
NH,2019-2023,721848683290487,43.235475,-70.894963,0.9197931634319174,Not LSOG,3
NH,2019-2023,721848684290487,43.152662,-71.172806,0.6108051578444568,Not LSOG,0
NH,2019-2023,721848685290487,43.213963,-71.270402,0.9020230015787777,Not LSOG,1
NH,2019-2023,721848686290487,43.323293,-71.370845,0.7993553845556164,LS,7
NH,2019-2023,721848688290487,44.950385,-71.487397,0.6108051578444568,Not LSOG,0
NH,2019-2023,721848689290487,44.858392,-71.35167,0.6365715342373877,Not LSOG,1
NH,2019-2023,721848690290487,44.376408,-71.764668,0.9020230015787777,Not LSOG,1
NH,2019-2023,721848692290487,43.119542,-71.026794,0.9238056737322272,Not LSOG,2
NH,2019-2023,721848693290487,43.046536,-71.036421,0.6615772062685982,Not LSOG,2
NH,2019-2023,721848695290487,43.548191,-72.146574,0.9113090051979087,Not LSOG,2
NH,2019-2023,721848697290487,44.035677,-71.014686,0.9351680000257665,Not LSOG,3
NH,2019-2023,721848698290487,43.926368,-71.135463,0.9020230015787777,Not LSOG,1
NH,2019-2023,721848699290487,43.689277,-71.534453,0.9412065627153526,Transitioning LS,4
NH,2019-2023,721848700290487,43.960184,-71.367901,0.9351680000257665,Not LSOG,3
NH,2019-2023,721848701290487,44.166637,-71.302733,0.7108914504188132,Not LSOG,2
NH,2019-2023,721848702290487,44.198076,-71.385525,0.7521908014412135,Transitioning LS,4
NH,2019-2023,721848703290487,44.107818,-71.270211,0.9275549559514751,Not LSOG,3
NH,2019-2023,721848704290487,44.342858,-71.285616,0.7521908014412135,Transitioning LS,4
NH,2019-2023,721848705290487,43.835486,-71.858025,0.9410176635204919,Transitioning LS,4
NH,2019-2023,721848706290487,44.097773,-71.842947,0.6616594421356939,Not LSOG,1
NH,2019-2023,721848707290487,43.979213,-71.523361,0.949990278890001,Transitioning LS,4
NH,2019-2023,721848708290487,44.040531,-71.645909,0.931351746257125,Transitioning LS,4
NH,2019-2023,721848709290487,43.928659,-71.757777,0.9345965651358837,Transitioning LS,4
NH,2019-2023,721848711290487,44.492864,-71.361536,0.6108051578444568,Not LSOG,0
NH,2019-2023,721848712290487,44.578626,-71.44161,0.9615335674902703,LS,6
NH,2019-2023,721848713290487,44.291878,-71.514623,0.9525339354954037,Transitioning LS,4
NH,2019-2023,721848714290487,44.205496,-71.51113,0.7311597300706024,Not LSOG,3
NH,2019-2023,721848716290487,44.381094,-71.056271,0.7329289264789006,Not LSOG,3
NH,2019-2023,721848717290487,44.098549,-71.433555,0.9275549559514751,Not LSOG,3
NH,2019-2023,721848718290487,44.131825,-71.018929,0.9020230015787777,Not LSOG,1
NH,2019-2023,721848719290487,44.095662,-71.112688,0.9020230015787777,Not LSOG,1
NH,2019-2023,721848720290487,43.999496,-71.979511,0.9472963363851143,Transitioning LS,4
NH,2019-2023,721848721290487,44.059209,-71.51984,0.7089584370224428,Not LSOG,3
NH,2019-2023,721848722290487,44.280893,-71.418683,0.9345965651358837,Transitioning LS,4
NH,2019-2023,721848723290487,44.016038,-71.328843,0.7108914504188132,Not LSOG,2
NH,2019-2023,721848724290487,44.21124,-71.618221,0.9275549559514751,Not LSOG,3
NH,2019-2023,721848725290487,43.983257,-71.619714,0.9469970690703844,Transitioning LS,5
NH,2019-2023,721848726290487,43.880641,-71.881006,0.9415162834945795,Transitioning LS,4
NH,2019-2023,721848727290487,44.216928,-71.434064,0.9275549559514751,Not LSOG,3
NH,2019-2023,721848728290487,44.479576,-71.039236,0.7521908014412135,Transitioning LS,4
NH,2019-2023,721848729290487,44.250036,-71.204678,0.7521908014412135,Transitioning LS,4
NH,2019-2023,721848730290487,44.192082,-71.294837,0.6857909734537151,Not LSOG,2
NH,2019-2023,721848731290487,44.136809,-71.3227,0.6878101010539076,Not LSOG,1
NH,2019-2023,721848732290487,44.04229,-71.369834,0.9197931634319174,Not LSOG,3
NH,2019-2023,721848733290487,43.908819,-71.450354,0.6857909734537151,Not LSOG,2
NH,2019-2023,721848734290487,43.848459,-71.518214,0.7737370079787957,Transitioning LS,4
NH,2019-2023,721848735290487,44.14599,-71.095894,0.9275549559514751,Not LSOG,3
NH,2019-2023,817387209290487,43.574628,-72.023198,0.928183186334843,Not LSOG,2
NH,2019-2023,817387210290487,44.160419,-71.395653,0.7108914504188132,Not LSOG,2
NH,2019-2023,817387211290487,43.676151,-71.019157,0.928183186334843,Not LSOG,2
NH,2019-2023,817387214290487,42.870408,-70.863504,0.7202371326826188,Not LSOG,3
NH,2019-2023,817387215290487,43.038134,-71.312538,0.6878101010539076,Not LSOG,1
NH,2019-2023,817387216290487,44.136629,-71.022773,0.6365715342373877,Not LSOG,1
NH,2019-2023,817387221290487,43.138208,-71.761845,0.9197931634319174,Not LSOG,3
NH,2019-2023,817387222290487,42.769879,-71.883913,0.9020230015787777,Not LSOG,1
NH,2019-2023,817387223290487,43.271535,-72.262735,0.9113090051979087,Not LSOG,2
NH,2019-2023,817387224290487,43.190533,-72.116385,0.9351680000257665,Not LSOG,3
NH,2019-2023,817387225290487,42.905422,-72.335296,0.9415162834945795,Transitioning LS,4
NH,2019-2023,817387227290487,43.514564,-71.660383,0.9351680000257665,Not LSOG,3
NH,2019-2023,817387228290487,44.019731,-71.665584,0.9020230015787777,Not LSOG,1
NH,2019-2023,817387229290487,43.953906,-71.93477,0.9197931634319174,Not LSOG,3
NH,2019-2023,817387230290487,45.027712,-71.287222,0.7832727590266187,Transitioning LS,4
NH,2019-2023,817387231290487,44.950917,-71.150069,0.7108914504188132,Not LSOG,2
NH,2019-2023,817387232290487,44.555623,-71.268426,0.928183186334843,Not LSOG,2
NH,2019-2023,817387233290487,44.265548,-71.510537,0.9113090051979087,Not LSOG,2
NH,2019-2023,817387234290487,43.391649,-71.201537,0.9415162834945795,Transitioning LS,4
NH,2019-2023,817387235290487,44.663728,-71.414189,0.7539363368253053,Not LSOG,3
NH,2019-2023,817387236290487,44.325689,-71.825775,0.6365715342373877,Not LSOG,1
NH,2019-2023,817387237290487,42.943916,-71.22196,0.6878101010539076,Not LSOG,1
NH,2019-2023,817387238290487,43.903256,-71.616261,0.7108914504188132,Not LSOG,2
NH,2019-2023,817387239290487,44.027054,-71.291192,0.7089584370224428,Not LSOG,3
NH,2019-2023,817387240290487,43.964268,-71.591986,0.931351746257125,Transitioning LS,4
NH,2019-2023,817387241290487,43.734904,-72.135337,0.9197931634319174,Not LSOG,3
NH,2019-2023,817387242290487,44.295552,-71.414344,0.9615335674902703,LS,6
NH,2019-2023,817387243290487,43.917343,-71.448042,0.7311597300706024,Not LSOG,3
NH,2019-2023,817387244290487,43.855848,-71.593299,0.949380828378789,LS,7
NH,2019-2023,817387245290487,44.617084,-71.388919,0.9113090051979087,Not LSOG,2
NH,2019-2023,817387246290487,44.525817,-71.28777,0.6108051578444568,Not LSOG,0
NH,2019-2023,817387247290487,44.149864,-71.386068,0.9468257232899714,Transitioning LS,5
NH,2019-2023,817387248290487,44.113619,-71.025686,0.9113090051979087,Not LSOG,2
NH,2019-2023,826151079290487,43.358636,-71.534966,0.949380828378789,LS,7
NH,2019-2023,826151081290487,45.102736,-71.134977,0.6615772062685982,Not LSOG,2
NH,2019-2023,826151082290487,44.486565,-71.216402,0.9113090051979087,Not LSOG,2
NH,2019-2023,826151083290487,43.751534,-71.838517,0.9020230015787777,Not LSOG,1
NH,2019-2023,826151084290487,43.689482,-72.052244,0.6603198325429437,Not LSOG,2
NH,2019-2023,826151086290487,42.77273,-72.468704,0.9197931634319174,Not LSOG,3
NH,2019-2023,826151089290487,43.675032,-72.234765,0.9351680000257665,Not LSOG,3
NH,2019-2023,826151090290487,43.632746,-72.288148,0.9275549559514751,Not LSOG,3
NH,2019-2023,826151093290487,43.059174,-71.396498,0.9020230015787777,Not LSOG,1
NH,2019-2023,826151095290487,43.119811,-71.450814,0.949990278890001,Transitioning LS,4
NH,2019-2023,826151096290487,42.880997,-71.494292,0.6108051578444568,Not LSOG,0
NH,2019-2023,826151097290487,42.864899,-71.681858,0.6222780689963144,Not LSOG,2
NH,2019-2023,826151098290487,45.003436,-71.414136,0.6108051578444568,Not LSOG,0
NH,2019-2023,826151099290487,44.171134,-71.056106,0.9113090051979087,Not LSOG,2
NH,2019-2023,826151100290487,44.160967,-71.143945,0.9415162834945795,Transitioning LS,4
NH,2019-2023,826151101290487,43.934435,-71.07708,0.9351680000257665,Not LSOG,3
NH,2019-2023,826151102290487,43.804234,-71.015497,0.6365715342373877,Not LSOG,1
NH,2019-2023,826151104290487,42.754675,-72.17235,0.6878101010539076,Not LSOG,1
NH,2019-2023,826151106290487,44.512424,-71.048784,0.6365715342373877,Not LSOG,1
NH,2019-2023,826151107290487,44.40137,-71.099594,0.9271522115002029,Transitioning LS,4
NH,2019-2023,826151108290487,44.375031,-71.344822,0.6365715342373877,Not LSOG,1
NH,2019-2023,826151109290487,44.03765,-71.171026,0.9415162834945795,Transitioning LS,4
NH,2019-2023,826151110290487,44.183977,-71.840787,0.6615772062685982,Not LSOG,2
NH,2019-2023,826151111290487,44.199284,-71.982837,0.7108914504188132,Not LSOG,2
NH,2019-2023,826151112290487,44.01066,-72.001858,0.9113090051979087,Not LSOG,2
NH,2019-2023,826151113290487,44.064089,-71.960788,0.9020230015787777,Not LSOG,1
NH,2019-2023,826151114290487,43.962831,-72.017241,0.7329289264789006,Not LSOG,3
NH,2019-2023,826151115290487,43.805272,-72.117575,0.6108051578444568,Not LSOG,0
NH,2019-2023,826151116290487,43.573435,-72.098352,0.6878101010539076,Not LSOG,1
NH,2019-2023,826151118290487,42.975729,-71.619258,0.7726887023095006,Transitioning LS,5
NH,2019-2023,826151120290487,42.95394,-71.768595,0.9303628454168843,LS,6
NH,2019-2023,826151122290487,42.76861,-71.992302,0.8964717001631706,Not LSOG,2
NH,2019-2023,826151123290487,43.428283,-71.946492,0.949380828378789,LS,7
NH,2019-2023,826151124290487,43.505661,-72.012453,0.9113090051979087,Not LSOG,2
NH,2019-2023,826151126290487,43.154746,-71.876529,0.6108051578444568,Not LSOG,0
NH,2019-2023,826151127290487,43.113531,-72.054971,0.9415162834945795,Transitioning LS,4
NH,2019-2023,826151128290487,43.027526,-71.947213,0.9238056737322272,Not LSOG,2
NH,2019-2023,826151129290487,42.963501,-72.157082,0.9351680000257665,Not LSOG,3
NH,2019-2023,826151130290487,43.773122,-71.249213,0.9113090051979087,Not LSOG,2
NH,2019-2023,826151131290487,43.410603,-72.06848,0.9020230015787777,Not LSOG,1
NH,2019-2023,826151132290487,43.433196,-72.221924,0.6845013503267366,Not LSOG,3
NH,2019-2023,826151133290487,43.317763,-72.156505,0.9113090051979087,Not LSOG,2
NH,2019-2023,826151134290487,43.222672,-72.217569,0.9351680000257665,Not LSOG,3
NH,2019-2023,826151136290487,43.270306,-72.332995,0.8090047036966309,LS,6
NH,2019-2023,826151137290487,43.044891,-72.324008,0.9351680000257665,Not LSOG,3
NH,2019-2023,826151138290487,42.94567,-72.401751,0.9020230015787777,Not LSOG,1
NH,2019-2023,826151139290487,44.134355,-71.312004,0.9351680000257665,Not LSOG,3
NH,2019-2023,826151141290487,43.761612,-71.428177,0.9311846737075506,Not LSOG,3
NH,2019-2023,826151142290487,43.406217,-71.298254,0.9271522115002029,Transitioning LS,4
NH,2019-2023,826151144290487,43.19355,-71.674105,0.7640521038078671,Not LSOG,3
NH,2019-2023,826151145290487,43.33788,-71.730724,0.6981348674639273,Not LSOG,3
NH,2019-2023,826151146290487,43.983941,-71.398037,0.9415162834945795,Transitioning LS,4
NH,2019-2023,826151147290487,43.825012,-71.516822,0.7108914504188132,Not LSOG,2
NH,2019-2023,826151148290487,43.941348,-71.681029,0.928183186334843,Not LSOG,2
NH,2019-2023,826151149290487,43.61586,-71.530329,0.9020230015787777,Not LSOG,1
NH,2019-2023,826151150290487,43.581542,-71.582538,0.9102726834983366,Transitioning LS,5
NH,2019-2023,826151151290487,43.551623,-71.733849,0.9020230015787777,Not LSOG,1
NH,2019-2023,826151152290487,43.460871,-71.623036,0.9238056737322272,Not LSOG,2
NH,2019-2023,826151153290487,44.078503,-71.563702,0.949990278890001,Transitioning LS,4
NH,2019-2023,826151154290487,44.161432,-71.62771,0.8099267271026953,Transitioning LS,5
NH,2019-2023,826151155290487,43.883496,-71.743833,0.7539363368253053,Not LSOG,3
NH,2019-2023,826151157290487,43.879974,-71.875902,0.9351680000257665,Not LSOG,3
NH,2019-2023,826151158290487,43.044647,-72.293944,0.9062291463374839,Not LSOG,3
NH,2019-2023,826151159290487,42.936833,-72.209981,0.9415162834945795,Transitioning LS,4
NH,2019-2023,826151160290487,43.514499,-72.314493,0.9465239345457342,LS,6
NH,2019-2023,826151161290487,45.197605,-71.229661,0.7089584370224428,Not LSOG,3
NH,2019-2023,826151162290487,45.057747,-71.36517,0.6365715342373877,Not LSOG,1
NH,2019-2023,826151163290487,44.736393,-71.250418,0.6108051578444568,Not LSOG,0
NH,2019-2023,826151164290487,44.717826,-71.316635,0.6108051578444568,Not LSOG,0
NH,2019-2023,826151165290487,44.315932,-71.372201,0.9468257232899714,Transitioning LS,5
NH,2019-2023,826151166290487,44.439938,-71.433257,0.8099267271026953,Transitioning LS,5
NH,2019-2023,826151167290487,44.205803,-71.426324,0.7737370079787957,Transitioning LS,4
NH,2019-2023,826151168290487,44.29386,-71.58392,0.9020230015787777,Not LSOG,1
NH,2019-2023,826151169290487,43.688409,-71.056311,0.6975845040407582,Not LSOG,2
NH,2019-2023,826151170290487,43.456415,-71.100442,0.9113090051979087,Not LSOG,2
NH,2019-2023,826151171290487,43.328177,-71.170024,0.9351680000257665,Not LSOG,3
NH,2019-2023,826151174290487,44.808111,-71.422518,0.9113090051979087,Not LSOG,2
NH,2019-2023,826151175290487,44.806657,-71.385596,0.9472963363851143,Transitioning LS,4
NH,2019-2023,826151176290487,44.657446,-71.476236,0.9113090051979087,Not LSOG,2
NH,2019-2023,826151178290487,44.237971,-71.808611,0.9020230015787777,Not LSOG,1
NH,2019-2023,826151180290487,43.244273,-71.062548,0.6878101010539076,Not LSOG,1
NH,2019-2023,826151182290487,43.105466,-71.160532,0.944013572166876,Transitioning LS,4
NH,2019-2023,826151184290487,42.810715,-71.245134,0.9351680000257665,Not LSOG,3
NH,2019-2023,826151185290487,42.957924,-71.290782,0.7108914504188132,Not LSOG,2
NH,2019-2023,826151187290487,43.618669,-71.170432,0.6108051578444568,Not LSOG,0
NH,2019-2023,826151188290487,43.934648,-71.485345,0.7737370079787957,Transitioning LS,4
NH,2019-2023,826151189290487,43.697535,-71.618005,0.928183186334843,Not LSOG,2
NH,2019-2023,826151190290487,44.851487,-71.117065,0.9020230015787777,Not LSOG,1
NH,2019-2023,826151191290487,44.932067,-71.265025,0.8099267271026953,Transitioning LS,5
NH,2019-2023,826151192290487,44.900897,-71.485752,0.6365715342373877,Not LSOG,1
NH,2019-2023,826151193290487,44.454711,-71.34007,0.9020230015787777,Not LSOG,1
NH,2019-2023,826151194290487,44.237761,-71.137228,0.6948870019824136,Transitioning LS,5
NH,2019-2023,826151195290487,43.990305,-71.72612,0.9525173249921776,Transitioning LS,5
NH,2019-2023,826151196290487,44.154815,-71.551193,0.8099267271026953,Transitioning LS,5
NH,2019-2023,826151197290487,43.98615,-71.295489,0.7329289264789006,Not LSOG,3
NH,2019-2023,826151198290487,43.979547,-71.864527,0.9572594810902694,Transitioning LS,5
NH,2019-2023,826151199290487,44.050573,-71.502432,0.8099267271026953,Transitioning LS,5
NH,2019-2023,826151200290487,44.109029,-71.797443,0.9113090051979087,Not LSOG,2
NH,2019-2023,826151201290487,44.538121,-71.463216,0.6108051578444568,Not LSOG,0
NH,2019-2023,826151202290487,44.303911,-71.430705,0.9342301914262809,Transitioning LS,5
NH,2019-2023,826151203290487,44.241699,-71.080323,0.928183186334843,Not LSOG,2
NH,2019-2023,826151204290487,44.364899,-71.21448,0.6857909734537151,Not LSOG,2
NH,2019-2023,826151205290487,44.195501,-71.332002,0.9345965651358837,Transitioning LS,4
NH,2019-2023,826151206290487,44.065288,-71.400473,0.9197931634319174,Not LSOG,3
NH,2019-2023,826151207290487,43.928518,-71.564545,0.9525173249921776,Transitioning LS,5
NH,2019-2023,826151208290487,44.561682,-71.331185,0.9525173249921776,Transitioning LS,5
NH,2019-2023,826151209290487,44.122334,-71.053201,0.9197931634319174,Not LSOG,3
NH,2019-2023,826151210290487,44.307556,-71.170929,0.7311597300706024,Not LSOG,3
NH,2019-2023,826151211290487,43.97184,-71.208021,0.9351680000257665,Not LSOG,3
NH,2019-2023,826151212290487,44.055886,-71.90421,0.9468257232899714,Transitioning LS,5
NH,2019-2023,826151213290487,43.75518,-72.130357,0.9113090051979087,Not LSOG,2
NH,2019-2023,826151214290487,44.030793,-71.556075,0.7737370079787957,Transitioning LS,4
NH,2019-2023,826151215290487,44.096281,-71.719978,0.9415162834945795,Transitioning LS,4
NH,2019-2023,826151216290487,44.534802,-71.335556,0.7330008214425886,Not LSOG,2
NH,2019-2023,826151217290487,44.507551,-71.397917,0.7311597300706024,Not LSOG,3
NH,2019-2023,826151219290487,44.347905,-71.118519,0.7521908014412135,Transitioning LS,4
NH,2019-2023,826151220290487,44.046501,-71.301757,0.9351680000257665,Not LSOG,3
NH,2019-2023,826151221290487,44.15558,-71.445428,0.8099267271026953,Transitioning LS,5
NH,2019-2023,826151222290487,44.148743,-71.51392,0.7521908014412135,Transitioning LS,4
NH,2019-2023,826151223290487,43.925526,-71.445321,0.7311597300706024,Not LSOG,3
NH,2019-2023,826151224290487,43.941235,-71.271045,0.8099267271026953,Transitioning LS,5
NH,2019-2023,1191484795290487,43.647357,-72.041734,0.7539363368253053,Not LSOG,3
NH,2019-2023,1191484796290487,44.311989,-71.14404,0.7924435208101475,Transitioning LS,4
NH,2019-2023,1191484797290487,43.9924,-71.182642,0.928183186334843,Not LSOG,2
NH,2019-2023,1191484798290487,44.028021,-71.318355,0.9549570865794462,Transitioning LS,5
NH,2019-2023,1191484799290487,42.920715,-72.170507,0.9549570865794462,Transitioning LS,5
NH,2019-2023,1191484800290487,42.832356,-72.078396,0.9522462095364166,LS,6
NH,2019-2023,1191484801290487,42.741724,-72.318959,0.9020230015787777,Not LSOG,1
NH,2019-2023,1191484802290487,44.34675,-71.775011,0.6108051578444568,Not LSOG,0
NH,2019-2023,1191484803290487,44.079548,-71.13415,0.6878101010539076,Not LSOG,1
NH,2019-2023,1191484804290487,43.238012,-71.781139,0.6108051578444568,Not LSOG,0
NH,2019-2023,1191484805290487,43.258083,-71.955629,0.9576269799770059,Transitioning LS,5
NH,2019-2023,1191484806290487,42.951576,-71.981065,0.928183186334843,Not LSOG,2
NH,2019-2023,1191484807290487,43.868623,-71.141654,0.928183186334843,Not LSOG,2
NH,2019-2023,1191484808290487,43.639586,-71.106135,0.9020230015787777,Not LSOG,1
NH,2019-2023,1191484809290487,43.294899,-71.545852,0.7528255986216413,Transitioning LS,4
NH,2019-2023,1191484810290487,42.781557,-71.745451,0.9351680000257665,Not LSOG,3
NH,2019-2023,1191484812290487,44.216957,-71.602139,0.9351680000257665,Not LSOG,3
NH,2019-2023,1191484813290487,43.382473,-72.273296,0.7202371326826188,Not LSOG,3
NH,2019-2023,1191484814290487,43.487483,-71.201423,0.9351680000257665,Not LSOG,3
NH,2019-2023,1191484817290487,42.751474,-71.601636,0.7640521038078671,Not LSOG,3
NH,2019-2023,1191484819290487,42.983284,-70.859908,0.8080792674987548,LS,7
NH,2019-2023,1191484822290487,42.81168,-71.545429,0.9351680000257665,Not LSOG,3
NH,2019-2023,1191484823290487,42.818712,-71.722327,0.9522462095364166,LS,6
NH,2019-2023,1191484824290487,42.746245,-71.460145,0.6948870019824136,Transitioning LS,5
NH,2019-2023,1191484825290487,45.249382,-71.335402,0.7108914504188132,Not LSOG,2
NH,2019-2023,1191484826290487,43.999697,-71.019991,0.9020230015787777,Not LSOG,1
NH,2019-2023,1191484827290487,43.785177,-70.997257,0.6857909734537151,Not LSOG,2
NH,2019-2023,1191484828290487,43.985339,-71.242327,0.7108914504188132,Not LSOG,2
NH,2019-2023,1191484829290487,42.835199,-72.448991,0.7737370079787957,Transitioning LS,4
NH,2019-2023,1191484830290487,42.741377,-72.25005,0.9311846737075506,Not LSOG,3
NH,2019-2023,1191484831290487,44.450326,-71.049108,0.7089584370224428,Not LSOG,3
NH,2019-2023,1191484833290487,44.352008,-71.082504,0.7330008214425886,Not LSOG,2
NH,2019-2023,1191484834290487,44.229444,-71.042789,0.9445076152019096,Not LSOG,3
NH,2019-2023,1191484835290487,44.284967,-71.212672,0.9615335674902703,LS,6
NH,2019-2023,1191484836290487,44.176706,-71.259565,0.9472963363851143,Transitioning LS,4
NH,2019-2023,1191484837290487,44.25973,-71.964956,0.7311597300706024,Not LSOG,3
NH,2019-2023,1191484838290487,44.096075,-71.89029,0.9351680000257665,Not LSOG,3
NH,2019-2023,1191484839290487,44.060066,-71.917444,0.9351680000257665,Not LSOG,3
NH,2019-2023,1191484840290487,44.04129,-71.98652,0.6365715342373877,Not LSOG,1
NH,2019-2023,1191484841290487,43.893571,-72.074859,0.9020230015787777,Not LSOG,1
NH,2019-2023,1191484842290487,43.827818,-72.022572,0.9197931634319174,Not LSOG,3
NH,2019-2023,1191484843290487,43.143966,-71.726375,0.9549570865794462,Transitioning LS,5
NH,2019-2023,1191484844290487,42.930461,-71.649286,0.949990278890001,Transitioning LS,4
NH,2019-2023,1191484845290487,42.993955,-71.790843,0.9522462095364166,LS,6
NH,2019-2023,1191484846290487,43.107757,-71.870406,0.7617449886593315,LS,6
NH,2019-2023,1191484847290487,42.872166,-71.885776,0.928183186334843,Not LSOG,2
NH,2019-2023,1191484848290487,42.889667,-72.076895,0.9303628454168843,LS,6
NH,2019-2023,1191484850290487,43.480677,-71.856022,0.9275549559514751,Not LSOG,3
NH,2019-2023,1191484851290487,43.361711,-71.82614,0.9472963363851143,Transitioning LS,4
NH,2019-2023,1191484852290487,43.359229,-71.897197,0.9020230015787777,Not LSOG,1
NH,2019-2023,1191484853290487,43.197392,-72.00315,0.9197931634319174,Not LSOG,3
NH,2019-2023,1191484854290487,43.298617,-72.103669,0.9472963363851143,Transitioning LS,4
NH,2019-2023,1191484856290487,43.16958,-71.947917,0.6108051578444568,Not LSOG,0
NH,2019-2023,1191484857290487,42.995451,-71.934178,0.931351746257125,Transitioning LS,4
NH,2019-2023,1191484858290487,42.970617,-72.425835,0.9445076152019096,Not LSOG,3
NH,2019-2023,1191484859290487,43.738934,-71.247298,0.9020230015787777,Not LSOG,1
NH,2019-2023,1191484861290487,43.499867,-72.176131,0.9020230015787777,Not LSOG,1
NH,2019-2023,1191484862290487,43.497891,-72.321147,0.9472963363851143,Transitioning LS,4
NH,2019-2023,1191484863290487,43.150905,-72.231133,0.931351746257125,Transitioning LS,4
NH,2019-2023,1191484864290487,43.242688,-72.332596,0.9197931634319174,Not LSOG,3
NH,2019-2023,1191484865290487,43.099048,-72.42577,0.6878101010539076,Not LSOG,1
NH,2019-2023,1191484866290487,42.981296,-72.355943,0.9351680000257665,Not LSOG,3
NH,2019-2023,1191484867290487,44.956678,-71.072899,0.6108051578444568,Not LSOG,0
NH,2019-2023,1191484869290487,44.645836,-71.078732,0.6365715342373877,Not LSOG,1
NH,2019-2023,1191484870290487,44.044191,-71.384895,0.9351680000257665,Not LSOG,3
NH,2019-2023,1191484871290487,44.147178,-71.504758,0.9525173249921776,Transitioning LS,5
NH,2019-2023,1191484872290487,43.742008,-71.310225,0.9351680000257665,Not LSOG,3
NH,2019-2023,1191484874290487,43.514209,-71.373453,0.6878101010539076,Not LSOG,1
NH,2019-2023,1191484875290487,43.354969,-71.343393,0.9345965651358837,Transitioning LS,4
NH,2019-2023,1191484876290487,43.539988,-71.456773,0.9020230015787777,Not LSOG,1
NH,2019-2023,1191484877290487,43.537044,-71.568484,0.9113090051979087,Not LSOG,2
NH,2019-2023,1191484878290487,43.223879,-71.468575,0.6365715342373877,Not LSOG,1
NH,2019-2023,1191484879290487,43.141131,-71.514422,0.9113090051979087,Not LSOG,2
NH,2019-2023,1191484880290487,43.9421,-71.423611,0.9468257232899714,Transitioning LS,5
NH,2019-2023,1191484881290487,43.874561,-71.316826,0.9704215050469933,OG,9
NH,2019-2023,1191484882290487,43.91018,-71.507415,0.8099267271026953,Transitioning LS,5
NH,2019-2023,1191484883290487,43.769288,-71.604435,0.9351680000257665,Not LSOG,3
NH,2019-2023,1191484884290487,43.678199,-71.453629,0.7330008214425886,Not LSOG,2
NH,2019-2023,1191484887290487,43.749508,-71.772885,0.9351680000257665,Not LSOG,3
NH,2019-2023,1191484888290487,43.595353,-71.633364,0.9549570865794462,Transitioning LS,5
NH,2019-2023,1191484889290487,43.379053,-71.684384,0.9198202579551338,Not LSOG,2
NH,2019-2023,1191484890290487,44.008423,-71.634877,0.9351680000257665,Not LSOG,3
NH,2019-2023,1191484891290487,44.090934,-71.660836,0.9351680000257665,Not LSOG,3
NH,2019-2023,1191484892290487,44.085867,-71.7399,0.7330008214425886,Not LSOG,2
NH,2019-2023,1191484893290487,44.022512,-71.752807,0.9351680000257665,Not LSOG,3
NH,2019-2023,1191484894290487,43.870126,-71.723576,0.9525173249921776,Transitioning LS,5
NH,2019-2023,1191484895290487,43.778111,-71.943444,0.9351680000257665,Not LSOG,3
NH,2019-2023,1191484896290487,43.582595,-71.922088,0.7329289264789006,Not LSOG,3
NH,2019-2023,1191484897290487,42.894341,-72.196857,0.6108051578444568,Not LSOG,0
NH,2019-2023,1191484898290487,43.623415,-72.276608,0.9113090051979087,Not LSOG,2
NH,2019-2023,1191484900290487,43.449972,-72.352286,0.9415162834945795,Transitioning LS,4
NH,2019-2023,1191484901290487,45.16905,-71.082166,0.6857909734537151,Not LSOG,2
NH,2019-2023,1191484902290487,45.041355,-71.107633,0.6615772062685982,Not LSOG,2
NH,2019-2023,1191484903290487,45.145457,-71.31055,0.9113090051979087,Not LSOG,2
NH,2019-2023,1191484904290487,45.019245,-71.167289,0.9020230015787777,Not LSOG,1
NH,2019-2023,1191484905290487,44.88721,-71.304604,0.6615772062685982,Not LSOG,2
NH,2019-2023,1191484907290487,44.688525,-71.241408,0.6365715342373877,Not LSOG,1
NH,2019-2023,1191484908290487,44.676808,-71.285405,0.6108051578444568,Not LSOG,0
NH,2019-2023,1191484909290487,44.416723,-71.294514,0.6365715342373877,Not LSOG,1
NH,2019-2023,1191484910290487,44.580206,-71.338718,0.6878101010539076,Not LSOG,1
NH,2019-2023,1191484911290487,44.537543,-71.399992,0.7539363368253053,Not LSOG,3
NH,2019-2023,1191484912290487,44.310958,-71.305626,0.6108051578444568,Not LSOG,0
NH,2019-2023,1191484913290487,44.286619,-71.382896,0.9345965651358837,Transitioning LS,4
NH,2019-2023,1191484914290487,43.534412,-71.014683,0.6878101010539076,Not LSOG,1
NH,2019-2023,1191484917290487,43.219674,-71.393322,0.9020230015787777,Not LSOG,1
NH,2019-2023,1191484918290487,43.112908,-71.328882,0.7207627729304174,Transitioning LS,4
NH,2019-2023,1191484919290487,44.746061,-71.406582,0.7738013078555422,Not LSOG,3
NH,2019-2023,1191484920290487,44.857531,-71.474695,0.6108051578444568,Not LSOG,0
NH,2019-2023,1191484922290487,44.782488,-71.545748,0.9020230015787777,Not LSOG,1
NH,2019-2023,1191484923290487,44.617792,-71.519207,0.9113090051979087,Not LSOG,2
NH,2019-2023,1191484925290487,44.392366,-71.711235,0.9113090051979087,Not LSOG,2
NH,2019-2023,1191484928290487,43.151842,-71.118068,0.9020230015787777,Not LSOG,1
NH,2019-2023,1191484929290487,42.988881,-71.022796,0.9351680000257665,Not LSOG,3
NH,2019-2023,1191484932290487,42.921984,-71.090919,0.9351680000257665,Not LSOG,3
NH,2019-2023,1191484934290487,42.898958,-71.260849,0.9020230015787777,Not LSOG,1
NH,2019-2023,1191484936290487,43.714114,-71.800454,0.9380489584014,Transitioning LS,5
NH,2019-2023,1191484937290487,43.647138,-71.867177,0.9415162834945795,Transitioning LS,4
NH,2019-2023,1191484938290487,43.692386,-71.980476,0.9113090051979087,Not LSOG,2
NH,2019-2023,1191484939290487,43.99013,-71.512464,0.7108914504188132,Not LSOG,2
NH,2019-2023,1191484940290487,44.263419,-71.269073,0.7521908014412135,Transitioning LS,4
NH,2019-2023,1191484941290487,44.035071,-71.884685,0.9197931634319174,Not LSOG,3
NH,2019-2023,1191484942290487,44.170149,-71.724999,0.9415162834945795,Transitioning LS,4
NH,2019-2023,1191484943290487,44.07396,-71.605825,0.7329289264789006,Not LSOG,3
NH,2019-2023,1191484944290487,43.96094,-71.647727,0.9522462095364166,LS,6
NH,2019-2023,1191484945290487,43.957387,-71.74144,0.9275549559514751,Not LSOG,3
NH,2019-2023,1191484946290487,43.887005,-71.775091,0.9472963363851143,Transitioning LS,4
NH,2019-2023,1191484947290487,44.320321,-71.024038,0.928183186334843,Not LSOG,2
NH,2019-2023,1191484948290487,44.222094,-71.073919,0.9198202579551338,Not LSOG,2
NH,2019-2023,1191484949290487,44.189497,-71.141923,0.9275549559514751,Not LSOG,3
NH,2019-2023,1191484950290487,44.049505,-71.233362,0.7737370079787957,Transitioning LS,4
NH,2019-2023,1191484951290487,44.13224,-71.364954,0.9351680000257665,Not LSOG,3
NH,2019-2023,1191484952290487,44.095168,-71.05202,0.7077233760427172,Transitioning LS,4
NH,2019-2023,1191484953290487,43.970807,-71.747808,0.7539363368253053,Not LSOG,3
NH,2019-2023,1191484954290487,43.984069,-71.970698,0.6365715342373877,Not LSOG,1
NH,2019-2023,1191484955290487,44.309998,-71.482623,0.9472963363851143,Transitioning LS,4
NH,2019-2023,1191484956290487,44.230074,-71.497044,0.7108914504188132,Not LSOG,2
NH,2019-2023,1191484957290487,44.301681,-71.093878,0.9380489584014,Transitioning LS,5
NH,2019-2023,1191484958290487,44.121787,-71.251428,0.9380489584014,Transitioning LS,5
NH,2019-2023,1191484959290487,43.904535,-71.436087,0.9351680000257665,Not LSOG,3
NH,2019-2023,1191484963290487,44.048676,-71.716286,0.949380828378789,LS,7
NH,2019-2023,1191484964290487,43.881608,-71.827538,0.9572594810902694,Transitioning LS,5
NH,2019-2023,1191484965290487,44.48231,-71.384372,0.9525339354954037,Transitioning LS,4
NH,2019-2023,1191484966290487,44.281218,-71.31063,0.6108051578444568,Not LSOG,0
NH,2019-2023,1191484967290487,44.232133,-71.408977,0.9020230015787777,Not LSOG,1
NH,2019-2023,1191484969290487,44.364054,-71.260713,0.7108914504188132,Not LSOG,2
NH,2019-2023,1191484970290487,44.200819,-71.207305,0.6365715342373877,Not LSOG,1
NH,2019-2023,1191484971290487,44.011156,-71.408226,0.949990278890001,Transitioning LS,4
NH,2019-2023,1191484972290487,43.860958,-71.476662,0.6975845040407582,Not LSOG,2
NH,2019-2023,1191484973290487,43.954822,-71.567898,0.7737370079787957,Transitioning LS,4
VT,2019-2023,511267830126144,43.038954,-72.531209,0.8912328433614285,Not LSOG,3
VT,2019-2023,511267831126144,42.776665,-72.547412,0.892139425307571,Not LSOG,2
VT,2019-2023,511267832126144,44.810526,-71.662816,0.6114449441660903,Not LSOG,2
VT,2019-2023,511267833126144,44.537525,-71.644589,0.892139425307571,Not LSOG,2
VT,2019-2023,511267834126144,44.432897,-71.754377,0.5010926078937744,Not LSOG,0
VT,2019-2023,511267835126144,44.353187,-71.973929,0.8964793037604496,Not LSOG,3
VT,2019-2023,511267836126144,43.940484,-72.26924,0.9022606673682829,Not LSOG,3
VT,2019-2023,511267841126144,43.411387,-72.480476,0.9338403484875819,LS,7
VT,2019-2023,511267842126144,43.500306,-72.637502,0.920018580355121,Transitioning LS,4
VT,2019-2023,511267843126144,43.366246,-72.489693,0.7064128575992354,LS,6
VT,2019-2023,511267845126144,43.246539,-72.605612,0.6499640313919496,Not LSOG,2
VT,2019-2023,511267846126144,43.18833,-72.491077,0.5850583430809388,Not LSOG,1
VT,2019-2023,511267850126144,43.099815,-72.698391,0.892139425307571,Not LSOG,2
VT,2019-2023,511267851126144,42.906341,-72.675249,0.5961609543386629,Not LSOG,2
VT,2019-2023,511267852126144,42.983701,-72.798779,0.9014623898205981,Not LSOG,3
VT,2019-2023,511267853126144,43.054193,-72.892317,0.5285157310105212,Not LSOG,1
VT,2019-2023,511267854126144,42.932529,-72.780366,0.892139425307571,Not LSOG,2
VT,2019-2023,511267855126144,42.752158,-72.764547,0.8800825991057448,Not LSOG,3
VT,2019-2023,511267856126144,44.892261,-71.749142,0.8912328433614285,Not LSOG,3
VT,2019-2023,511267859126144,44.641097,-71.778846,0.8549022892183813,Not LSOG,1
VT,2019-2023,511267860126144,44.788044,-71.877278,0.8549022892183813,Not LSOG,1
VT,2019-2023,511267861126144,44.738812,-71.875689,0.8549022892183813,Not LSOG,1
VT,2019-2023,511267864126144,44.486463,-71.857977,0.5010926078937744,Not LSOG,0
VT,2019-2023,511267865126144,44.433166,-72.109968,0.5010926078937744,Not LSOG,0
VT,2019-2023,511267869126144,44.075347,-72.197045,0.927333831216347,LS,6
VT,2019-2023,511267871126144,44.117591,-72.553798,0.8794891777928587,Not LSOG,3
VT,2019-2023,511267873126144,43.792192,-72.420287,0.8800825991057448,Not LSOG,3
VT,2019-2023,511267877126144,43.745,-72.643242,0.9022606673682829,Not LSOG,3
VT,2019-2023,511267880126144,43.684374,-72.881935,0.892139425307571,Not LSOG,2
VT,2019-2023,511267881126144,43.35481,-72.690715,0.8680007332560706,Not LSOG,2
VT,2019-2023,511267883126144,43.317379,-72.947996,0.9347833277941949,Transitioning LS,5
VT,2019-2023,511267884126144,43.135899,-73.005644,0.9347833277941949,Transitioning LS,5
VT,2019-2023,511267885126144,43.25612,-73.157486,0.9115263550117398,Transitioning LS,4
VT,2019-2023,511267886126144,42.905732,-73.006613,0.8800825991057448,Not LSOG,3
VT,2019-2023,511267889126144,42.774015,-73.087746,0.9373299827808835,OG,8
VT,2019-2023,511267890126144,44.830783,-72.011771,0.6114449441660903,Not LSOG,2
VT,2019-2023,511267891126144,44.902353,-72.100464,0.8801213598335662,Not LSOG,2
VT,2019-2023,511267892126144,44.67483,-72.090646,0.9022606673682829,Not LSOG,3
VT,2019-2023,511267893126144,44.798208,-72.221365,0.5285157310105212,Not LSOG,1
VT,2019-2023,511267894126144,44.640999,-72.304986,0.8912328433614285,Not LSOG,3
VT,2019-2023,511267897126144,44.260602,-72.460191,0.8680007332560706,Not LSOG,2
VT,2019-2023,511267898126144,44.175932,-72.539245,0.5558584971217809,Not LSOG,1
VT,2019-2023,511267899126144,44.195136,-72.629376,0.8549022892183813,Not LSOG,1
VT,2019-2023,511267900126144,44.069668,-72.756369,0.9386180997000964,Transitioning LS,4
VT,2019-2023,511267901126144,43.804905,-72.767617,0.892139425307571,Not LSOG,2
VT,2019-2023,511267902126144,43.770034,-72.991687,0.8912328433614285,Not LSOG,3
VT,2019-2023,511267903126144,43.537339,-72.981798,0.5010926078937744,Not LSOG,0
VT,2019-2023,511267904126144,43.636211,-73.056667,0.5010926078937744,Not LSOG,0
VT,2019-2023,511267905126144,43.395326,-73.045005,0.8549022892183813,Not LSOG,1
VT,2019-2023,511267907126144,44.860701,-72.352606,0.8549022892183813,Not LSOG,1
VT,2019-2023,511267908126144,44.955711,-72.486072,0.8801213598335662,Not LSOG,2
VT,2019-2023,511267909126144,44.795716,-72.553854,0.9115559736042389,Not LSOG,3
VT,2019-2023,511267910126144,44.66547,-72.668072,0.927333831216347,LS,6
VT,2019-2023,511267911126144,44.574568,-72.551697,0.9115263550117398,Transitioning LS,4
VT,2019-2023,511267912126144,44.428825,-72.653762,0.9313569842563122,Transitioning LS,5
VT,2019-2023,511267913126144,44.547852,-72.783656,0.6092125311503065,Not LSOG,3
VT,2019-2023,511267915126144,44.389786,-72.889065,0.9380750606346241,Transitioning LS,5
VT,2019-2023,511267916126144,44.330032,-72.908596,0.9022606673682829,Not LSOG,3
VT,2019-2023,511267917126144,44.229131,-72.986695,0.9022606673682829,Not LSOG,3
VT,2019-2023,511267919126144,44.014265,-72.97931,0.9115559736042389,Not LSOG,3
VT,2019-2023,511267923126144,44.905111,-72.670889,0.9313569842563122,Transitioning LS,5
VT,2019-2023,511267924126144,44.758516,-72.801378,0.9239949528698664,Transitioning LS,4
VT,2019-2023,511267926126144,44.602962,-72.909917,0.8549022892183813,Not LSOG,1
VT,2019-2023,511267927126144,44.311688,-73.122926,0.5827777743204645,Not LSOG,2
VT,2019-2023,511267928126144,44.168312,-73.232015,0.8549022892183813,Not LSOG,1
VT,2019-2023,511267948126144,43.400402,-72.94755,0.9239949528698664,Transitioning LS,4
VT,2019-2023,511267949126144,43.138274,-72.931935,0.9022606673682829,Not LSOG,3
VT,2019-2023,511267950126144,43.02072,-73.037448,0.9022606673682829,Not LSOG,3
VT,2019-2023,511267951126144,42.937036,-73.134847,0.8549022892183813,Not LSOG,1
VT,2019-2023,511267952126144,42.891967,-73.110959,0.6745193833869543,Not LSOG,3
VT,2019-2023,511267953126144,43.930833,-72.870856,0.6114449441660903,Not LSOG,2
VT,2019-2023,511267954126144,43.86296,-72.999026,0.9022606673682829,Not LSOG,3
VT,2019-2023,511267955126144,44.011349,-72.870094,0.9022606673682829,Not LSOG,3
VT,2019-2023,511267958126144,43.259938,-72.948868,0.8680007332560706,Not LSOG,2
VT,2019-2023,511267959126144,43.097691,-73.003824,0.9193251363516384,Transitioning LS,5
VT,2019-2023,511267960126144,42.89353,-73.029697,0.923333111368851,Transitioning LS,5
VT,2019-2023,511267961126144,42.98391,-73.137363,0.5285157310105212,Not LSOG,1
VT,2019-2023,511267962126144,43.046767,-73.247021,0.9022606673682829,Not LSOG,3
VT,2019-2023,511267963126144,43.625816,-72.834927,0.9146614139490472,LS,6
VT,2019-2023,511268724126144,42.815515,-72.65817,0.5285157310105212,Not LSOG,1
VT,2019-2023,511268725126144,43.079602,-72.786333,0.5961609543386629,Not LSOG,2
VT,2019-2023,511268727126144,43.669588,-72.465558,0.8549022892183813,Not LSOG,1
VT,2019-2023,511268728126144,43.448887,-72.417469,0.9159146221708285,Not LSOG,3
VT,2019-2023,511268729126144,43.279126,-72.55412,0.892139425307571,Not LSOG,2
VT,2019-2023,511268731126144,42.860508,-72.962033,0.9022606673682829,Not LSOG,3
VT,2019-2023,511268732126144,42.815146,-73.05765,0.8912328433614285,Not LSOG,3
VT,2019-2023,511268733126144,44.809016,-71.584985,0.8549022892183813,Not LSOG,1
VT,2019-2023,511268734126144,44.746354,-71.824356,0.8549022892183813,Not LSOG,1
VT,2019-2023,511268735126144,44.663394,-71.691618,0.8549022892183813,Not LSOG,1
VT,2019-2023,511268736126144,44.385834,-71.87827,0.5010926078937744,Not LSOG,0
VT,2019-2023,511268739126144,44.566941,-72.126488,0.8549022892183813,Not LSOG,1
VT,2019-2023,511268740126144,44.194757,-72.212597,0.5010926078937744,Not LSOG,0
VT,2019-2023,511268741126144,44.036223,-72.360736,0.892139425307571,Not LSOG,2
VT,2019-2023,511268742126144,44.147277,-72.458878,0.920018580355121,Transitioning LS,4
VT,2019-2023,511268743126144,43.807691,-72.353145,0.5010926078937744,Not LSOG,0
VT,2019-2023,511268744126144,43.760901,-72.582193,0.5010926078937744,Not LSOG,0
VT,2019-2023,511268745126144,43.434238,-73.127108,0.5827777743204645,Not LSOG,2
VT,2019-2023,511268747126144,43.110323,-72.885121,0.6114449441660903,Not LSOG,2
VT,2019-2023,511268748126144,43.172165,-73.005331,0.9014623898205981,Not LSOG,3
VT,2019-2023,511268750126144,43.05349,-73.095829,0.9894562822712694,LS,7
VT,2019-2023,511268751126144,44.869256,-71.941855,0.8549022892183813,Not LSOG,1
VT,2019-2023,511268752126144,44.984632,-72.039039,0.8549022892183813,Not LSOG,1
VT,2019-2023,511268754126144,44.818848,-72.191963,0.9195775714845362,Transitioning LS,5
VT,2019-2023,511268755126144,44.621821,-72.018027,0.8549022892183813,Not LSOG,1
VT,2019-2023,511268756126144,44.530825,-72.40157,0.8549022892183813,Not LSOG,1
VT,2019-2023,511268757126144,44.232694,-72.597253,0.5010926078937744,Not LSOG,0
VT,2019-2023,511268758126144,44.301153,-72.735516,0.892139425307571,Not LSOG,2
VT,2019-2023,511268759126144,43.922052,-72.828034,0.9014297565504245,Transitioning LS,4
VT,2019-2023,511268761126144,43.775531,-72.894863,0.892139425307571,Not LSOG,2
VT,2019-2023,511268762126144,43.891919,-73.01012,0.8549022892183813,Not LSOG,1
VT,2019-2023,511268763126144,43.544114,-72.924394,0.9014297565504245,Transitioning LS,4
VT,2019-2023,511268764126144,43.772078,-73.089443,0.9239949528698664,Transitioning LS,4
VT,2019-2023,511268765126144,43.614961,-72.804073,0.97850270874746,Not LSOG,3
VT,2019-2023,511268766126144,43.141816,-73.228938,0.9115263550117398,Transitioning LS,4
VT,2019-2023,511268767126144,44.89643,-72.280614,0.9014623898205981,Not LSOG,3
VT,2019-2023,511268768126144,44.616323,-72.479349,0.8549022892183813,Not LSOG,1
VT,2019-2023,511268769126144,44.678615,-72.642693,0.8801213598335662,Not LSOG,2
VT,2019-2023,511268770126144,44.552659,-72.715658,0.9313569842563122,Transitioning LS,5
VT,2019-2023,511268771126144,44.149257,-72.834054,0.6863707864748436,Transitioning LS,4
VT,2019-2023,511268772126144,44.244985,-72.953704,0.8549022892183813,Not LSOG,1
VT,2019-2023,511268774126144,43.590935,-73.255648,0.5010926078937744,Not LSOG,0
VT,2019-2023,511268775126144,44.935923,-72.623116,0.9062673157653577,Not LSOG,3
VT,2019-2023,511268776126144,44.995591,-72.756548,0.8549022892183813,Not LSOG,1
VT,2019-2023,511268777126144,44.754393,-72.757998,0.8680007332560706,Not LSOG,2
VT,2019-2023,511268778126144,44.667199,-73.065344,0.892139425307571,Not LSOG,2
VT,2019-2023,511268781126144,44.343736,-73.091804,0.8549022892183813,Not LSOG,1
VT,2019-2023,511268784126144,44.971285,-73.103063,0.8549022892183813,Not LSOG,1
VT,2019-2023,511268792126144,42.874779,-73.085318,0.6092999769484313,Not LSOG,2
VT,2019-2023,511268793126144,42.751605,-73.164331,0.923094352580245,LS,7
VT,2019-2023,511268794126144,43.890322,-72.941259,0.9022606673682829,Not LSOG,3
VT,2019-2023,511268795126144,43.9775,-73.045494,0.8680007332560706,Not LSOG,2
VT,2019-2023,511268797126144,43.292049,-72.870201,0.8680007332560706,Not LSOG,2
VT,2019-2023,511268798126144,42.97543,-73.095983,0.9277356498311196,Transitioning LS,5
VT,2019-2023,511268800126144,43.37672,-72.970672,0.9347833277941949,Transitioning LS,5
VT,2019-2023,511268801126144,43.959604,-72.942394,0.6092125311503065,Not LSOG,3
VT,2019-2023,511268802126144,44.054032,-73.039629,0.8801213598335662,Not LSOG,2
VT,2019-2023,618642389126144,43.210713,-72.448065,0.5010926078937744,Not LSOG,0
VT,2019-2023,618642390126144,43.127455,-72.479751,0.947132033998486,LS,7
VT,2019-2023,618642391126144,43.079749,-72.445695,0.6371941229153248,Not LSOG,3
VT,2019-2023,618642392126144,42.984117,-72.567868,0.5850583430809388,Not LSOG,1
VT,2019-2023,618642393126144,42.773135,-72.559652,0.5850583430809388,Not LSOG,1
VT,2019-2023,618642396126144,44.682569,-71.86223,0.8680007332560706,Not LSOG,2
VT,2019-2023,618642398126144,44.504985,-71.649555,0.5850583430809388,Not LSOG,1
VT,2019-2023,618642399126144,44.51563,-71.813134,0.6601591328971427,Transitioning LS,4
VT,2019-2023,618642402126144,43.458158,-72.60912,0.5010926078937744,Not LSOG,0
VT,2019-2023,618642405126144,43.085525,-72.667229,0.8912328433614285,Not LSOG,3
VT,2019-2023,618642406126144,42.743043,-72.718183,0.8801213598335662,Not LSOG,2
VT,2019-2023,618642409126144,44.97526,-71.658342,0.5285157310105212,Not LSOG,1
VT,2019-2023,618642410126144,44.88154,-71.545952,0.8800825991057448,Not LSOG,3
VT,2019-2023,618642411126144,44.913101,-71.729807,0.9347833277941949,Transitioning LS,5
VT,2019-2023,618642412126144,45.007721,-71.818556,0.8912328433614285,Not LSOG,3
VT,2019-2023,618642413126144,44.865211,-71.782799,0.8680007332560706,Not LSOG,2
VT,2019-2023,618642414126144,44.617609,-71.767944,0.5010926078937744,Not LSOG,0
VT,2019-2023,618642415126144,44.739492,-71.640643,0.8912328433614285,Not LSOG,3
VT,2019-2023,618642416126144,44.788153,-72.026777,0.5010926078937744,Not LSOG,0
VT,2019-2023,618642418126144,44.207643,-72.181542,0.7316885783734156,Transitioning LS,5
VT,2019-2023,618642419126144,44.447394,-71.861189,0.5010926078937744,Not LSOG,0
VT,2019-2023,618642420126144,44.395156,-72.095424,0.5010926078937744,Not LSOG,0
VT,2019-2023,618642421126144,44.345208,-72.129838,0.8549022892183813,Not LSOG,1
VT,2019-2023,618642422126144,44.165865,-72.069246,0.9193251363516384,Transitioning LS,5
VT,2019-2023,618642424126144,44.349982,-72.297368,0.5010926078937744,Not LSOG,0
VT,2019-2023,618642425126144,44.109992,-72.284452,0.8549022892183813,Not LSOG,1
VT,2019-2023,618642426126144,44.030503,-72.17384,0.892139425307571,Not LSOG,2
VT,2019-2023,618642427126144,43.94677,-72.252278,0.8549022892183813,Not LSOG,1
VT,2019-2023,618642430126144,43.731726,-72.405784,0.6229106388136214,Transitioning LS,4
VT,2019-2023,618642432126144,44.18098,-72.356643,0.9064576672306899,Transitioning LS,5
VT,2019-2023,618642433126144,43.898802,-72.641863,0.5010926078937744,Not LSOG,0
VT,2019-2023,618642434126144,43.71239,-72.623291,0.5010926078937744,Not LSOG,0
VT,2019-2023,618642436126144,43.499875,-72.71024,0.5694672544528424,Not LSOG,1
VT,2019-2023,618642437126144,43.597795,-72.665298,0.9277356498311196,Transitioning LS,5
VT,2019-2023,618642438126144,43.700431,-72.798787,0.8858351339184136,Not LSOG,2
VT,2019-2023,618642439126144,43.376306,-72.436857,0.9014297565504245,Transitioning LS,4
VT,2019-2023,618642441126144,43.398439,-72.826105,0.8549022892183813,Not LSOG,1
VT,2019-2023,618642442126144,43.493377,-72.915336,0.8549022892183813,Not LSOG,1
VT,2019-2023,618642443126144,43.333153,-72.887434,0.8549022892183813,Not LSOG,1
VT,2019-2023,618642444126144,43.25418,-72.93733,0.8912328433614285,Not LSOG,3
VT,2019-2023,618642447126144,43.117997,-73.014399,0.9411669082961829,LS,6
VT,2019-2023,618642449126144,42.890896,-73.00186,0.8912328433614285,Not LSOG,3
VT,2019-2023,618642450126144,42.962963,-73.149557,0.9313569842563122,Transitioning LS,5
VT,2019-2023,618642451126144,43.25624,-72.862807,0.9239949528698664,Transitioning LS,4
VT,2019-2023,618642452126144,42.899408,-73.178366,0.5850583430809388,Not LSOG,1
VT,2019-2023,618642454126144,44.464063,-71.792433,0.8680007332560706,Not LSOG,2
VT,2019-2023,618642455126144,44.865147,-72.096535,0.5010926078937744,Not LSOG,0
VT,2019-2023,618642456126144,44.967971,-72.264269,0.9347833277941949,Transitioning LS,5
VT,2019-2023,618642457126144,44.719161,-72.064348,0.8680007332560706,Not LSOG,2
VT,2019-2023,618642460126144,44.681655,-72.288767000000007,0.6601591328971427,Transitioning LS,4
VT,2019-2023,618642461126144,44.77456,-72.41567,0.8912328433614285,Not LSOG,3
VT,2019-2023,618642463126144,44.486347,-72.207793,0.8549022892183813,Not LSOG,1
VT,2019-2023,618642464126144,44.436536,-72.467157,0.892139425307571,Not LSOG,2
VT,2019-2023,618642465126144,44.502384,-72.565377,0.8549022892183813,Not LSOG,1
VT,2019-2023,618642467126144,44.193541,-72.756131,0.9347833277941949,Transitioning LS,5
VT,2019-2023,618642471126144,44.151004,-72.675104,0.9022606673682829,Not LSOG,3
VT,2019-2023,618642472126144,44.071915,-72.538864,0.9159146221708285,Not LSOG,3
VT,2019-2023,618642473126144,43.992633,-72.594963,0.892139425307571,Not LSOG,2
VT,2019-2023,618642474126144,44.090075,-72.701383,0.8549022892183813,Not LSOG,1
VT,2019-2023,618642475126144,43.920703,-72.43086,0.8680007332560706,Not LSOG,2
VT,2019-2023,618642476126144,44.077546,-72.900934,0.9115263550117398,Transitioning LS,4
VT,2019-2023,618642477126144,43.762368,-72.759678,0.8680007332560706,Not LSOG,2
VT,2019-2023,618642478126144,43.861874,-72.872982,0.8680007332560706,Not LSOG,2
VT,2019-2023,618642479126144,43.739822,-72.977296,0.5813234705184924,Not LSOG,3
VT,2019-2023,618642480126144,43.649121,-72.836629,0.9193251363516384,Transitioning LS,5
VT,2019-2023,618642481126144,43.688493,-73.031344,0.5010926078937744,Not LSOG,0
VT,2019-2023,618642482126144,43.655081,-73.011613,0.8858351339184136,Not LSOG,2
VT,2019-2023,618642483126144,43.596895,-73.064577,0.8680007332560706,Not LSOG,2
VT,2019-2023,618642484126144,43.66648,-73.214423,0.9313569842563122,Transitioning LS,5
VT,2019-2023,618642485126144,43.339728,-73.029593,0.5694672544528424,Not LSOG,1
VT,2019-2023,618642486126144,43.431608,-73.189062,0.6114449441660903,Not LSOG,2
VT,2019-2023,618642488126144,43.182932,-73.158869,0.892139425307571,Not LSOG,2
VT,2019-2023,618642490126144,44.801317,-72.530332,0.8549022892183813,Not LSOG,1
VT,2019-2023,618642491126144,44.842661,-72.565455,0.927333831216347,LS,6
VT,2019-2023,618642492126144,44.842508,-72.139685,0.6114449441660903,Not LSOG,2
VT,2019-2023,618642493126144,44.762929,-72.582109,0.8680007332560706,Not LSOG,2
VT,2019-2023,618642494126144,44.612991,-72.668706,0.6981521331077708,Transitioning LS,4
VT,2019-2023,618642495126144,44.47698,-72.632023,0.9277602720409711,Transitioning LS,4
VT,2019-2023,618642496126144,44.407877,-72.659884,0.9022606673682829,Not LSOG,3
VT,2019-2023,618642497126144,44.476446,-72.784466,0.8549022892183813,Not LSOG,1
VT,2019-2023,618642498126144,44.417575,-72.862085,0.8680007332560706,Not LSOG,2
VT,2019-2023,618642500126144,44.18757,-72.983981,0.9861717403733796,Transitioning LS,5
VT,2019-2023,618642501126144,44.010855,-72.928534,0.892139425307571,Not LSOG,2
VT,2019-2023,618642502126144,43.936185,-72.982049,0.8680007332560706,Not LSOG,2
VT,2019-2023,618642503126144,44.097594,-73.048741,0.8801213598335662,Not LSOG,2
VT,2019-2023,618642506126144,43.742677,-73.106868,0.8549022892183813,Not LSOG,1
VT,2019-2023,618642508126144,44.21712,-73.098,0.8549022892183813,Not LSOG,1
VT,2019-2023,618642509126144,43.749474,-73.304912,0.8680007332560706,Not LSOG,2
VT,2019-2023,618642510126144,43.611634,-73.410232,0.9014623898205981,Not LSOG,3
VT,2019-2023,618642511126144,44.999927,-72.565276,0.9313569842563122,Transitioning LS,5
VT,2019-2023,618642512126144,44.847823,-72.696252,0.8680007332560706,Not LSOG,2
VT,2019-2023,618642513126144,44.951843,-72.803707,0.8680007332560706,Not LSOG,2
VT,2019-2023,618642514126144,44.868389,-72.892014,0.8964793037604496,Not LSOG,3
VT,2019-2023,618642515126144,44.807443,-72.764997,0.923094352580245,LS,7
VT,2019-2023,618642516126144,44.719755,-72.823983,0.9239949528698664,Transitioning LS,4
VT,2019-2023,618642518126144,44.725987,-72.997661,0.5010926078937744,Not LSOG,0
VT,2019-2023,618642519126144,44.570682,-72.893257,0.8680007332560706,Not LSOG,2
VT,2019-2023,618642520126144,44.478347,-73.000342,0.8549022892183813,Not LSOG,1
VT,2019-2023,618642521126144,44.585516,-73.11038,0.8906519777601108,Transitioning LS,4
VT,2019-2023,618642523126144,44.532316,-72.911559,0.5010926078937744,Not LSOG,0
VT,2019-2023,618642524126144,44.273798,-73.097454,0.5010926078937744,Not LSOG,0
VT,2019-2023,618642526126144,44.203658,-73.169644,0.5285157310105212,Not LSOG,1
VT,2019-2023,618642533126144,44.742966,-73.16021,0.5010926078937744,Not LSOG,0
VT,2019-2023,618642537126144,43.043772,-72.976468,0.8680007332560706,Not LSOG,2
VT,2019-2023,618642539126144,43.404446,-72.882679,0.9115263550117398,Transitioning LS,4
VT,2019-2023,618642540126144,43.356532,-72.926334,0.8912328433614285,Not LSOG,3
VT,2019-2023,618642541126144,43.152591,-72.990472,0.9413553593015018,LS,6
VT,2019-2023,618642542126144,42.966267,-73.002125,0.920018580355121,Transitioning LS,4
VT,2019-2023,618642543126144,43.953738,-72.851555,0.9022606673682829,Not LSOG,3
VT,2019-2023,618642544126144,43.797756,-72.836399,0.8680007332560706,Not LSOG,2
VT,2019-2023,618642545126144,43.823494,-72.963029,0.6622618551127356,Not LSOG,3
VT,2019-2023,618642546126144,43.718573,-72.880053,0.9022606673682829,Not LSOG,3
VT,2019-2023,618642547126144,44.120395,-72.938145,0.6351064724561003,Not LSOG,3
VT,2019-2023,618642548126144,44.052708,-73.025701,0.8912328433614285,Not LSOG,3
VT,2019-2023,618642549126144,42.847735,-72.989938,0.8549022892183813,Not LSOG,1
VT,2019-2023,618642550126144,43.073327,-73.024781,0.9347833277941949,Transitioning LS,5
VT,2019-2023,618642551126144,43.828563,-72.890097,0.892139425307571,Not LSOG,2
VT,2019-2023,618642552126144,43.891969,-72.993429,0.8912328433614285,Not LSOG,3
VT,2019-2023,618642553126144,43.303565,-73.075794,0.6601591328971427,Transitioning LS,4
VT,2019-2023,618642554126144,44.051841,-72.875006,0.927333831216347,LS,6
VT,2019-2023,722577745290487,43.133174,-73.155434,0.5010926078937744,Not LSOG,0
VT,2019-2023,722577748290487,42.770052,-73.063639,0.8680007332560706,Not LSOG,2
VT,2019-2023,722577749290487,44.150641,-72.354074,0.6114449441660903,Not LSOG,2
VT,2019-2023,722577752290487,44.745681,-73.110475,0.5010926078937744,Not LSOG,0
VT,2019-2023,722577753290487,43.941709,-72.542492,0.5010926078937744,Not LSOG,0
VT,2019-2023,722577755290487,43.552966,-73.026744,0.7064128575992354,LS,6
VT,2019-2023,722577756290487,43.388115,-72.978044,0.927333831216347,LS,6
VT,2019-2023,722577758290487,44.829169,-72.896475,0.5010926078937744,Not LSOG,0
VT,2019-2023,722577760290487,44.588888,-72.83395,0.8912328433614285,Not LSOG,3
VT,2019-2023,722577764290487,44.35737,-73.0185,0.8549022892183813,Not LSOG,1
VT,2019-2023,722577766290487,44.377412,-73.178313,0.5010926078937744,Not LSOG,0
VT,2019-2023,722577767290487,44.357242,-72.824308,0.6609234083741894,Transitioning LS,4
VT,2019-2023,722577768290487,44.27873,-72.702994,0.9022606673682829,Not LSOG,3
VT,2019-2023,722577769290487,44.303453,-72.904506,0.8912328433614285,Not LSOG,3
VT,2019-2023,722577770290487,44.210972,-72.953916,0.927333831216347,LS,6
VT,2019-2023,722577771290487,44.288171,-73.057419,0.6114449441660903,Not LSOG,2
VT,2019-2023,722577772290487,43.977109,-72.952768,0.9772998491936117,Transitioning LS,4
VT,2019-2023,722577773290487,44.079363,-73.026366,0.8680007332560706,Not LSOG,2
VT,2019-2023,722577774290487,44.004099,-73.108818,0.5827777743204645,Not LSOG,2
VT,2019-2023,722577776290487,43.510937,-72.524235,0.6981521331077708,Transitioning LS,4
VT,2019-2023,722577778290487,43.277784,-72.896596,0.920018580355121,Transitioning LS,4
VT,2019-2023,722577779290487,43.237585,-73.095924,0.5010926078937744,Not LSOG,0
VT,2019-2023,722577780290487,42.998988,-73.084284,0.8680007332560706,Not LSOG,2
VT,2019-2023,722577781290487,43.501387,-72.902957,0.927333831216347,LS,6
VT,2019-2023,722577783290487,43.320446,-73.200766,0.9313569842563122,Transitioning LS,5
VT,2019-2023,722577784290487,43.074752,-73.210676,0.8680007332560706,Not LSOG,2
VT,2019-2023,722577786290487,44.489189,-72.000443,0.7208531819166488,Transitioning LS,4
VT,2019-2023,722577787290487,44.522977,-72.160618,0.8680007332560706,Not LSOG,2
VT,2019-2023,722577788290487,44.355106,-72.08507,0.8964793037604496,Not LSOG,3
VT,2019-2023,722577789290487,44.274024,-72.146719,0.6229106388136214,Transitioning LS,4
VT,2019-2023,722577790290487,44.152654,-72.242825,0.7316885783734156,Transitioning LS,5
VT,2019-2023,722577794290487,43.689076,-73.371666,0.5010926078937744,Not LSOG,0
VT,2019-2023,722577796290487,44.681103,-72.054647,0.9718810353254596,Not LSOG,2
VT,2019-2023,722577797290487,44.604333,-72.278537,0.6864498529686655,Not LSOG,3
VT,2019-2023,722577799290487,44.373692,-72.260454,0.8680007332560706,Not LSOG,2
VT,2019-2023,722577801290487,44.570674,-72.524561,0.6371941229153248,Not LSOG,3
VT,2019-2023,722577802290487,44.330207,-72.491279,0.9107962722446276,Transitioning LS,4
VT,2019-2023,722577803290487,44.248763,-72.367028,0.6351064724561003,Not LSOG,3
VT,2019-2023,722577805290487,43.748489,-72.339293,0.9022606673682829,Not LSOG,3
VT,2019-2023,722577811290487,44.614137,-73.226791,0.6499640313919496,Not LSOG,2
VT,2019-2023,722577812290487,44.8632,-71.891377,0.8680007332560706,Not LSOG,2
VT,2019-2023,722577813290487,44.788194,-71.956736,0.8549022892183813,Not LSOG,1
VT,2019-2023,722577815290487,44.984196,-72.14422,0.6114449441660903,Not LSOG,2
VT,2019-2023,722577816290487,44.755692,-72.186109,0.6337199293641462,Transitioning LS,4
VT,2019-2023,722577817290487,43.839428,-73.272224,0.5010926078937744,Not LSOG,0
VT,2019-2023,722577821290487,44.98332,-72.362588,0.5827777743204645,Not LSOG,2
VT,2019-2023,722577822290487,44.921015,-72.240748,0.5010926078937744,Not LSOG,0
VT,2019-2023,722577823290487,44.842615,-72.268795,0.55576781087493,Not LSOG,2
VT,2019-2023,722577824290487,44.971296,-72.441627,0.8549022892183813,Not LSOG,1
VT,2019-2023,722577826290487,44.850049,-72.451658,0.8912328433614285,Not LSOG,3
VT,2019-2023,722577827290487,44.917055,-72.452831,0.9022606673682829,Not LSOG,3
VT,2019-2023,722577828290487,44.687952,-72.402287,0.5010926078937744,Not LSOG,0
VT,2019-2023,722577829290487,44.625746,-72.441059,0.5010926078937744,Not LSOG,0
VT,2019-2023,722577830290487,44.657554,-72.665058,0.9014623898205981,Not LSOG,3
VT,2019-2023,722577831290487,44.63909,-72.8567,0.9014297565504245,Transitioning LS,4
VT,2019-2023,722577832290487,44.500813,-72.576005,0.8549022892183813,Not LSOG,1
VT,2019-2023,722577833290487,44.418393,-72.607625,0.9022606673682829,Not LSOG,3
VT,2019-2023,722577835290487,44.242906,-72.565491,0.5850583430809388,Not LSOG,1
VT,2019-2023,722577836290487,44.877592,-72.628386,0.9022606673682829,Not LSOG,3
VT,2019-2023,722577837290487,44.821741,-72.766154,0.8549022892183813,Not LSOG,1
VT,2019-2023,722577838290487,44.184916,-72.593258,0.5010926078937744,Not LSOG,0
VT,2019-2023,722577839290487,44.126892,-72.818875,0.920018580355121,Transitioning LS,4
VT,2019-2023,722577840290487,44.035532,-72.726698,0.892139425307571,Not LSOG,2
VT,2019-2023,722577842290487,43.817592,-72.70836,0.8906519777601108,Transitioning LS,4
VT,2019-2023,722577843290487,43.741733,-72.750162,0.9022606673682829,Not LSOG,3
VT,2019-2023,722577844290487,43.914479,-72.962711,0.8549022892183813,Not LSOG,1
VT,2019-2023,722577845290487,43.768231,-72.919559,0.9022606673682829,Not LSOG,3
VT,2019-2023,722577846290487,44.082499,-72.486136,0.8549022892183813,Not LSOG,1
VT,2019-2023,722577849290487,43.633398,-72.805344,0.9022606673682829,Not LSOG,3
VT,2019-2023,722577850290487,44.994262,-71.563912,0.5827777743204645,Not LSOG,2
VT,2019-2023,722577851290487,44.952366,-71.829751,0.892139425307571,Not LSOG,2
VT,2019-2023,722577852290487,44.774752,-71.786738,0.5827777743204645,Not LSOG,2
VT,2019-2023,722577853290487,44.736312,-71.815126,0.8800825991057448,Not LSOG,3
VT,2019-2023,722577854290487,44.720954,-71.99924,0.8549022892183813,Not LSOG,1
VT,2019-2023,722577855290487,44.590553,-71.937738,0.5010926078937744,Not LSOG,0
VT,2019-2023,722577856290487,43.017093,-72.503235,0.9408350100270475,LS,7
VT,2019-2023,722577857290487,42.870607,-72.623807,0.6850824503108879,Transitioning LS,5
VT,2019-2023,722577858290487,43.144934,-72.644257,0.9239949528698664,Transitioning LS,4
VT,2019-2023,722577860290487,44.070383,-72.100427,0.5010926078937744,Not LSOG,0
VT,2019-2023,722577861290487,43.92347,-72.215353,0.6601591328971427,Transitioning LS,4
VT,2019-2023,722577863290487,43.019588,-72.685092,0.9313569842563122,Transitioning LS,5
VT,2019-2023,722577864290487,43.130316,-72.811514,0.927333831216347,LS,6
VT,2019-2023,722577865290487,42.976777,-72.734367,0.8608191937408896,Not LSOG,3
VT,2019-2023,722577866290487,43.064676,-72.862777,0.8549022892183813,Not LSOG,1
VT,2019-2023,722577867290487,42.964678,-72.936435,0.9818685379228336,Transitioning LS,4
VT,2019-2023,722577868290487,42.810442,-72.8566,0.5694672544528424,Not LSOG,1
VT,2019-2023,722577869290487,42.905148,-72.967515,0.892139425307571,Not LSOG,2
VT,2019-2023,722577870290487,42.763106,-72.873985,0.9408350100270475,LS,7
VT,2019-2023,722577872290487,43.561408,-72.74592,0.9188806410361484,LS,6
VT,2019-2023,722577873290487,43.477319,-72.575017,0.5010926078937744,Not LSOG,0
VT,2019-2023,722577874290487,43.40368,-72.602773,0.892139425307571,Not LSOG,2
VT,2019-2023,722577876290487,43.318843,-72.631669,0.9022606673682829,Not LSOG,3
VT,2019-2023,722577877290487,43.173841,-72.782299,0.892139425307571,Not LSOG,2
VT,2019-2023,722577878290487,44.616463,-71.67694,0.8680007332560706,Not LSOG,2
VT,2019-2023,722577879290487,44.43069,-71.682818,0.5010926078937744,Not LSOG,0
VT,2019-2023,722577881290487,44.910905,-71.886505,0.8549022892183813,Not LSOG,1
VT,2019-2023,722577882290487,43.964858,-72.172611,0.6114449441660903,Not LSOG,2
VT,2019-2023,722577884290487,44.090015,-72.629244,0.6499640313919496,Not LSOG,2
VT,2019-2023,722577886290487,43.673995,-73.123959,0.8680007332560706,Not LSOG,2
VT,2019-2023,722577887290487,43.462756,-72.768485,0.8549022892183813,Not LSOG,1
VT,2019-2023,722577889290487,43.785536,-73.224864,0.8680007332560706,Not LSOG,2
VT,2019-2023,722577890290487,44.524935,-71.578161,0.8549022892183813,Not LSOG,1
VT,2019-2023,722577891290487,43.941397,-73.056711,0.920018580355121,Transitioning LS,4
VT,2019-2023,722577892290487,42.851047,-73.075951,0.9022606673682829,Not LSOG,3
VT,2019-2023,722577893290487,43.242454,-72.972277,0.9110728130852205,Transitioning LS,4
VT,2019-2023,722577894290487,42.991528,-72.953527,0.9411669082961829,LS,6
VT,2019-2023,722577895290487,43.863538,-72.900837,0.9115559736042389,Not LSOG,3
VT,2019-2023,722577896290487,43.386355,-72.905328,0.7208531819166488,Transitioning LS,4
VT,2019-2023,722577897290487,43.107248,-73.087049,0.9277356498311196,Transitioning LS,5
VT,2019-2023,722577898290487,42.997859,-73.125014,0.9239949528698664,Transitioning LS,4
VT,2019-2023,722577899290487,42.965772,-72.811544,0.920018580355121,Transitioning LS,4
VT,2019-2023,722577900290487,44.135451,-72.893782,0.63589601484439,Not LSOG,3
VT,2019-2023,722577901290487,42.941674,-73.111716,0.920018580355121,Transitioning LS,4
VT,2019-2023,722577902290487,43.093423,-72.969034,0.6371941229153248,Not LSOG,3
VT,2019-2023,722577903290487,44.152632,-72.917677,0.9193251363516384,Transitioning LS,5
VT,2019-2023,722577904290487,43.921126,-72.93974,0.9115263550117398,Transitioning LS,4
VT,2019-2023,722577905290487,43.349391,-72.986773,0.6499640313919496,Not LSOG,2
VT,2019-2023,722577906290487,44.02841,-73.066822,0.8680007332560706,Not LSOG,2
VT,2019-2023,722577907290487,44.075343,-72.828868,0.8912328433614285,Not LSOG,3
VT,2019-2023,722577908290487,43.890881,-72.85155,0.8608191937408896,Not LSOG,3
VT,2019-2023,722577909290487,43.86757,-72.978016,0.8958487234001741,Transitioning LS,5
VT,2019-2023,722577910290487,43.336681,-72.829979,0.9193251363516384,Transitioning LS,5
VT,2019-2023,722577911290487,43.04121,-73.20877,0.9115263550117398,Transitioning LS,4
VT,2019-2023,722577912290487,42.943354,-73.143071,0.8549022892183813,Not LSOG,1
VT,2019-2023,722577913290487,42.801149,-73.147902,0.920018580355121,Transitioning LS,4
VT,2019-2023,816545894290487,43.975883,-72.754618,0.9115263550117398,Transitioning LS,4
VT,2019-2023,816545895290487,44.569455,-72.675514,0.920018580355121,Transitioning LS,4
VT,2019-2023,816545896290487,44.449847,-72.749882,0.5850583430809388,Not LSOG,1
VT,2019-2023,816545897290487,44.168046,-72.953511,0.8549022892183813,Not LSOG,1
VT,2019-2023,816545898290487,43.944984,-72.921766,0.892139425307571,Not LSOG,2
VT,2019-2023,816545899290487,44.533246,-71.927416,0.920018580355121,Transitioning LS,4
VT,2019-2023,816545900290487,44.305801,-72.30953,0.8549022892183813,Not LSOG,1
VT,2019-2023,816545901290487,43.938968,-72.516626,0.9022606673682829,Not LSOG,3
VT,2019-2023,816545902290487,43.941365,-72.334541,0.8680007332560706,Not LSOG,2
VT,2019-2023,816545903290487,43.417669,-73.001455000000007,0.9159146221708285,Not LSOG,3
VT,2019-2023,816545905290487,43.050975,-72.531804,0.5010926078937744,Not LSOG,0
VT,2019-2023,816545906290487,44.779834,-72.863377,0.6092125311503065,Not LSOG,3
VT,2019-2023,816545913290487,44.701417,-72.738659,0.9159146221708285,Not LSOG,3
VT,2019-2023,816545914290487,44.627788,-72.962821,0.8549022892183813,Not LSOG,1
VT,2019-2023,816545915290487,44.419771,-72.95374,0.8967212901047359,Transitioning LS,4
VT,2019-2023,816545917290487,44.551377,-72.839949,0.8549022892183813,Not LSOG,1
VT,2019-2023,816545918290487,44.512404,-73.133023,0.6622618551127356,Not LSOG,3
VT,2019-2023,816545919290487,44.313882,-72.848796,0.923517680575934,LS,6
VT,2019-2023,816545920290487,44.272787,-72.350731,0.920018580355121,Transitioning LS,4
VT,2019-2023,816545921290487,44.155095,-73.004135,0.6609234083741894,Transitioning LS,4
VT,2019-2023,816545922290487,44.063433,-72.882886,0.9239949528698664,Transitioning LS,4
VT,2019-2023,816545923290487,44.022804,-73.046475,0.920018580355121,Transitioning LS,4
VT,2019-2023,816545926290487,43.894515,-73.146667,0.8549022892183813,Not LSOG,1
VT,2019-2023,816545927290487,43.805627,-73.049612,0.9022606673682829,Not LSOG,3
VT,2019-2023,816545928290487,43.515106,-73.139121,0.8549022892183813,Not LSOG,1
VT,2019-2023,816545929290487,43.358922,-72.757949,0.9115559736042389,Not LSOG,3
VT,2019-2023,816545930290487,43.448294,-72.926213,0.9239949528698664,Transitioning LS,4
VT,2019-2023,816545931290487,43.355666,-72.809289,0.9868957171542924,LS,6
VT,2019-2023,816545932290487,43.045742,-73.25094,0.9441556861749084,LS,6
VT,2019-2023,816545933290487,43.206511,-72.937742,0.9022606673682829,Not LSOG,3
VT,2019-2023,816545934290487,43.034642,-73.207537,0.8967212901047359,Transitioning LS,4
VT,2019-2023,816545936290487,43.301713,-73.059388,0.9773079967495341,Not LSOG,3
VT,2019-2023,816545937290487,43.413276,-73.126142,0.6745193833869543,Not LSOG,3
VT,2019-2023,816545938290487,43.395494,-73.189467,0.6114449441660903,Not LSOG,2
VT,2019-2023,816545939290487,42.985181,-73.240037,0.947132033998486,LS,7
VT,2019-2023,816545940290487,42.916148,-73.135436,0.9064576672306899,Transitioning LS,5
VT,2019-2023,816545941290487,42.78871,-73.145974,0.8680007332560706,Not LSOG,2
VT,2019-2023,816545942290487,44.442601,-72.260909,0.8549022892183813,Not LSOG,1
VT,2019-2023,816545943290487,44.373307,-71.998957,0.5010926078937744,Not LSOG,0
VT,2019-2023,816545944290487,44.237646,-72.149934,0.9347833277941949,Transitioning LS,5
VT,2019-2023,816545945290487,44.324113,-72.257617,0.920018580355121,Transitioning LS,4
VT,2019-2023,816545949290487,44.720287,-72.172898,0.55576781087493,Not LSOG,2
VT,2019-2023,816545950290487,44.673867,-72.259013,0.8967212901047359,Transitioning LS,4
VT,2019-2023,816545951290487,44.786611,-72.334777,0.9022606673682829,Not LSOG,3
VT,2019-2023,816545952290487,44.558361,-72.258275,0.6114449441660903,Not LSOG,2
VT,2019-2023,816545953290487,44.436725,-72.190996,0.892139425307571,Not LSOG,2
VT,2019-2023,816545954290487,44.504250999999996,-72.515499,0.9239949528698664,Transitioning LS,4
VT,2019-2023,816545955290487,44.41783,-72.378364,0.9115263550117398,Transitioning LS,4
VT,2019-2023,816545956290487,44.408336,-72.429207,0.5010926078937744,Not LSOG,0
VT,2019-2023,816545957290487,45.012765,-72.894136,0.8549022892183813,Not LSOG,1
VT,2019-2023,816545958290487,44.87178,-72.977968,0.5850583430809388,Not LSOG,1
VT,2019-2023,816545960290487,44.924749,-73.156932,0.5010926078937744,Not LSOG,0
VT,2019-2023,816545961290487,44.679748,-73.144818,0.9022606673682829,Not LSOG,3
VT,2019-2023,816545966290487,44.83145,-72.059351,0.6371941229153248,Not LSOG,3
VT,2019-2023,816545967290487,44.659576,-72.460378,0.7424064675665497,Transitioning LS,5
VT,2019-2023,816545968290487,44.245012,-73.09187,0.6863707864748436,Transitioning LS,4
VT,2019-2023,816545971290487,44.219254,-73.265683,0.5010926078937744,Not LSOG,0
VT,2019-2023,816545974290487,44.786535,-72.320234,0.5010926078937744,Not LSOG,0
VT,2019-2023,816545976290487,44.969787,-72.595095,0.892139425307571,Not LSOG,2
VT,2019-2023,816545977290487,44.73654,-72.541818,0.9347833277941949,Transitioning LS,5
VT,2019-2023,816545978290487,44.645668,-72.387993,0.9115263550117398,Transitioning LS,4
VT,2019-2023,816545979290487,44.727468,-72.602157,0.8549022892183813,Not LSOG,1
VT,2019-2023,816545980290487,44.362463,-72.596829,0.8801213598335662,Not LSOG,2
VT,2019-2023,816545981290487,44.4125,-72.763292,0.9195775714845362,Transitioning LS,5
VT,2019-2023,816545983290487,44.813094,-72.649739,0.9022606673682829,Not LSOG,3
VT,2019-2023,816545984290487,44.817893,-72.668356,0.9411669082961829,LS,6
VT,2019-2023,816545985290487,44.938698,-72.768566,0.8549022892183813,Not LSOG,1
VT,2019-2023,816545987290487,44.334767,-72.674621,0.8912328433614285,Not LSOG,3
VT,2019-2023,816545988290487,44.141857,-72.618016,0.920018580355121,Transitioning LS,4
VT,2019-2023,816545989290487,43.999226,-72.530046,0.8549022892183813,Not LSOG,1
VT,2019-2023,816545990290487,44.086708,-72.809994,0.8912328433614285,Not LSOG,3
VT,2019-2023,816545991290487,43.806718,-72.877842,0.9022606673682829,Not LSOG,3
VT,2019-2023,816545992290487,43.911228,-72.861381,0.8680007332560706,Not LSOG,2
VT,2019-2023,816545993290487,43.686095,-72.934755,0.9014623898205981,Not LSOG,3
VT,2019-2023,816545994290487,43.666308,-72.978933,0.6114449441660903,Not LSOG,2
VT,2019-2023,816545995290487,44.085191,-72.300493,0.8549022892183813,Not LSOG,1
VT,2019-2023,816545996290487,44.036502,-72.447365,0.8549022892183813,Not LSOG,1
VT,2019-2023,816545997290487,44.004499,-72.734114,0.8680007332560706,Not LSOG,2
VT,2019-2023,816545998290487,43.797199,-72.429124,0.5850583430809388,Not LSOG,1
VT,2019-2023,816546000290487,43.773477,-72.515795,0.8800825991057448,Not LSOG,3
VT,2019-2023,816546001290487,43.681274,-72.564072,0.8549022892183813,Not LSOG,1
VT,2019-2023,816546002290487,43.736258,-72.668121,0.5010926078937744,Not LSOG,0
VT,2019-2023,816546003290487,43.623112,-72.626679,0.9115263550117398,Transitioning LS,4
VT,2019-2023,816546004290487,43.528852,-72.654392,0.9159146221708285,Not LSOG,3
VT,2019-2023,816546005290487,44.934766,-71.584043,0.9115559736042389,Not LSOG,3
VT,2019-2023,816546006290487,44.926313,-71.640239,0.8800825991057448,Not LSOG,3
VT,2019-2023,816546007290487,44.912046,-71.846885,0.5558584971217809,Not LSOG,1
VT,2019-2023,816546008290487,44.814937,-71.663523,0.8549022892183813,Not LSOG,1
VT,2019-2023,816546009290487,44.660299,-71.842477,0.8801213598335662,Not LSOG,2
VT,2019-2023,816546010290487,44.763354,-71.96071,0.8800825991057448,Not LSOG,3
VT,2019-2023,816546011290487,43.059432,-72.647639,0.9239949528698664,Transitioning LS,4
VT,2019-2023,816546012290487,42.938567,-72.575401,0.8680007332560706,Not LSOG,2
VT,2019-2023,816546014290487,42.843079,-72.616121,0.9064576672306899,Transitioning LS,5
VT,2019-2023,816546015290487,44.00276,-72.152812,0.9277356498311196,Transitioning LS,5
VT,2019-2023,816546017290487,43.846067,-72.310594,0.9022606673682829,Not LSOG,3
VT,2019-2023,816546018290487,43.124105,-72.738475,0.6114449441660903,Not LSOG,2
VT,2019-2023,816546020290487,42.977717,-72.837197,0.9193251363516384,Transitioning LS,5
VT,2019-2023,816546021290487,42.878257,-72.790707,0.9022606673682829,Not LSOG,3
VT,2019-2023,816546022290487,42.747353,-72.818888,0.5010926078937744,Not LSOG,0
VT,2019-2023,816546023290487,42.845521,-72.997569,0.9347833277941949,Transitioning LS,5
VT,2019-2023,816546025290487,43.576194,-72.425878,0.9064576672306899,Transitioning LS,5
VT,2019-2023,816546026290487,43.559653,-72.463437,0.6935438501957102,LS,7
VT,2019-2023,816546028290487,43.324731,-72.489806,0.892139425307571,Not LSOG,2
VT,2019-2023,816546030290487,43.163731,-72.606168,0.6114449441660903,Not LSOG,2
VT,2019-2023,816546031290487,43.265516,-72.634338,0.7293347975038729,LS,7
VT,2019-2023,816546032290487,43.245081,-72.716259,0.8549022892183813,Not LSOG,1
VT,2019-2023,816546033290487,44.710624,-71.626607,0.8680007332560706,Not LSOG,2
VT,2019-2023,816546035290487,44.554618,-71.747452,0.6092125311503065,Not LSOG,3
VT,2019-2023,816546036290487,44.364519,-71.855442,0.5010926078937744,Not LSOG,0
VT,2019-2023,816546038290487,44.458698,-71.803696,0.8549022892183813,Not LSOG,1
VT,2019-2023,816546040290487,43.051455,-73.056264,0.8801213598335662,Not LSOG,2
VT,2019-2023,816546041290487,42.949326,-73.072486,0.9550885026938158,LS,6
VT,2019-2023,816546042290487,43.588055,-72.868775,0.9022606673682829,Not LSOG,3
VT,2019-2023,816546043290487,43.256829,-73.173459,0.6499640313919496,Not LSOG,2
VT,2019-2023,816546045290487,44.113856,-73.065413,0.5010926078937744,Not LSOG,0
VT,2019-2023,816546046290487,44.01502,-72.957072,0.9107962722446276,Transitioning LS,4
VT,2019-2023,816546047290487,42.903534,-73.039004,0.9022606673682829,Not LSOG,3
VT,2019-2023,816546048290487,42.842692,-72.93923,0.9408350100270475,LS,7
VT,2019-2023,816546049290487,42.793062,-73.117401,0.9277602720409711,Transitioning LS,4
VT,2019-2023,816546050290487,43.184208,-72.989422,0.9380750606346241,Transitioning LS,5
VT,2019-2023,816546051290487,43.067102,-72.935258,0.9283624342890487,Transitioning LS,4
VT,2019-2023,816546052290487,43.778119,-72.840945,0.927333831216347,LS,6
VT,2019-2023,816546053290487,43.286733,-72.937367,0.7544354282134337,Transitioning LS,5
VT,2019-2023,816546054290487,43.020141,-73.096059,0.906236108256848,Transitioning LS,4
VT,2019-2023,816546055290487,43.87024,-73.029272,0.8549022892183813,Not LSOG,1
VT,2019-2023,816546056290487,43.789921,-72.947532,0.6371941229153248,Not LSOG,3
VT,2019-2023,816546057290487,43.668757,-72.82968,0.892139425307571,Not LSOG,2
VT,2019-2023,816546058290487,42.82211,-73.082753,0.8912328433614285,Not LSOG,3
VT,2019-2023,816546059290487,44.020503,-72.992408,0.8680007332560706,Not LSOG,2
VT,2019-2023,816546060290487,44.121913,-72.937956,0.6351064724561003,Not LSOG,3
VT,2019-2023,816546061290487,44.002903,-72.871846,0.9441556861749084,LS,6
VT,2019-2023,816546062290487,43.896134000000004,-72.953868,0.9064576672306899,Transitioning LS,5
VT,2019-2023,816546063290487,43.378898,-72.93772,0.8680007332560706,Not LSOG,2
VT,2019-2023,816546064290487,43.195291,-72.882573,0.9441556861749084,LS,6
VT,2019-2023,816546065290487,43.01425,-72.992494,0.8912328433614285,Not LSOG,3
VT,2019-2023,816546066290487,42.910412,-73.086944,0.9277602720409711,Transitioning LS,4
VT,2019-2023,816546067290487,42.88095,-73.12154,0.9380750606346241,Transitioning LS,5
VT,2019-2023,816546068290487,42.762942,-73.194329,0.927333831216347,LS,6
VT,2019-2023,816546069290487,42.970374,-72.852175,0.8912328433614285,Not LSOG,3
VT,2019-2023,816546070290487,42.763346,-73.001648,0.8912328433614285,Not LSOG,3
VT,2019-2023,816546071290487,44.550906,-71.69931,0.8549022892183813,Not LSOG,1
VT,2019-2023,1192967834290487,43.695437,-72.734334,0.8680007332560706,Not LSOG,2
VT,2019-2023,1192967835290487,43.823941,-72.817118,0.8549022892183813,Not LSOG,1
VT,2019-2023,1192967836290487,44.777441,-72.696092,0.8680007332560706,Not LSOG,2
VT,2019-2023,1192967837290487,43.341979,-72.421269,0.8860988404175457,Not LSOG,3
VT,2019-2023,1192967838290487,43.543834,-72.810585,0.8912328433614285,Not LSOG,3
VT,2019-2023,1192967839290487,43.106248,-72.975251,0.920018580355121,Transitioning LS,4
VT,2019-2023,1192967842290487,44.941539,-71.94644,0.8549022892183813,Not LSOG,1
VT,2019-2023,1192967844290487,44.638666,-72.773996,0.8680007332560706,Not LSOG,2
VT,2019-2023,1192967845290487,44.610311,-72.820911,0.5543821094475431,Not LSOG,2
VT,2019-2023,1192967846290487,44.734866,-72.927669,0.5827777743204645,Not LSOG,2
VT,2019-2023,1192967847290487,44.709841,-72.911486,0.8680007332560706,Not LSOG,2
VT,2019-2023,1192967848290487,44.721991,-73.126524,0.906236108256848,Transitioning LS,4
VT,2019-2023,1192967849290487,44.57233,-73.040742,0.6229106388136214,Transitioning LS,4
VT,2019-2023,1192967850290487,44.464669,-72.910418,0.9159146221708285,Not LSOG,3
VT,2019-2023,1192967852290487,44.430742,-73.117722,0.6114449441660903,Not LSOG,2
VT,2019-2023,1192967853290487,44.498268,-73.22363,0.5961609543386629,Not LSOG,2
VT,2019-2023,1192967854290487,44.360385,-73.20122,0.8912328433614285,Not LSOG,3
VT,2019-2023,1192967855290487,44.375093,-72.799404,0.9022606673682829,Not LSOG,3
VT,2019-2023,1192967856290487,44.228534,-72.712775,0.8549022892183813,Not LSOG,1
VT,2019-2023,1192967857290487,44.14562,-72.736146,0.5010926078937744,Not LSOG,0
VT,2019-2023,1192967858290487,44.250172,-72.867249,0.8680007332560706,Not LSOG,2
VT,2019-2023,1192967859290487,44.222095,-72.9105,0.9022606673682829,Not LSOG,3
VT,2019-2023,1192967861290487,44.191091,-72.889943,0.9159146221708285,Not LSOG,3
VT,2019-2023,1192967862290487,44.106614,-72.985421,0.8549022892183813,Not LSOG,1
VT,2019-2023,1192967863290487,43.995295,-72.861868,0.892139425307571,Not LSOG,2
VT,2019-2023,1192967864290487,44.049919,-73.172281,0.5010926078937744,Not LSOG,0
VT,2019-2023,1192967868290487,43.539238,-72.841583,0.8680007332560706,Not LSOG,2
VT,2019-2023,1192967870290487,43.389507,-72.96292,0.9347833277941949,Transitioning LS,5
VT,2019-2023,1192967873290487,43.233748,-73.029318,0.9022606673682829,Not LSOG,3
VT,2019-2023,1192967874290487,43.01287,-73.004918,0.9347833277941949,Transitioning LS,5
VT,2019-2023,1192967875290487,43.131871,-73.084087,0.6499640313919496,Not LSOG,2
VT,2019-2023,1192967877290487,43.63789,-72.925635,0.8549022892183813,Not LSOG,1
VT,2019-2023,1192967880290487,42.857737,-73.138246,0.947132033998486,LS,7
VT,2019-2023,1192967881290487,42.75924,-73.198153,0.927333831216347,LS,6
VT,2019-2023,1192967882290487,44.434076,-71.95609,0.5010926078937744,Not LSOG,0
VT,2019-2023,1192967885290487,44.326591,-72.068899,0.6114449441660903,Not LSOG,2
VT,2019-2023,1192967887290487,44.195225,-72.152569,0.5010926078937744,Not LSOG,0
VT,2019-2023,1192967888290487,44.248968,-72.314269,0.9022606673682829,Not LSOG,3
VT,2019-2023,1192967890290487,44.081854,-72.231541000000007,0.8549022892183813,Not LSOG,1
VT,2019-2023,1192967892290487,43.751185,-73.194322,0.8549022892183813,Not LSOG,1
VT,2019-2023,1192967893290487,43.691281,-73.227183,0.9239949528698664,Transitioning LS,4
VT,2019-2023,1192967894290487,43.664696,-73.293677,0.7424064675665497,Transitioning LS,5
VT,2019-2023,1192967895290487,43.586015,-73.164129,0.8549022892183813,Not LSOG,1
VT,2019-2023,1192967896290487,44.716537,-72.327859,0.5827777743204645,Not LSOG,2
VT,2019-2023,1192967897290487,44.499082,-72.254615,0.9239949528698664,Transitioning LS,4
VT,2019-2023,1192967898290487,44.492027,-72.324907,0.8549022892183813,Not LSOG,1
VT,2019-2023,1192967899290487,44.366984,-72.419298,0.9380750606346241,Transitioning LS,5
VT,2019-2023,1192967900290487,44.799086,-73.005126,0.8680007332560706,Not LSOG,2
VT,2019-2023,1192967901290487,44.817082,-73.061378,0.5010926078937744,Not LSOG,0
VT,2019-2023,1192967904290487,44.733084,-73.267365,0.6371941229153248,Not LSOG,3
VT,2019-2023,1192967905290487,44.914424,-71.976251,0.8549022892183813,Not LSOG,1
VT,2019-2023,1192967906290487,44.900759,-72.17228,0.8912328433614285,Not LSOG,3
VT,2019-2023,1192967907290487,44.770221,-72.14658,0.8549022892183813,Not LSOG,1
VT,2019-2023,1192967908290487,44.954387,-73.296625,0.5285157310105212,Not LSOG,1
VT,2019-2023,1192967909290487,44.120941,-73.351805,0.5010926078937744,Not LSOG,0
VT,2019-2023,1192967910290487,43.9852,-73.288378,0.5850583430809388,Not LSOG,1
VT,2019-2023,1192967914290487,44.86922,-72.220958,0.8549022892183813,Not LSOG,1
VT,2019-2023,1192967915290487,44.989775,-72.53788,0.892139425307571,Not LSOG,2
VT,2019-2023,1192967916290487,44.818714,-72.471107,0.6622618551127356,Not LSOG,3
VT,2019-2023,1192967917290487,44.567138,-72.449759,0.9014623898205981,Not LSOG,3
VT,2019-2023,1192967918290487,44.715798,-72.498265,0.8912328433614285,Not LSOG,3
VT,2019-2023,1192967919290487,44.682072,-72.556439,0.9022606673682829,Not LSOG,3
VT,2019-2023,1192967920290487,44.618824,-72.551366,0.6092999769484313,Not LSOG,2
VT,2019-2023,1192967923290487,44.454964,-72.588997,0.9115263550117398,Transitioning LS,4
VT,2019-2023,1192967924290487,44.309948,-72.621483,0.9022606673682829,Not LSOG,3
VT,2019-2023,1192967925290487,44.999781,-72.737169,0.8801213598335662,Not LSOG,2
VT,2019-2023,1192967926290487,44.892811,-72.593317,0.5285157310105212,Not LSOG,1
VT,2019-2023,1192967927290487,44.84791,-72.79562,0.9022606673682829,Not LSOG,3
VT,2019-2023,1192967929290487,44.29091,-72.650021,0.892139425307571,Not LSOG,2
VT,2019-2023,1192967930290487,44.075926,-72.654755,0.8680007332560706,Not LSOG,2
VT,2019-2023,1192967931290487,43.93207,-72.699914,0.5850583430809388,Not LSOG,1
VT,2019-2023,1192967932290487,43.90821,-72.754751,0.892139425307571,Not LSOG,2
VT,2019-2023,1192967933290487,43.8961,-72.912466,0.9283624342890487,Transitioning LS,4
VT,2019-2023,1192967934290487,43.86242,-72.982483,0.9411669082961829,LS,6
VT,2019-2023,1192967935290487,44.029587,-72.280359,0.8734625593937666,Transitioning LS,4
VT,2019-2023,1192967936290487,44.116143,-72.44218,0.9347833277941949,Transitioning LS,5
VT,2019-2023,1192967937290487,43.872969,-72.39469,0.9022606673682829,Not LSOG,3
VT,2019-2023,1192967939290487,43.781371,-72.439651,0.5827777743204645,Not LSOG,2
VT,2019-2023,1192967943290487,44.893698,-71.659868,0.8549022892183813,Not LSOG,1
VT,2019-2023,1192967944290487,44.978215,-71.764043,0.6092999769484313,Not LSOG,2
VT,2019-2023,1192967945290487,44.864951,-71.712237,0.8801213598335662,Not LSOG,2
VT,2019-2023,1192967946290487,44.724466,-71.753841,0.8912328433614285,Not LSOG,3
VT,2019-2023,1192967947290487,44.848794,-71.874232,0.8549022892183813,Not LSOG,1
VT,2019-2023,1192967948290487,44.672122,-71.96879,0.8549022892183813,Not LSOG,1
VT,2019-2023,1192967949290487,44.652656,-71.874405,0.9115263550117398,Transitioning LS,4
VT,2019-2023,1192967951290487,43.042343,-72.475252,0.8549022892183813,Not LSOG,1
VT,2019-2023,1192967953290487,42.905854,-72.568327,0.6850824503108879,Transitioning LS,5
VT,2019-2023,1192967954290487,42.740998,-72.6549,0.6745193833869543,Not LSOG,3
VT,2019-2023,1192967955290487,42.838504,-72.816094,0.9022606673682829,Not LSOG,3
VT,2019-2023,1192967956290487,44.071308,-72.073087,0.9115263550117398,Transitioning LS,4
VT,2019-2023,1192967959290487,42.993948,-72.697634,0.892139425307571,Not LSOG,2
VT,2019-2023,1192967960290487,42.91285,-72.616444,0.6622618551127356,Not LSOG,3
VT,2019-2023,1192967961290487,42.928454,-72.898849,0.9193251363516384,Transitioning LS,5
VT,2019-2023,1192967962290487,42.818978,-72.963502,0.9344179268690648,LS,6
VT,2019-2023,1192967963290487,42.802798,-73.041393,0.9188806410361484,LS,6
VT,2019-2023,1192967967290487,43.209632,-72.671566,0.892139425307571,Not LSOG,2
VT,2019-2023,1192967968290487,44.754519,-71.695498,0.6745193833869543,Not LSOG,3
VT,2019-2023,1192967969290487,44.6309,-71.626165,0.5285157310105212,Not LSOG,1
VT,2019-2023,1192967970290487,44.495111,-71.728769,0.8680007332560706,Not LSOG,2
VT,2019-2023,1192967973290487,43.646219,-72.380707,0.927333831216347,LS,6
VT,2019-2023,1192967974290487,43.151386,-72.923977,0.9115559736042389,Not LSOG,3
VT,2019-2023,1192967976290487,43.931112,-73.103296,0.6499640313919496,Not LSOG,2
VT,2019-2023,1192967977290487,44.176155,-73.131145,0.9239949528698664,Transitioning LS,4
VT,2019-2023,1192967980290487,43.919518,-72.198921,0.8549022892183813,Not LSOG,1
VT,2019-2023,1192967981290487,43.337376,-72.861012,0.9107962722446276,Transitioning LS,4
VT,2019-2023,1192967982290487,43.23112,-72.942934,0.9022606673682829,Not LSOG,3
VT,2019-2023,1192967983290487,43.96606,-72.98294,0.5850583430809388,Not LSOG,1
VT,2019-2023,1192967984290487,43.983113,-72.913354,0.9277602720409711,Transitioning LS,4
VT,2019-2023,1192967985290487,42.970732,-73.121257,0.6622618551127356,Not LSOG,3
VT,2019-2023,1192967986290487,42.900233,-72.962218,0.9022606673682829,Not LSOG,3
VT,2019-2023,1192967987290487,42.868168,-73.022394,0.8800825991057448,Not LSOG,3
VT,2019-2023,1192967988290487,43.110406,-73.043844000000007,0.6351064724561003,Not LSOG,3
VT,2019-2023,1192967989290487,43.000604,-72.90402,0.8801213598335662,Not LSOG,2
VT,2019-2023,1192967990290487,43.875594,-72.878949,0.8549022892183813,Not LSOG,1
VT,2019-2023,1192967991290487,43.636325,-72.8675,0.9115263550117398,Transitioning LS,4
VT,2019-2023,1192967992290487,43.389411,-72.843021,0.923517680575934,LS,6
VT,2019-2023,1192967993290487,43.279522,-72.873671,0.8734625593937666,Transitioning LS,4
VT,2019-2023,1192967994290487,43.03741,-73.242248,0.9014623898205981,Not LSOG,3
VT,2019-2023,1192967995290487,44.054452,-72.986941,0.5827777743204645,Not LSOG,2
VT,2019-2023,1192967996290487,43.353738,-72.911358,0.5558584971217809,Not LSOG,1
VT,2019-2023,1192967997290487,43.80898,-72.806612,0.892139425307571,Not LSOG,2
VT,2019-2023,1192967998290487,42.946019,-73.018377,0.920018580355121,Transitioning LS,4
VT,2019-2023,1192967999290487,43.944818,-72.879159,0.5010926078937744,Not LSOG,0
VT,2019-2023,1192968000290487,43.850722,-72.921232,0.8549022892183813,Not LSOG,1
VT,2019-2023,1192968001290487,43.726361,-72.880691,0.8967212901047359,Transitioning LS,4
VT,2019-2023,1192968002290487,43.437208,-72.909909,0.8680007332560706,Not LSOG,2
VT,2019-2023,1192968003290487,43.100393,-72.946012,0.8680007332560706,Not LSOG,2
VT,2019-2023,1192968004290487,43.122186,-72.97104,0.9277356498311196,Transitioning LS,5
VT,2019-2023,1192968005290487,43.091505,-73.075425,0.6114449441660903,Not LSOG,2
VT,2019-2023,1192968006290487,42.839385,-73.126518,0.5850583430809388,Not LSOG,1
VT,2019-2023,1192968007290487,43.716087,-72.347864,0.9338403484875819,LS,7
NY,2019-2023,511169255126144,41.029799,-72.17711,0.7665729285029963,Not LSOG,1
NY,2019-2023,511169259126144,40.929532,-72.6294,0.7665729285029963,Not LSOG,1
NY,2019-2023,511169269126144,41.407363,-73.554302,0.7665729285029963,Not LSOG,1
NY,2019-2023,511169270126144,41.262337,-73.677763,0.4400532344947743,Not LSOG,1
NY,2019-2023,511169271126144,41.353927,-73.736667,0.7665729285029963,Not LSOG,1
NY,2019-2023,511169274126144,40.834082,-73.939812,0.35889825854354157,Not LSOG,0
NY,2019-2023,511169278126144,42.008072,-73.536703,0.837273478312726,Not LSOG,3
NY,2019-2023,511169280126144,41.618716,-73.581986,0.7665729285029963,Not LSOG,1
NY,2019-2023,511169281126144,41.717051,-73.698645,0.8265583482610793,LS,6
NY,2019-2023,511169283126144,41.441643,-73.912366,0.8217520793104077,Not LSOG,2
NY,2019-2023,511169286126144,41.279452,-74.01338,0.8217520793104077,Not LSOG,2
NY,2019-2023,511169290126144,42.770409,-73.348498,0.7665729285029963,Not LSOG,1
NY,2019-2023,511169291126144,42.489234,-73.551643,0.863269481987568,LS,6
NY,2019-2023,511169292126144,42.345434,-73.661369,0.964342007917639,Not LSOG,3
NY,2019-2023,511169293126144,42.107763,-73.58847,0.35889825854354157,Not LSOG,0
NY,2019-2023,511169294126144,42.028677,-73.828672,0.8026725062172125,Not LSOG,3
NY,2019-2023,511169295126144,41.784979,-73.803246,0.5768044431311578,Not LSOG,3
NY,2019-2023,511169296126144,41.909912,-73.941397,0.8703850780882944,Transitioning LS,4
NY,2019-2023,511169299126144,41.366987,-74.105798,0.35889825854354157,Not LSOG,0
NY,2019-2023,511169301126144,43.156212,-73.276627,0.7751444101572966,Not LSOG,3
NY,2019-2023,511169302126144,43.260808,-73.335558,0.5030549671230583,LS,6
NY,2019-2023,511169303126144,43.23246,-73.382848,0.8283792514818312,Not LSOG,3
NY,2019-2023,511169304126144,43.080584,-73.504753,0.49467189604198514,Not LSOG,3
NY,2019-2023,511169306126144,42.840995,-73.46627,0.35889825854354157,Not LSOG,0
NY,2019-2023,511169307126144,42.716174,-73.546714,0.8991573219657407,LS,6
NY,2019-2023,511169311126144,42.522557,-73.874006,0.8896429660466834,Transitioning LS,5
NY,2019-2023,511169315126144,42.226148,-74.078617,0.837273478312726,Not LSOG,3
NY,2019-2023,511169317126144,41.844754,-74.152211,0.43627077958432897,Not LSOG,3
NY,2019-2023,511169319126144,41.680599,-74.272338,0.8832118616472985,Transitioning LS,5
NY,2019-2023,511169322126144,41.545065,-74.352081,0.35889825854354157,Not LSOG,0
NY,2019-2023,511169323126144,41.417533,-74.435695,0.35889825854354157,Not LSOG,0
NY,2019-2023,511169324126144,41.489354,-74.587957,0.913203101505987,LS,6
NY,2019-2023,511169328126144,43.108193,-73.610795,0.35889825854354157,Not LSOG,0
NY,2019-2023,511169331126144,42.978932,-73.922596,0.5085895169837219,Not LSOG,2
NY,2019-2023,511169333126144,42.607817,-74.00915,0.39608563004933045,Not LSOG,3
NY,2019-2023,511169334126144,42.554664,-74.247403,0.850544335856705,Transitioning LS,4
NY,2019-2023,511169335126144,42.441763,-74.121128,0.7856458444806332,Not LSOG,2
NY,2019-2023,511169336126144,42.316111,-74.20099,0.35889825854354157,Not LSOG,0
NY,2019-2023,511169337126144,42.173376,-74.311553,0.8713992043411672,Transitioning LS,4
NY,2019-2023,511169338126144,42.018592,-74.402116,0.8639735902974572,Transitioning LS,5
NY,2019-2023,511169341126144,41.662517,-74.784298,0.6313214644452613,Transitioning LS,5
NY,2019-2023,511169343126144,43.926172,-73.461511,0.7856458444806332,Not LSOG,2
NY,2019-2023,511169344126144,43.686515,-73.44258,0.3845374708426333,Not LSOG,1
NY,2019-2023,511169345126144,43.770335,-73.546448,0.8516872467889065,Transitioning LS,4
NY,2019-2023,511169346126144,43.648495,-73.62182,0.837273478312726,Not LSOG,3
NY,2019-2023,511169347126144,43.566312,-73.501974,0.8650729822216768,Transitioning LS,4
NY,2019-2023,511169348126144,43.262538,-73.70714,0.7665729285029963,Not LSOG,1
NY,2019-2023,511169349126144,43.33216,-73.845367,0.5336468561092277,Transitioning LS,4
NY,2019-2023,511169350126144,43.438349,-73.966419,0.8887543407188971,Transitioning LS,5
NY,2019-2023,511169351126144,43.19606,-73.966764,0.46501998657175836,Not LSOG,2
NY,2019-2023,511169352126144,43.066598,-74.088422,0.7665729285029963,Not LSOG,1
NY,2019-2023,511169353126144,42.849786,-74.025802,0.42437430288596234,Not LSOG,1
NY,2019-2023,511169354126144,42.913352,-74.137092,0.35889825854354157,Not LSOG,0
NY,2019-2023,511169357126144,42.708356,-74.109381,0.3845374708426333,Not LSOG,1
NY,2019-2023,511169364126144,42.188525,-74.633927,0.35889825854354157,Not LSOG,0
NY,2019-2023,511169365126144,41.962517,-74.612057,0.803559701870338,Not LSOG,3
NY,2019-2023,511169366126144,42.041269,-74.736603,0.8986139623224858,LS,7
NY,2019-2023,511169369126144,41.815288,-74.710451,0.35889825854354157,Not LSOG,0
NY,2019-2023,511169372126144,41.594724,-74.999796,0.8203730008193644,Not LSOG,3
NY,2019-2023,511169374126144,44.417495,-73.499427,0.8217520793104077,Not LSOG,2
NY,2019-2023,511169377126144,44.108623,-73.690156,0.7665729285029963,Not LSOG,1
NY,2019-2023,511169378126144,44.017999,-73.60878,0.5222030120440209,Not LSOG,3
NY,2019-2023,511169379126144,43.993209,-73.819042,0.8650729822216768,Transitioning LS,4
NY,2019-2023,511169380126144,44.067181,-73.931481,0.41092347073227586,Not LSOG,1
NY,2019-2023,511169381126144,43.726163,-73.794511,0.46726448961575995,Not LSOG,2
NY,2019-2023,511169383126144,43.664051,-73.991437,0.837273478312726,Not LSOG,3
NY,2019-2023,511169384126144,43.587226,-73.886271,0.8217520793104077,Not LSOG,2
NY,2019-2023,511169385126144,43.529113,-74.08265,0.8881618997828408,LS,6
NY,2019-2023,511169386126144,43.299933,-74.042543,0.9082208029776568,LS,7
NY,2019-2023,511169387126144,43.406299,-74.186958,0.8875667029263905,LS,7
NY,2019-2023,511169389126144,43.085808,-74.41733,0.46726448961575995,Not LSOG,2
NY,2019-2023,511169390126144,43.196525,-74.538775,0.8287500171694346,Transitioning LS,4
NY,2019-2023,511169395126144,42.761548,-74.814409,0.35889825854354157,Not LSOG,0
NY,2019-2023,511169396126144,42.404182,-74.672732,0.8121997785872084,Not LSOG,2
NY,2019-2023,511169397126144,42.504174,-74.803928,0.9711705733404752,Transitioning LS,5
NY,2019-2023,511169398126144,42.346363,-74.878008,0.35889825854354157,Not LSOG,0
NY,2019-2023,511169399126144,42.297827,-74.748542,0.7665729285029963,Not LSOG,1
NY,2019-2023,511169400126144,42.302011,-75.097893,0.9506528758763151,Not LSOG,2
NY,2019-2023,511169401126144,41.985971,-74.94778,0.837273478312726,Not LSOG,3
NY,2019-2023,511169402126144,42.083905,-75.072993,0.913203101505987,LS,6
NY,2019-2023,511169403126144,41.915695,-75.161579,0.837273478312726,Not LSOG,3
NY,2019-2023,511169404126144,44.809808,-73.390435,0.4108345577109649,Not LSOG,2
NY,2019-2023,511169405126144,44.942206,-73.466286,0.35889825854354157,Not LSOG,0
NY,2019-2023,511169406126144,44.861445,-73.49531,0.8713992043411672,Transitioning LS,4
NY,2019-2023,511169408126144,44.350496,-73.684117,0.8217520793104077,Not LSOG,2
NY,2019-2023,511169409126144,44.443695,-73.872185,0.8203730008193644,Not LSOG,3
NY,2019-2023,511169410126144,44.216092,-73.830483,0.8360408765445584,Not LSOG,3
NY,2019-2023,511169411126144,44.13802,-74.073111,0.5198604916825833,Transitioning LS,4
NY,2019-2023,511169413126144,43.79011,-74.112037,0.8203730008193644,Not LSOG,3
NY,2019-2023,511169414126144,43.839015,-74.23476,0.7856458444806332,Not LSOG,2
NY,2019-2023,511169416126144,43.474104,-74.2927,0.8713992043411672,Transitioning LS,4
NY,2019-2023,511169417126144,43.556803,-74.41622,0.851733639467944,Not LSOG,3
NY,2019-2023,511169418126144,43.33899,-74.389547,0.8509771021632231,Transitioning LS,4
NY,2019-2023,511169419126144,43.261452,-74.658848,0.8650729822216768,Transitioning LS,4
NY,2019-2023,511169424126144,42.692058,-75.043485,0.8283792514818312,Not LSOG,3
NY,2019-2023,511169427126144,42.384562,-75.248752,0.35889825854354157,Not LSOG,0
NY,2019-2023,511169428126144,42.172104,-75.17768,0.8217520793104077,Not LSOG,2
NY,2019-2023,511169430126144,42.219319,-75.311435,0.41092347073227586,Not LSOG,1
NY,2019-2023,511169431126144,42.010121,-75.284003,0.8265583482610793,LS,6
NY,2019-2023,511169432126144,44.944554,-73.638732,0.35889825854354157,Not LSOG,0
NY,2019-2023,511169434126144,44.907186,-73.877335,0.850544335856705,Transitioning LS,4
NY,2019-2023,511169435126144,44.776121,-73.778822,0.8650729822216768,Transitioning LS,4
NY,2019-2023,511169436126144,44.680286,-73.839537000000007,0.803559701870338,Not LSOG,3
NY,2019-2023,511169437126144,44.599055,-74.085155,0.7665729285029963,Not LSOG,1
NY,2019-2023,511169438126144,44.474275,-74.219054,0.5615820093821463,Transitioning LS,5
NY,2019-2023,511169440126144,44.204968,-74.171404,0.6299289194174789,LS,6
NY,2019-2023,511169441126144,44.324434,-74.288271,0.46501998657175836,Not LSOG,2
NY,2019-2023,511169442126144,44.157243,-74.389592,0.7665729285029963,Not LSOG,1
NY,2019-2023,511169443126144,44.096634,-74.261471,0.8639735902974572,Transitioning LS,5
NY,2019-2023,511169444126144,43.942457,-74.359951,0.7856458444806332,Not LSOG,2
NY,2019-2023,511169445126144,44.019377,-74.48323,0.8203730008193644,Not LSOG,3
NY,2019-2023,511169446126144,43.787321,-74.48954,0.850544335856705,Transitioning LS,4
NY,2019-2023,511169448126144,43.658718,-74.591004,0.8650729822216768,Transitioning LS,4
NY,2019-2023,511169449126144,43.506642,-74.65779,0.8773849697853262,Transitioning LS,5
NY,2019-2023,511169450126144,43.586332,-74.792994,0.8650729822216768,Transitioning LS,4
NY,2019-2023,511169451126144,43.498913,-74.707949,0.6313214644452613,Transitioning LS,5
NY,2019-2023,511169452126144,43.462335,-74.862284,0.8650729822216768,Transitioning LS,4
NY,2019-2023,511169454126144,43.228696,-74.857823,0.7665729285029963,Not LSOG,1
NY,2019-2023,511169455126144,43.078044,-74.966032,0.3845374708426333,Not LSOG,1
NY,2019-2023,511169456126144,43.146455,-75.089265,0.7665729285029963,Not LSOG,1
NY,2019-2023,511169458126144,42.907336,-75.068949,0.7665729285029963,Not LSOG,1
NY,2019-2023,511169460126144,42.880931,-75.279357,0.7665729285029963,Not LSOG,1
NY,2019-2023,511169461126144,42.785626,-75.169802,0.8203730008193644,Not LSOG,3
NY,2019-2023,511169462126144,42.629601,-75.255708,0.7856458444806332,Not LSOG,2
NY,2019-2023,511169464126144,42.466046,-75.360889,0.8217520793104077,Not LSOG,2
NY,2019-2023,511169466126144,42.403098,-75.573614,0.35889825854354157,Not LSOG,0
NY,2019-2023,511169468126144,42.262485,-75.653868,0.7665729285029963,Not LSOG,1
NY,2019-2023,511169472126144,44.845168,-74.098568,0.8639735902974572,Transitioning LS,5
NY,2019-2023,511169473126144,44.700152,-74.193315,0.43774160768540166,Not LSOG,2
NY,2019-2023,511169474126144,44.639943,-74.459883,0.850544335856705,Transitioning LS,4
NY,2019-2023,511169477126144,44.484375,-74.48623,0.7665729285029963,Not LSOG,1
NY,2019-2023,511169478126144,44.263303,-74.539742,0.7665729285029963,Not LSOG,1
NY,2019-2023,511169479126144,44.190378,-74.72478,0.7665729285029963,Not LSOG,1
NY,2019-2023,511169480126144,43.977774,-74.701368,0.35889825854354157,Not LSOG,0
NY,2019-2023,511169481126144,43.808636,-74.811633,0.5766095642896547,Transitioning LS,4
NY,2019-2023,511169482126144,43.76539,-75.030162,0.7665729285029963,Not LSOG,1
NY,2019-2023,511169483126144,43.53264,-75.031413,0.8639735902974572,Transitioning LS,5
NY,2019-2023,511169484126144,43.37815,-75.129329,0.41092347073227586,Not LSOG,1
NY,2019-2023,511169490126144,42.207003,-75.849548,0.5183681248853743,Transitioning LS,5
NY,2019-2023,511169491126144,42.003272,-76.180163,0.8713992043411672,Transitioning LS,4
NY,2019-2023,511169493126144,44.787143,-74.355654,0.35889825854354157,Not LSOG,0
NY,2019-2023,511169495126144,44.589449,-74.657956,0.965887825151209,Transitioning LS,4
NY,2019-2023,511169496126144,44.687899,-74.807912,0.7665729285029963,Not LSOG,1
NY,2019-2023,511169497126144,44.420652,-74.768776,0.8287500171694346,Transitioning LS,4
NY,2019-2023,511169499126144,44.062592,-74.834121,0.837273478312726,Not LSOG,3
NY,2019-2023,511169500126144,44.142935,-75.005758,0.8203730008193644,Not LSOG,3
NY,2019-2023,511169501126144,43.992325,-75.092587,0.8516872467889065,Transitioning LS,4
NY,2019-2023,511169503126144,43.611483,-75.146422,0.8516872467889065,Transitioning LS,4
NY,2019-2023,511169514126144,42.743044,-75.709963,0.41092347073227586,Not LSOG,1
NY,2019-2023,511169515126144,42.917177,-75.963991,0.8121997785872084,Not LSOG,2
NY,2019-2023,511169521126144,42.461535,-76.224545,0.8359905191071977,Transitioning LS,4
NY,2019-2023,511169522126144,42.258108,-76.191815,0.9506528758763151,Not LSOG,2
NY,2019-2023,511169528126144,44.832017,-74.689372,0.837273478312726,Not LSOG,3
NY,2019-2023,511169529126144,44.760189,-74.910891,0.7665729285029963,Not LSOG,1
NY,2019-2023,511169530126144,44.845324,-75.050149,0.3845374708426333,Not LSOG,1
NY,2019-2023,511169531126144,44.536161,-74.91972,0.7665729285029963,Not LSOG,1
NY,2019-2023,511169532126144,44.473256,-75.087719,0.7665729285029963,Not LSOG,1
NY,2019-2023,511169533126144,44.369623,-75.020527,0.35889825854354157,Not LSOG,0
NY,2019-2023,511169534126144,44.314655,-75.225025,0.35889825854354157,Not LSOG,0
NY,2019-2023,511169535126144,44.406159,-75.360513,0.35889825854354157,Not LSOG,0
NY,2019-2023,511169536126144,44.096135,-75.171779,0.7665729285029963,Not LSOG,1
NY,2019-2023,511169537126144,44.177419,-75.290542,0.35889825854354157,Not LSOG,0
NY,2019-2023,511169538126144,44.023768,-75.391844,0.8713992043411672,Transitioning LS,4
NY,2019-2023,511169540126144,43.992699,-75.473137,0.8650729822216768,Transitioning LS,4
NY,2019-2023,511169543126144,43.736029,-75.593568,0.49241742946031425,Not LSOG,3
NY,2019-2023,511169544126144,43.487955,-75.598862,0.8713992043411672,Transitioning LS,4
NY,2019-2023,511169545126144,43.443532,-75.789829,0.8036176777332611,Not LSOG,2
NY,2019-2023,511169547126144,43.304187,-75.91367,0.851733639467944,Not LSOG,3
NY,2019-2023,511169554126144,42.713758,-76.301754,0.35889825854354157,Not LSOG,0
NY,2019-2023,511169555126144,42.619971,-76.157966,0.35889825854354157,Not LSOG,0
NY,2019-2023,511169557126144,42.308385,-76.346199,0.7665729285029963,Not LSOG,1
NY,2019-2023,511169559126144,42.263832,-76.582989,0.7856458444806332,Not LSOG,2
NY,2019-2023,511169561126144,42.185675,-76.784088,0.5054014717501983,Transitioning LS,5
NY,2019-2023,511169562126144,44.684502,-75.144942,0.8359905191071977,Transitioning LS,4
NY,2019-2023,511169563126144,44.787207,-75.268506,0.35889825854354157,Not LSOG,0
NY,2019-2023,511169573126144,43.91073,-75.885161,0.47731062826229653,Not LSOG,3
NY,2019-2023,511169577126144,43.382859,-76.011205,0.8121997785872084,Not LSOG,2
NY,2019-2023,511169580126144,43.2144,-76.13739,0.46501998657175836,Not LSOG,2
NY,2019-2023,511169583126144,42.966508,-76.399425,0.35889825854354157,Not LSOG,0
NY,2019-2023,511169585126144,42.733311,-76.606695,0.41092347073227586,Not LSOG,1
NY,2019-2023,511169591126144,42.066135,-76.890543,0.5222030120440209,Not LSOG,3
NY,2019-2023,511169599126144,43.411371,-76.381522,0.35889825854354157,Not LSOG,0
NY,2019-2023,511169600126144,43.255704,-76.469177,0.7665729285029963,Not LSOG,1
NY,2019-2023,511169602126144,43.197915,-76.698389,0.9037701694042112,OG,8
NY,2019-2023,511169612126144,42.311251,-77.21293,0.7856458444806332,Not LSOG,2
NY,2019-2023,511169613126144,42.205403,-77.131226,0.8516872467889065,Transitioning LS,4
NY,2019-2023,511169615126144,42.145188,-77.336005,0.5495089589388706,Transitioning LS,4
NY,2019-2023,511169617126144,43.286757,-76.811242,0.4513976092169017,Not LSOG,2
NY,2019-2023,511169619126144,42.972463,-76.987977,0.3845374708426333,Not LSOG,1
NY,2019-2023,511169620126144,42.845638,-77.085099,0.5054014717501983,Transitioning LS,5
NY,2019-2023,511169621126144,42.682352,-77.190823,0.42437430288596234,Not LSOG,1
NY,2019-2023,511169622126144,42.53316,-77.254983,0.5359821513544414,Not LSOG,3
NY,2019-2023,511169628126144,42.924488,-77.189001,0.3845374708426333,Not LSOG,1
NY,2019-2023,511169629126144,43.021583,-77.393029,0.8509771021632231,Transitioning LS,4
NY,2019-2023,511169632126144,42.686685,-77.512153,0.46726448961575995,Not LSOG,2
NY,2019-2023,511169633126144,42.800572,-77.625099,0.41092347073227586,Not LSOG,1
NY,2019-2023,511169636126144,42.407799,-77.693663,0.35889825854354157,Not LSOG,0
NY,2019-2023,511169637126144,42.160633,-77.677731,0.8283792514818312,Not LSOG,3
NY,2019-2023,511169638126144,42.266274,-77.777279,0.5085895169837219,Not LSOG,2
NY,2019-2023,511169639126144,42.323059,-77.932092,0.7665729285029963,Not LSOG,1
NY,2019-2023,511169640126144,42.035576,-77.744673,0.7665729285029963,Not LSOG,1
NY,2019-2023,511169643126144,43.028793,-77.705677,0.35889825854354157,Not LSOG,0
NY,2019-2023,511169644126144,42.923044,-77.575465,0.35889825854354157,Not LSOG,0
NY,2019-2023,511169645126144,42.947141,-77.936871,0.8713992043411672,Transitioning LS,4
NY,2019-2023,511169651126144,42.508918,-78.142153,0.39608563004933045,Not LSOG,3
NY,2019-2023,511169652126144,42.397911,-77.984973,0.592320044161303,Not LSOG,3
NY,2019-2023,511169654126144,42.265111,-78.099576,0.7856458444806332,Not LSOG,2
NY,2019-2023,511169655126144,42.150833,-78.236441,0.8351691974613322,Transitioning LS,5
NY,2019-2023,511169656126144,42.034723,-78.108654,0.5480286265220771,Transitioning LS,5
NY,2019-2023,511169658126144,43.318563,-77.845031,0.4400532344947743,Not LSOG,1
NY,2019-2023,511169659126144,43.092333000000004,-77.824124,0.41092347073227586,Not LSOG,1
NY,2019-2023,511169668126144,42.139948,-78.533022,0.837273478312726,Not LSOG,3
NY,2019-2023,511169671126144,43.111249,-78.158617,0.8121997785872084,Not LSOG,2
NY,2019-2023,511169674126144,42.829916,-78.324101,0.35889825854354157,Not LSOG,0
NY,2019-2023,511169675126144,42.891729,-78.451859,0.8203730008193644,Not LSOG,3
NY,2019-2023,511169677126144,42.760317,-78.546359,0.8767403783002027,LS,6
NY,2019-2023,511169678126144,42.618947,-78.626126,0.46501998657175836,Not LSOG,2
NY,2019-2023,511169681126144,42.465711,-78.717221,0.506243360846178,Not LSOG,3
NY,2019-2023,511169682126144,42.219328,-78.713837,0.7665729285029963,Not LSOG,1
NY,2019-2023,511169684126144,42.097981,-78.769049,0.8767403783002027,LS,6
NY,2019-2023,511169685126144,42.029467,-78.986645,0.5631593731919405,Transitioning LS,4
NY,2019-2023,511169686126144,43.282912,-78.401004,0.8283792514818312,Not LSOG,3
NY,2019-2023,511169689126144,42.636061,-78.946394,0.3845374708426333,Not LSOG,1
NY,2019-2023,511169692126144,42.161436,-79.206384,0.7665729285029963,Not LSOG,1
NY,2019-2023,511169694126144,42.007255,-79.259924,0.35889825854354157,Not LSOG,0
NY,2019-2023,511169703126144,42.32806,-79.13097,0.5085895169837219,Not LSOG,2
NY,2019-2023,511169705126144,42.259037,-79.371968,0.4513976092169017,Not LSOG,2
NY,2019-2023,511169706126144,42.112525,-79.46059,0.7665729285029963,Not LSOG,1
NY,2019-2023,511169707126144,42.167412,-79.582088,0.35889825854354157,Not LSOG,0
NY,2019-2023,511169708126144,43.265645,-78.958855,0.7665729285029963,Not LSOG,1
NY,2019-2023,511169711126144,42.025762,-79.664703,0.46726448961575995,Not LSOG,2
NY,2019-2023,511169712126144,42.496282,-76.809729,0.8217520793104077,Not LSOG,2
NY,2019-2023,511169719126144,41.054244,-72.453373,0.4400532344947743,Not LSOG,1
NY,2019-2023,511169725126144,40.582631,-74.200084,0.8585830515288004,Not LSOG,3
NY,2019-2023,511169729126144,41.318834,-73.926578,0.9506528758763151,Not LSOG,2
NY,2019-2023,511169734126144,41.726776,-73.650361,0.8585830515288004,Not LSOG,3
NY,2019-2023,511169735126144,41.367544,-73.697776,0.964342007917639,Not LSOG,3
NY,2019-2023,511169737126144,41.327289,-73.65485,0.8217520793104077,Not LSOG,2
NY,2019-2023,511169738126144,42.502649,-73.495379,0.8516872467889065,Transitioning LS,4
NY,2019-2023,511169739126144,42.611283,-73.605195,0.532250226653837,Transitioning LS,4
NY,2019-2023,511169742126144,42.066111,-73.765397,0.4400532344947743,Not LSOG,1
NY,2019-2023,511169743126144,42.158543,-73.91441,0.46501998657175836,Not LSOG,2
NY,2019-2023,511169746126144,41.675294,-73.861465,0.8757623666183351,LS,6
NY,2019-2023,511169747126144,41.327728,-74.106107,0.8194903573569606,Transitioning LS,4
NY,2019-2023,511169748126144,41.482228,-74.180216,0.3845374708426333,Not LSOG,1
NY,2019-2023,511169749126144,42.887611,-73.415735,0.41092347073227586,Not LSOG,1
NY,2019-2023,511169750126144,42.984435,-73.51977,0.35889825854354157,Not LSOG,0
NY,2019-2023,511169751126144,42.826706,-73.624653,0.7665729285029963,Not LSOG,1
NY,2019-2023,511169754126144,42.491,-73.780363,0.8643736713214049,Transitioning LS,5
NY,2019-2023,511169755126144,42.250869,-74.021088,0.49467189604198514,Not LSOG,3
NY,2019-2023,511169756126144,42.022506,-74.085016,0.8121997785872084,Not LSOG,2
NY,2019-2023,511169759126144,41.590762,-74.276896,0.4400532344947743,Not LSOG,1
NY,2019-2023,511169760126144,41.41365,-74.394986,0.35889825854354157,Not LSOG,0
NY,2019-2023,511169762126144,43.593652,-73.471146,0.7856458444806332,Not LSOG,2
NY,2019-2023,511169763126144,43.353179,-73.446335,0.35889825854354157,Not LSOG,0
NY,2019-2023,511169767126144,43.028495,-73.821852,0.35889825854354157,Not LSOG,0
NY,2019-2023,511169768126144,43.003044,-73.885323,0.35889825854354157,Not LSOG,0
NY,2019-2023,511169769126144,42.706855,-74.074971,0.8036176777332611,Not LSOG,2
NY,2019-2023,511169770126144,42.632764,-73.934083,0.9040626863231132,LS,6
NY,2019-2023,511169771126144,42.559223,-74.174865,0.8650729822216768,Transitioning LS,4
NY,2019-2023,511169772126144,42.327475,-74.154118,0.7856458444806332,Not LSOG,2
NY,2019-2023,511169773126144,42.276685,-74.46399,0.837273478312726,Not LSOG,3
NY,2019-2023,511169774126144,42.190926,-74.245574,0.837273478312726,Not LSOG,3
NY,2019-2023,511169775126144,41.842467,-74.430931,0.8516872467889065,Transitioning LS,4
NY,2019-2023,511169776126144,41.982431,-74.560793,0.8774244810210192,Transitioning LS,4
NY,2019-2023,511169777126144,41.755429,-74.698915,0.46726448961575995,Not LSOG,2
NY,2019-2023,511169778126144,41.683583,-74.787303,0.8713992043411672,Transitioning LS,4
NY,2019-2023,511169779126144,41.547314,-74.839818,0.8585830515288004,Not LSOG,3
NY,2019-2023,511169780126144,44.05179,-73.506302,0.35889825854354157,Not LSOG,0
NY,2019-2023,511169781126144,43.66829,-73.594922,0.8809470835564724,OG,8
NY,2019-2023,511169783126144,42.936001,-74.071371,0.7665729285029963,Not LSOG,1
NY,2019-2023,511169785126144,42.353957,-74.489694,0.8359905191071977,Transitioning LS,4
NY,2019-2023,511169788126144,41.921115,-74.778764,0.8121997785872084,Not LSOG,2
NY,2019-2023,511169790126144,44.445645,-73.449017,0.8217520793104077,Not LSOG,2
NY,2019-2023,511169791126144,44.516886,-73.551352,0.35889825854354157,Not LSOG,0
NY,2019-2023,511169792126144,44.139724,-73.625296,0.35889825854354157,Not LSOG,0
NY,2019-2023,511169793126144,44.079851,-73.859888,0.4793620373024066,Transitioning LS,4
NY,2019-2023,511169795126144,43.762777,-73.721216,0.6017372174003642,LS,6
NY,2019-2023,511169796126144,43.701727,-73.948449,0.850544335856705,Transitioning LS,4
NY,2019-2023,511169797126144,43.468154,-73.919791,0.8773849697853262,Transitioning LS,5
NY,2019-2023,511169798126144,43.4113,-74.150213,0.8986139623224858,LS,7
NY,2019-2023,511169800126144,43.012385,-74.140155,0.5631593731919405,Transitioning LS,4
NY,2019-2023,511169802126144,43.204347,-74.471948,0.851733639467944,Not LSOG,3
NY,2019-2023,511169804126144,42.678963,-74.646944,0.8274137096786618,Transitioning LS,5
NY,2019-2023,511169805126144,42.769882,-74.749938,0.3845374708426333,Not LSOG,1
NY,2019-2023,511169806126144,42.45739,-74.625423,0.8360408765445584,Not LSOG,3
NY,2019-2023,511169808126144,42.098122,-75.034408,0.8991573219657407,LS,6
NY,2019-2023,511169809126144,42.032399,-74.895318,0.7856458444806332,Not LSOG,2
NY,2019-2023,511169811126144,44.893015,-73.450543,0.8991573219657407,LS,6
NY,2019-2023,511169813126144,44.466737,-73.804982999999993,0.7856458444806332,Not LSOG,2
NY,2019-2023,511169814126144,44.23017,-73.760108,0.8832118616472985,Transitioning LS,5
NY,2019-2023,511169815126144,44.174809,-73.981638,0.978985643141632,LS,7
NY,2019-2023,511169816126144,44.261149,-74.104787,0.9037701694042112,OG,8
NY,2019-2023,511169817126144,44.160611,-73.944769,0.8991573219657407,LS,6
NY,2019-2023,511169818126144,43.882749,-74.193958,0.837273478312726,Not LSOG,3
NY,2019-2023,511169819126144,43.790127,-74.074449,0.8834808305430103,LS,6
NY,2019-2023,511169822126144,43.501271,-74.272506,0.837273478312726,Not LSOG,3
NY,2019-2023,511169823126144,43.587126,-74.385782,0.8360408765445584,Not LSOG,3
NY,2019-2023,511169824126144,43.443617,-74.495227,0.8713992043411672,Transitioning LS,4
NY,2019-2023,511169825126144,43.074505,-74.570284,0.9260198986888393,LS,7
NY,2019-2023,511169826126144,43.169616,-74.665586,0.8516872467889065,Transitioning LS,4
NY,2019-2023,511169830126144,42.567466,-75.068449,0.4634417240017915,Transitioning LS,4
NY,2019-2023,511169831126144,42.483964,-74.946394,0.7856458444806332,Not LSOG,2
NY,2019-2023,511169832126144,42.413878,-75.169453,0.8036176777332611,Not LSOG,2
NY,2019-2023,511169833126144,42.502026,-75.287713,0.7665729285029963,Not LSOG,1
NY,2019-2023,511169835126144,42.181271,-75.139479,0.9640178212871979,Transitioning LS,4
NY,2019-2023,511169836126144,42.107359,-75.38013,0.7665729285029963,Not LSOG,1
NY,2019-2023,511169838126144,44.999637,-73.571743,0.8887543407188971,Transitioning LS,5
NY,2019-2023,511169839126144,44.848528,-73.696705,0.8217520793104077,Not LSOG,2
NY,2019-2023,511169840126144,44.914638,-73.836791,0.35889825854354157,Not LSOG,0
NY,2019-2023,511169841126144,44.542881,-73.902483,0.8773849697853262,Transitioning LS,5
NY,2019-2023,511169842126144,44.712033,-73.981876,0.5495998874225577,Not LSOG,3
NY,2019-2023,511169843126144,44.617942,-74.032405,0.8036176777332611,Not LSOG,2
NY,2019-2023,511169844126144,44.349851,-74.233382,0.9358262698920561,OG,10
NY,2019-2023,511169845126144,44.206846,-74.347984,0.837273478312726,Not LSOG,3
NY,2019-2023,511169846126144,43.903833,-74.355945,0.851733639467944,Not LSOG,3
NY,2019-2023,511169849126144,43.617037,-74.742155,0.8203730008193644,Not LSOG,3
NY,2019-2023,511169852126144,42.849406,-75.011149,0.35889825854354157,Not LSOG,0
NY,2019-2023,511169855126144,42.209555,-75.486895,0.837273478312726,Not LSOG,3
NY,2019-2023,511169856126144,42.285595,-75.43726,0.8639735902974572,Transitioning LS,5
NY,2019-2023,511169857126144,42.14564,-75.670196,0.6017372174003642,LS,6
NY,2019-2023,511169858126144,42.081649,-75.734584,0.84343352165335,Transitioning LS,4
NY,2019-2023,511169859126144,44.960462,-74.158325,0.7665729285029963,Not LSOG,1
NY,2019-2023,511169861126144,44.584104,-74.24828,0.8650729822216768,Transitioning LS,4
NY,2019-2023,511169862126144,44.666958,-74.388263,0.8516872467889065,Transitioning LS,4
NY,2019-2023,511169863126144,44.373307,-74.584434,0.5366312591826472,Transitioning LS,4
NY,2019-2023,511169864126144,43.996142,-74.66565,0.803559701870338,Not LSOG,3
NY,2019-2023,511169865126144,44.087161,-74.791659,0.3845374708426333,Not LSOG,1
NY,2019-2023,511169866126144,43.936265,-74.897837,0.8217520793104077,Not LSOG,2
NY,2019-2023,511169867126144,43.734757,-74.958653,0.8351691974613322,Transitioning LS,5
NY,2019-2023,511169868126144,43.581986,-74.964795,0.8516872467889065,Transitioning LS,4
NY,2019-2023,511169869126144,43.652351,-75.077286,0.7856458444806332,Not LSOG,2
NY,2019-2023,511169870126144,43.356507,-75.287332,0.8426911563722582,Transitioning LS,4
NY,2019-2023,511169871126144,43.249798,-75.172231,0.4520440736996365,Not LSOG,3
NY,2019-2023,511169872126144,43.066724,-75.467522,0.4400532344947743,Not LSOG,1
NY,2019-2023,511169874126144,42.899758,-75.565124,0.7665729285029963,Not LSOG,1
NY,2019-2023,511169876126144,42.629491,-75.744181,0.837273478312726,Not LSOG,3
NY,2019-2023,511169877126144,42.514576,-75.652771,0.7856458444806332,Not LSOG,2
NY,2019-2023,511169879126144,42.316272,-75.921216,0.8121997785872084,Not LSOG,2
NY,2019-2023,511169881126144,44.841617,-74.65144,0.837273478312726,Not LSOG,3
NY,2019-2023,511169882126144,44.776259,-74.434846,0.35889825854354157,Not LSOG,0
NY,2019-2023,511169883126144,44.46504,-74.708024,0.8217520793104077,Not LSOG,2
NY,2019-2023,511169884126144,44.40869,-74.926328,0.7665729285029963,Not LSOG,1
NY,2019-2023,511169885126144,44.31272,-74.809221,0.7665729285029963,Not LSOG,1
NY,2019-2023,511169886126144,44.029447,-75.016288,0.4649286067077748,Not LSOG,3
NY,2019-2023,511169887126144,43.734579,-75.204294,0.837273478312726,Not LSOG,3
NY,2019-2023,511169890126144,42.884611,-75.900965,0.7665729285029963,Not LSOG,1
NY,2019-2023,511169891126144,42.695414,-75.898703,0.9679315627538535,Transitioning LS,4
NY,2019-2023,511169893126144,42.409252,-76.080303,0.35889825854354157,Not LSOG,0
NY,2019-2023,511169898126144,44.87447,-74.979457,0.35889825854354157,Not LSOG,0
NY,2019-2023,511169901126144,44.435428,-75.295014,0.35889825854354157,Not LSOG,0
NY,2019-2023,511169902126144,44.216519,-75.268915,0.35889825854354157,Not LSOG,0
NY,2019-2023,511169903126144,44.117635,-75.134394,0.837273478312726,Not LSOG,3
NY,2019-2023,511169904126144,44.075729,-75.288494,0.35889825854354157,Not LSOG,0
NY,2019-2023,511169905126144,44.034843,-75.344289,0.7665729285029963,Not LSOG,1
NY,2019-2023,511169906126144,43.818799,-75.325509,0.803559701870338,Not LSOG,3
NY,2019-2023,511169910126144,43.461967,-75.746868,0.8359905191071977,Transitioning LS,4
NY,2019-2023,511169913126144,43.034059,-76.059925,0.42437430288596234,Not LSOG,1
NY,2019-2023,511169915126144,42.779757,-76.017313,0.8217520793104077,Not LSOG,2
NY,2019-2023,511169916126144,42.723108,-76.145708,0.35889825854354157,Not LSOG,0
NY,2019-2023,511169918126144,42.432489,-76.420955,0.8574394937862068,Transitioning LS,4
NY,2019-2023,511169919126144,42.339197,-76.303063,0.7856458444806332,Not LSOG,2
NY,2019-2023,511169920126144,42.312195,-76.453703,0.8360408765445584,Not LSOG,3
NY,2019-2023,511169922126144,42.134463,-76.585523,0.35889825854354157,Not LSOG,0
NY,2019-2023,511169923126144,44.820511,-75.237706,0.8036176777332611,Not LSOG,2
NY,2019-2023,511169926126144,44.607955,-75.544088,0.7665729285029963,Not LSOG,1
NY,2019-2023,511169927126144,44.24774,-75.629327,0.7665729285029963,Not LSOG,1
NY,2019-2023,511169928126144,44.126145,-75.496364,0.8360408765445584,Not LSOG,3
NY,2019-2023,511169929126144,44.168836,-75.852313,0.7856458444806332,Not LSOG,2
NY,2019-2023,511169930126144,43.842341,-75.661843,0.7665729285029963,Not LSOG,1
NY,2019-2023,511169931126144,43.945913,-75.797796,0.43774160768540166,Not LSOG,2
NY,2019-2023,511169932126144,43.788796,-75.912853,0.837273478312726,Not LSOG,3
NY,2019-2023,511169935126144,43.489898,-76.09176,0.7856458444806332,Not LSOG,2
NY,2019-2023,511169936126144,43.201583,-76.253671,0.35889825854354157,Not LSOG,0
NY,2019-2023,511169938126144,42.802623,-76.453111,0.35889825854354157,Not LSOG,0
NY,2019-2023,511169943126144,42.45931,-76.754109,0.4400532344947743,Not LSOG,1
NY,2019-2023,511169947126144,44.310383,-75.74599,0.49241742946031425,Not LSOG,3
NY,2019-2023,511169951126144,43.222271,-76.620261,0.8036176777332611,Not LSOG,2
NY,2019-2023,511169955126144,42.241637,-77.053088,0.35889825854354157,Not LSOG,0
NY,2019-2023,511169956126144,42.102832,-77.120693,0.8585830515288004,Not LSOG,3
NY,2019-2023,511169957126144,44.040323,-76.292143,0.35889825854354157,Not LSOG,0
NY,2019-2023,511169959126144,43.251433,-76.904091,0.35889825854354157,Not LSOG,0
NY,2019-2023,511169963126144,42.85465,-77.034065,0.35889825854354157,Not LSOG,0
NY,2019-2023,511169964126144,42.542476,-77.221318,0.35889825854354157,Not LSOG,0
NY,2019-2023,511169965126144,42.644597,-77.349289,0.837273478312726,Not LSOG,3
NY,2019-2023,511169967126144,42.37849,-77.451675,0.7856458444806332,Not LSOG,2
NY,2019-2023,511169968126144,42.18877,-77.444287,0.43774160768540166,Not LSOG,2
NY,2019-2023,511169971126144,42.95983,-77.511049,0.7665729285029963,Not LSOG,1
NY,2019-2023,511169972126144,42.728697,-77.467024,0.35889825854354157,Not LSOG,0
NY,2019-2023,511169973126144,42.671901,-77.62225,0.9040626863231132,LS,6
NY,2019-2023,511169974126144,42.266558,-77.732296,0.42437430288596234,Not LSOG,1
NY,2019-2023,511169975126144,42.214164,-77.777805,0.7665729285029963,Not LSOG,1
NY,2019-2023,511169976126144,42.065879,-78.047984,0.7665729285029963,Not LSOG,1
NY,2019-2023,511169980126144,42.667495,-77.687505,0.7665729285029963,Not LSOG,1
NY,2019-2023,511169981126144,42.391423,-77.886621,0.4108345577109649,Not LSOG,2
NY,2019-2023,511169982126144,42.448004,-78.007993,0.7856458444806332,Not LSOG,2
NY,2019-2023,511169985126144,42.090695,-78.388665,0.8713992043411672,Transitioning LS,4
NY,2019-2023,511169994126144,42.406123,-78.3096,0.7665729285029963,Not LSOG,1
NY,2019-2023,511169995126144,42.167784,-78.478047,0.5359821513544414,Not LSOG,3
NY,2019-2023,511169996126144,42.039109,-78.568728,0.9679315627538535,Transitioning LS,4
NY,2019-2023,511169999126144,42.80804,-78.515376,0.49467189604198514,Not LSOG,3
NY,2019-2023,511170000126144,42.50369,-78.612086,0.3845374708426333,Not LSOG,1
NY,2019-2023,511170001126144,42.492836,-78.650296,0.35889825854354157,Not LSOG,0
NY,2019-2023,511170002126144,42.106398,-78.708931,0.8767403783002027,LS,6
NY,2019-2023,511170003126144,42.248285,-78.825109,0.7856458444806332,Not LSOG,2
NY,2019-2023,511170004126144,42.188153,-78.841874,0.9506528758763151,Not LSOG,2
NY,2019-2023,511170005126144,43.299254,-78.354679,0.7665729285029963,Not LSOG,1
NY,2019-2023,511170007126144,43.171276,-78.429282,0.49092329326682316,Transitioning LS,4
NY,2019-2023,511170011126144,42.655834,-78.950806,0.35889825854354157,Not LSOG,0
NY,2019-2023,511170013126144,42.105447,-79.063021,0.7665729285029963,Not LSOG,1
NY,2019-2023,511170014126144,42.198094,-79.177143,0.35889825854354157,Not LSOG,0
NY,2019-2023,511170018126144,42.360549,-79.420621,0.42437430288596234,Not LSOG,1
NY,2019-2023,611077265126144,41.03017,-71.981756,0.35889825854354157,Not LSOG,0
NY,2019-2023,611077269126144,41.06998,-72.3259,0.5085895169837219,Not LSOG,2
NY,2019-2023,611077271126144,40.860847,-72.639137,0.35889825854354157,Not LSOG,0
NY,2019-2023,611077273126144,40.964659,-72.746663,0.35889825854354157,Not LSOG,0
NY,2019-2023,611077276126144,40.885854,-72.786868,0.837273478312726,Not LSOG,3
NY,2019-2023,611077278126144,40.916066,-72.94723,0.7665729285029963,Not LSOG,1
NY,2019-2023,611077281126144,40.783672,-73.04216,0.7665729285029963,Not LSOG,1
NY,2019-2023,611077282126144,40.714191,-73.26615,0.5085895169837219,Not LSOG,2
NY,2019-2023,611077284126144,40.797275,-73.387321,0.46726448961575995,Not LSOG,2
NY,2019-2023,611077290126144,40.74091,-73.593405,0.35889825854354157,Not LSOG,0
NY,2019-2023,611077299126144,41.062061,-73.743787,0.8643736713214049,Transitioning LS,5
NY,2019-2023,611077303126144,42.193561,-73.52975,0.5359821513544414,Not LSOG,3
NY,2019-2023,611077306126144,41.819267,-73.605206,0.8713992043411672,Transitioning LS,4
NY,2019-2023,611077308126144,41.691811,-73.717781,0.35889825854354157,Not LSOG,0
NY,2019-2023,611077309126144,41.775295,-73.82872,0.7665729285029963,Not LSOG,1
NY,2019-2023,611077312126144,41.516719,-73.775892,0.8217520793104077,Not LSOG,2
NY,2019-2023,611077313126144,41.440093,-73.68849,0.8026725062172125,Not LSOG,3
NY,2019-2023,611077315126144,41.372398,-73.881893,0.964342007917639,Not LSOG,3
NY,2019-2023,611077316126144,41.209409,-73.819641,0.9506528758763151,Not LSOG,2
NY,2019-2023,611077319126144,41.415655,-74.048669,0.964342007917639,Not LSOG,3
NY,2019-2023,611077322126144,41.096712,-74.083607,0.9765951152124066,LS,7
NY,2019-2023,611077325126144,42.810142,-73.457314,0.8217520793104077,Not LSOG,2
NY,2019-2023,611077326126144,42.728754,-73.345619,0.8121997785872084,Not LSOG,2
NY,2019-2023,611077328126144,42.423957,-73.528503,0.9215216742245032,LS,7
NY,2019-2023,611077329126144,42.351919,-73.41469,0.35889825854354157,Not LSOG,0
NY,2019-2023,611077330126144,42.234453,-73.620197,0.8217520793104077,Not LSOG,2
NY,2019-2023,611077334126144,42.039069,-73.601676,0.7665729285029963,Not LSOG,1
NY,2019-2023,611077335126144,42.179425,-73.749003,0.4212616147008815,Transitioning LS,4
NY,2019-2023,611077338126144,41.910199,-73.714262,0.7665729285029963,Not LSOG,1
NY,2019-2023,611077339126144,41.914215,-73.890455,0.7665729285029963,Not LSOG,1
NY,2019-2023,611077340126144,41.851736,-73.929274,0.8875667029263905,LS,7
NY,2019-2023,611077342126144,41.604426,-73.911625,0.41092347073227586,Not LSOG,1
NY,2019-2023,611077350126144,41.324846,-74.256122,0.8585830515288004,Not LSOG,3
NY,2019-2023,611077351126144,41.255671,-74.15847,0.964342007917639,Not LSOG,3
NY,2019-2023,611077352126144,41.167066,-74.174322,0.9040945406590423,Transitioning LS,5
NY,2019-2023,611077355126144,43.402713,-73.35332,0.46726448961575995,Not LSOG,2
NY,2019-2023,611077357126144,43.197352,-73.363655,0.46726448961575995,Not LSOG,2
NY,2019-2023,611077358126144,43.121854,-73.460237,0.3845374708426333,Not LSOG,1
NY,2019-2023,611077362126144,42.741026,-73.499469,0.46726448961575995,Not LSOG,2
NY,2019-2023,611077363126144,42.664774,-73.572643,0.84343352165335,Transitioning LS,4
NY,2019-2023,611077370126144,42.342614,-73.978087,0.42437430288596234,Not LSOG,1
NY,2019-2023,611077373126144,42.175228,-74.065761,0.9165171876198465,OG,9
NY,2019-2023,611077374126144,42.092155,-74.129926,0.9181357729688834,LS,6
NY,2019-2023,611077375126144,42.021922000000004,-74.170073,0.837273478312726,Not LSOG,3
NY,2019-2023,611077376126144,41.790712,-74.150791,0.35889825854354157,Not LSOG,0
NY,2019-2023,611077377126144,41.881532,-74.277141,0.5631593731919405,Transitioning LS,4
NY,2019-2023,611077379126144,41.665797,-74.415519,0.8203730008193644,Not LSOG,3
NY,2019-2023,611077381126144,41.588027,-74.458523,0.35889825854354157,Not LSOG,0
NY,2019-2023,611077383126144,41.450385,-74.336352,0.8217520793104077,Not LSOG,2
NY,2019-2023,611077386126144,43.652952,-73.422566,0.35889825854354157,Not LSOG,0
NY,2019-2023,611077389126144,43.506622,-73.527529,0.8713992043411672,Transitioning LS,4
NY,2019-2023,611077392126144,43.27436,-73.485132,0.4400532344947743,Not LSOG,1
NY,2019-2023,611077393126144,43.120158000000004,-73.586906,0.35889825854354157,Not LSOG,0
NY,2019-2023,611077394126144,43.227396,-73.728435,0.8283792514818312,Not LSOG,3
NY,2019-2023,611077396126144,43.06042,-73.656423,0.8713992043411672,Transitioning LS,4
NY,2019-2023,611077397126144,42.99222,-73.695928,0.4400532344947743,Not LSOG,1
NY,2019-2023,611077400126144,42.823297,-73.800325,0.35889825854354157,Not LSOG,0
NY,2019-2023,611077402126144,42.861271,-73.968261,0.4108345577109649,Not LSOG,2
NY,2019-2023,611077404126144,42.783798,-74.039486,0.49092329326682316,Transitioning LS,4
NY,2019-2023,611077405126144,42.551293,-73.977037,0.8360408765445584,Not LSOG,3
NY,2019-2023,611077406126144,42.512584,-74.182962,0.35889825854354157,Not LSOG,0
NY,2019-2023,611077407126144,42.476088,-74.049316,0.35889825854354157,Not LSOG,0
NY,2019-2023,611077408126144,42.490978,-74.209823,0.7665729285029963,Not LSOG,1
NY,2019-2023,611077410126144,42.424326,-74.270067,0.8941061485582746,Transitioning LS,5
NY,2019-2023,611077411126144,42.268543,-74.218562,0.41092347073227586,Not LSOG,1
NY,2019-2023,611077412126144,42.326157,-74.307779,0.42437430288596234,Not LSOG,1
NY,2019-2023,611077415126144,42.04606,-74.457514,0.8217520793104077,Not LSOG,2
NY,2019-2023,611077416126144,42.115023,-74.477743,0.8437778978471661,Transitioning LS,5
NY,2019-2023,611077417126144,42.063129000000004,-74.495384,0.8767403783002027,LS,6
NY,2019-2023,611077419126144,41.805686,-74.48589,0.8713992043411672,Transitioning LS,4
NY,2019-2023,611077420126144,41.929709,-74.598059,0.8217520793104077,Not LSOG,2
NY,2019-2023,611077421126144,41.836364,-74.654413,0.8639735902974572,Transitioning LS,5
NY,2019-2023,611077426126144,41.58968,-74.695473,0.7665729285029963,Not LSOG,1
NY,2019-2023,611077427126144,41.507173,-74.684721,0.4400532344947743,Not LSOG,1
NY,2019-2023,611077428126144,41.453406,-74.713188,0.7554279720156245,Not LSOG,2
NY,2019-2023,611077430126144,44.29779,-73.537376,0.7665729285029963,Not LSOG,1
NY,2019-2023,611077431126144,43.890067,-73.45145,0.35889825854354157,Not LSOG,0
NY,2019-2023,611077433126144,43.835419,-73.663779,0.8650729822216768,Transitioning LS,4
NY,2019-2023,611077434126144,43.750268,-73.567619,0.35889825854354157,Not LSOG,0
NY,2019-2023,611077435126144,43.620269,-73.767907,0.8516872467889065,Transitioning LS,4
NY,2019-2023,611077436126144,43.615966,-73.831125,0.8991573219657407,LS,6
NY,2019-2023,611077437126144,43.461938,-73.760515,0.837273478312726,Not LSOG,3
NY,2019-2023,611077438126144,43.404576,-73.993142,0.7665729285029963,Not LSOG,1
NY,2019-2023,611077439126144,42.947184,-73.721409,0.5480286265220771,Transitioning LS,5
NY,2019-2023,611077440126144,43.24401,-73.895545,0.7665729285029963,Not LSOG,1
NY,2019-2023,611077441126144,43.160135,-73.929341,0.837273478312726,Not LSOG,3
NY,2019-2023,611077442126144,43.198449,-74.127569,0.35889825854354157,Not LSOG,0
NY,2019-2023,611077443126144,43.030865,-74.033678,0.35889825854354157,Not LSOG,0
NY,2019-2023,611077444126144,42.951029,-74.260529,0.6420282107162432,Transitioning LS,5
NY,2019-2023,611077446126144,42.764586,-74.11361,0.49241742946031425,Not LSOG,3
NY,2019-2023,611077449126144,42.49971,-74.405787,0.49241742946031425,Not LSOG,3
NY,2019-2023,611077450126144,42.520268,-74.591467,0.3845374708426333,Not LSOG,1
NY,2019-2023,611077453126144,42.284462,-74.8527,0.7665729285029963,Not LSOG,1
NY,2019-2023,611077454126144,42.001237,-74.654182,0.7856458444806332,Not LSOG,2
NY,2019-2023,611077455126144,42.083527,-74.847123,0.8217520793104077,Not LSOG,2
NY,2019-2023,611077456126144,41.996833,-74.731867,0.8217520793104077,Not LSOG,2
NY,2019-2023,611077457126144,41.869581,-74.823572,0.9121867790164615,OG,9
NY,2019-2023,611077458126144,41.863817,-74.971606,0.35889825854354157,Not LSOG,0
NY,2019-2023,611077459126144,41.691793,-74.933101,0.35889825854354157,Not LSOG,0
NY,2019-2023,611077460126144,41.539347,-75.000526,0.7856458444806332,Not LSOG,2
NY,2019-2023,611077464126144,44.27082,-73.350525,0.850544335856705,Transitioning LS,4
NY,2019-2023,611077465126144,44.206164,-73.39659,0.8217520793104077,Not LSOG,2
NY,2019-2023,611077468126144,44.303037,-73.70012,0.8639735902974572,Transitioning LS,5
NY,2019-2023,611077469126144,44.072091,-73.68434,0.43774160768540166,Not LSOG,2
NY,2019-2023,611077470126144,43.980472,-73.574705,0.8991573219657407,LS,6
NY,2019-2023,611077471126144,43.902142,-73.601234,0.7665729285029963,Not LSOG,1
NY,2019-2023,611077472126144,43.995733,-73.72865,0.5495998874225577,Not LSOG,3
NY,2019-2023,611077473126144,43.917065,-73.787664,0.837273478312726,Not LSOG,3
NY,2019-2023,611077474126144,43.693562,-73.777382,0.7856458444806332,Not LSOG,2
NY,2019-2023,611077475126144,43.771165,-73.887782,0.837273478312726,Not LSOG,3
NY,2019-2023,611077476126144,43.869812,-73.903837,0.8650729822216768,Transitioning LS,4
NY,2019-2023,611077477126144,43.860489,-74.012245,0.8661648650680799,Not LSOG,3
NY,2019-2023,611077480126144,43.520462,-73.976911,0.8360408765445584,Not LSOG,3
NY,2019-2023,611077481126144,43.65106,-74.166291,0.9134097708463486,LS,7
NY,2019-2023,611077482126144,43.488234,-74.089241,0.46501998657175836,Not LSOG,2
NY,2019-2023,611077484126144,43.343746,-74.189295,0.7665729285029963,Not LSOG,1
NY,2019-2023,611077485126144,43.431475,-74.315546,0.8437778978471661,Transitioning LS,5
NY,2019-2023,611077486126144,43.269461,-74.239187,0.7665729285029963,Not LSOG,1
NY,2019-2023,611077487126144,43.20609,-74.295037,0.8217520793104077,Not LSOG,2
NY,2019-2023,611077489126144,43.049174,-74.39813,0.8887543407188971,Transitioning LS,5
NY,2019-2023,611077490126144,42.988066,-74.437933,0.35889825854354157,Not LSOG,0
NY,2019-2023,611077492126144,42.945063,-74.404907,0.35889825854354157,Not LSOG,0
NY,2019-2023,611077493126144,42.888244,-74.459239,0.7665729285029963,Not LSOG,1
NY,2019-2023,611077500126144,42.377343,-74.642444,0.4634417240017915,Transitioning LS,4
NY,2019-2023,611077501126144,42.461252,-74.786577,0.3845374708426333,Not LSOG,1
NY,2019-2023,611077503126144,42.408197,-75.297598,0.8822783037260727,Transitioning LS,5
NY,2019-2023,611077504126144,42.364994,-75.009312,0.35889825854354157,Not LSOG,0
NY,2019-2023,611077505126144,42.235343,-74.746244,0.7856458444806332,Not LSOG,2
NY,2019-2023,611077506126144,42.172286,-74.824713,0.8650729822216768,Transitioning LS,4
NY,2019-2023,611077509126144,42.166426,-74.981819,0.8767403783002027,LS,6
NY,2019-2023,611077510126144,41.930541,-74.952057,0.8650729822216768,Transitioning LS,4
NY,2019-2023,611077513126144,41.954754,-75.10365,0.9711808559483337,Transitioning LS,4
NY,2019-2023,611077514126144,41.882501,-75.165543,0.7856458444806332,Not LSOG,2
NY,2019-2023,611077517126144,44.832245,-73.510126,0.8426911563722582,Transitioning LS,4
NY,2019-2023,611077518126144,44.918039,-73.637582,0.4634417240017915,Transitioning LS,4
NY,2019-2023,611077523126144,44.687028,-73.821268,0.7856458444806332,Not LSOG,2
NY,2019-2023,611077524126144,44.592024,-73.634843,0.7665729285029963,Not LSOG,1
NY,2019-2023,611077525126144,44.538391,-73.746923,0.8036176777332611,Not LSOG,2
NY,2019-2023,611077527126144,44.36808,-73.653676,0.9169734633642379,OG,8
NY,2019-2023,611077528126144,44.385458,-73.832967,0.8516872467889065,Transitioning LS,4
NY,2019-2023,611077530126144,44.313953,-73.876941,0.49241742946031425,Not LSOG,3
NY,2019-2023,611077531126144,44.154881,-73.802668,0.5766095642896547,Transitioning LS,4
NY,2019-2023,611077532126144,44.242837,-73.928466,0.8650729822216768,Transitioning LS,4
NY,2019-2023,611077533126144,44.106613,-74.038334,0.8650729822216768,Transitioning LS,4
NY,2019-2023,611077534126144,44.006758,-73.90691,0.850544335856705,Transitioning LS,4
NY,2019-2023,611077535126144,43.936298,-73.956105,0.35889825854354157,Not LSOG,0
NY,2019-2023,611077536126144,44.001349,-74.005968,0.837273478312726,Not LSOG,3
NY,2019-2023,611077537126144,43.954338,-74.143915,0.850544335856705,Transitioning LS,4
NY,2019-2023,611077538126144,44.045377,-74.256,0.8767403783002027,LS,6
NY,2019-2023,611077539126144,43.73483,-74.093095,0.5198604916825833,Transitioning LS,4
NY,2019-2023,611077540126144,43.804894,-74.242782,0.8217520793104077,Not LSOG,2
NY,2019-2023,611077542126144,43.575944,-74.222463,0.8994659620234805,LS,6
NY,2019-2023,611077543126144,43.515175,-74.431716,0.43774160768540166,Not LSOG,2
NY,2019-2023,611077544126144,43.608198,-74.560256999999993,0.837273478312726,Not LSOG,3
NY,2019-2023,611077545126144,43.357176,-74.371274,0.9251966161754432,OG,9
NY,2019-2023,611077546126144,43.282272,-74.414809,0.8887543407188971,Transitioning LS,5
NY,2019-2023,611077547126144,43.372493,-74.540639,0.9260198986888393,LS,7
NY,2019-2023,611077548126144,43.299598,-74.594117,0.8887543407188971,Transitioning LS,5
NY,2019-2023,611077550126144,43.29265,-74.514011,0.837273478312726,Not LSOG,3
NY,2019-2023,611077551126144,43.227391,-74.641464,0.8217520793104077,Not LSOG,2
NY,2019-2023,611077552126144,43.141346,-74.507523,0.869963093237691,LS,7
NY,2019-2023,611077559126144,42.784709,-74.938352,0.4108345577109649,Not LSOG,2
NY,2019-2023,611077564126144,42.724682,-75.148552,0.7856458444806332,Not LSOG,2
NY,2019-2023,611077565126144,42.342077,-75.044682,0.5085895169837219,Not LSOG,2
NY,2019-2023,611077567126144,42.343008,-75.215275,0.7856458444806332,Not LSOG,2
NY,2019-2023,611077569126144,42.276632,-75.263691,0.4108345577109649,Not LSOG,2
NY,2019-2023,611077571126144,42.294686,-75.610073,0.837273478312726,Not LSOG,3
NY,2019-2023,611077572126144,41.982474,-75.268707,0.837273478312726,Not LSOG,3
NY,2019-2023,611077576126144,44.764585,-73.756947,0.49467189604198514,Not LSOG,3
NY,2019-2023,611077578126144,44.782179,-73.950753,0.7856458444806332,Not LSOG,2
NY,2019-2023,611077579126144,44.61934,-73.85157,0.7665729285029963,Not LSOG,1
NY,2019-2023,611077581126144,44.406876,-74.012979,0.8437778978471661,Transitioning LS,5
NY,2019-2023,611077582126144,44.328744,-74.065024,0.8774244810210192,Transitioning LS,4
NY,2019-2023,611077583126144,44.418245,-74.183285,0.8036176777332611,Not LSOG,2
NY,2019-2023,611077584126144,44.183865,-74.171309,0.8650729822216768,Transitioning LS,4
NY,2019-2023,611077585126144,44.117016,-74.217285,0.837273478312726,Not LSOG,3
NY,2019-2023,611077586126144,44.264123,-74.288849,0.8832118616472985,Transitioning LS,5
NY,2019-2023,611077587126144,44.129604,-74.365481,0.7665729285029963,Not LSOG,1
NY,2019-2023,611077588126144,43.976247,-74.316498,0.8650729822216768,Transitioning LS,4
NY,2019-2023,611077589126144,43.975552,-74.491292,0.850544335856705,Transitioning LS,4
NY,2019-2023,611077590126144,43.747114,-74.4696,0.8881618997828408,LS,6
NY,2019-2023,611077591126144,43.676104,-74.520697,0.8991573219657407,LS,6
NY,2019-2023,611077592126144,43.765077,-74.631801,0.803559701870338,Not LSOG,3
NY,2019-2023,611077593126144,43.692479,-74.69325,0.803559701870338,Not LSOG,3
NY,2019-2023,611077594126144,43.457718,-74.663203,0.8036176777332611,Not LSOG,2
NY,2019-2023,611077595126144,43.545598,-74.791684,0.9711808559483337,Transitioning LS,4
NY,2019-2023,611077596126144,43.465201,-74.832749,0.8643736713214049,Transitioning LS,5
NY,2019-2023,611077597126144,43.309615,-74.763365,0.7856458444806332,Not LSOG,2
NY,2019-2023,611077598126144,43.394702,-74.88249,0.8773849697853262,Transitioning LS,5
NY,2019-2023,611077602126144,43.030219,-75.130294,0.7665729285029963,Not LSOG,1
NY,2019-2023,611077603126144,43.114333,-75.098111,0.7665729285029963,Not LSOG,1
NY,2019-2023,611077606126144,42.829938,-75.27617,0.8832118616472985,Transitioning LS,5
NY,2019-2023,611077607126144,42.640015,-75.18466,0.7665729285029963,Not LSOG,1
NY,2019-2023,611077608126144,42.592861,-75.250497,0.8203730008193644,Not LSOG,3
NY,2019-2023,611077609126144,42.408561,-75.527482,0.35889825854354157,Not LSOG,0
NY,2019-2023,611077610126144,42.433525,-75.34338,0.35889825854354157,Not LSOG,0
NY,2019-2023,611077611126144,42.360812,-75.344544,0.4400532344947743,Not LSOG,1
NY,2019-2023,611077613126144,42.369886,-75.560594,0.46726448961575995,Not LSOG,2
NY,2019-2023,611077614126144,42.141746,-75.512636,0.8437778978471661,Transitioning LS,5
NY,2019-2023,611077615126144,42.232832,-75.659867,0.7665729285029963,Not LSOG,1
NY,2019-2023,611077618126144,44.960854,-73.77448,0.7665729285029963,Not LSOG,1
NY,2019-2023,611077619126144,44.948607,-74.006453,0.7665729285029963,Not LSOG,1
NY,2019-2023,611077624126144,44.742224,-74.363231,0.8650729822216768,Transitioning LS,4
NY,2019-2023,611077625126144,44.575026,-74.318557,0.35889825854354157,Not LSOG,0
NY,2019-2023,611077626126144,44.683971,-74.324077,0.7856458444806332,Not LSOG,2
NY,2019-2023,611077627126144,44.508358,-74.316444,0.35889825854354157,Not LSOG,0
NY,2019-2023,611077628126144,44.447357,-74.362188,0.850544335856705,Transitioning LS,4
NY,2019-2023,611077629126144,44.512909,-74.455732,0.8887543407188971,Transitioning LS,5
NY,2019-2023,611077630126144,44.365251,-74.405033,0.7856458444806332,Not LSOG,2
NY,2019-2023,611077631126144,44.439269,-74.544208,0.7665729285029963,Not LSOG,1
NY,2019-2023,611077632126144,44.20524,-74.517611,0.8036176777332611,Not LSOG,2
NY,2019-2023,611077633126144,44.310251,-74.641485,0.851733639467944,Not LSOG,3
NY,2019-2023,611077634126144,44.143419,-74.571419,0.7665729285029963,Not LSOG,1
NY,2019-2023,611077635126144,44.248246,-74.660391,0.35889825854354157,Not LSOG,0
NY,2019-2023,611077636126144,44.161866,-74.742377,0.8650729822216768,Transitioning LS,4
NY,2019-2023,611077637126144,44.144805,-74.617861,0.8941061485582746,Transitioning LS,5
NY,2019-2023,611077638126144,44.079383,-74.631896,0.8217520793104077,Not LSOG,2
NY,2019-2023,611077639126144,43.92723,-74.686967,0.851733639467944,Not LSOG,3
NY,2019-2023,611077641126144,43.859059,-74.763301,0.8832118616472985,Transitioning LS,5
NY,2019-2023,611077642126144,43.777434,-74.806079,0.8217520793104077,Not LSOG,2
NY,2019-2023,611077643126144,43.868411,-74.935389,0.35889825854354157,Not LSOG,0
NY,2019-2023,611077644126144,43.808719,-74.983117,0.8360408765445584,Not LSOG,3
NY,2019-2023,611077645126144,43.723397,-75.040159,0.8036176777332611,Not LSOG,2
NY,2019-2023,611077646126144,43.668416,-74.949518,0.8265583482610793,LS,6
NY,2019-2023,611077647126144,43.635038,-74.914467,0.4400532344947743,Not LSOG,1
NY,2019-2023,611077648126144,43.486903,-75.020211,0.8991573219657407,LS,6
NY,2019-2023,611077649126144,43.565408,-75.133853,0.5222030120440209,Not LSOG,3
NY,2019-2023,611077651126144,43.414424,-75.053857,0.8516872467889065,Transitioning LS,4
NY,2019-2023,611077652126144,43.341005,-75.131345,0.7856458444806332,Not LSOG,2
NY,2019-2023,611077653126144,43.436264,-75.218278,0.7665729285029963,Not LSOG,1
NY,2019-2023,611077657126144,43.122756,-75.252891,0.35889825854354157,Not LSOG,0
NY,2019-2023,611077659126144,43.044883,-75.307856,0.35889825854354157,Not LSOG,0
NY,2019-2023,611077661126144,42.880923,-75.397513,0.35889825854354157,Not LSOG,0
NY,2019-2023,611077664126144,42.82027,-75.618741,0.43774160768540166,Not LSOG,2
NY,2019-2023,611077666126144,42.755491,-75.510237,0.8217520793104077,Not LSOG,2
NY,2019-2023,611077669126144,42.694271,-75.715715,0.863269481987568,LS,6
NY,2019-2023,611077670126144,42.465856,-75.676286,0.8585830515288004,Not LSOG,3
NY,2019-2023,611077672126144,42.385243,-75.722287,0.8650729822216768,Transitioning LS,4
NY,2019-2023,611077673126144,42.466778,-75.855086,0.803559701870338,Not LSOG,3
NY,2019-2023,611077676126144,42.288531,-75.782177,0.8217520793104077,Not LSOG,2
NY,2019-2023,611077677126144,42.166764,-75.865964,0.35889825854354157,Not LSOG,0
NY,2019-2023,611077678126144,42.251793,-75.982986,0.7665729285029963,Not LSOG,1
NY,2019-2023,611077681126144,42.008993,-75.970644,0.8713992043411672,Transitioning LS,4
NY,2019-2023,611077683126144,44.968555,-74.308907,0.7665729285029963,Not LSOG,1
NY,2019-2023,611077684126144,44.988736,-74.465504,0.35889825854354157,Not LSOG,0
NY,2019-2023,611077686126144,44.681947,-74.550303,0.8036176777332611,Not LSOG,2
NY,2019-2023,611077687126144,44.615579,-74.610581,0.7665729285029963,Not LSOG,1
NY,2019-2023,611077688126144,44.607448,-74.787997,0.8643736713214049,Transitioning LS,5
NY,2019-2023,611077689126144,44.546191,-74.65657,0.8359905191071977,Transitioning LS,4
NY,2019-2023,611077690126144,44.391344,-74.759786,0.8217520793104077,Not LSOG,2
NY,2019-2023,611077691126144,44.286009,-74.802487,0.7665729285029963,Not LSOG,1
NY,2019-2023,611077692126144,44.168665,-74.91853,0.7665729285029963,Not LSOG,1
NY,2019-2023,611077693126144,44.350723,-74.905961,0.850544335856705,Transitioning LS,4
NY,2019-2023,611077694126144,44.196597,-75.073189,0.4400532344947743,Not LSOG,1
NY,2019-2023,611077696126144,43.967869,-75.232216,0.8217520793104077,Not LSOG,2
NY,2019-2023,611077698126144,43.768012,-75.371702,0.8217520793104077,Not LSOG,2
NY,2019-2023,611077699126144,43.587473,-75.298737,0.7856458444806332,Not LSOG,2
NY,2019-2023,611077702126144,43.375396,-75.461344,0.8516872467889065,Transitioning LS,4
NY,2019-2023,611077703126144,43.288356,-75.671358,0.8713992043411672,Transitioning LS,4
NY,2019-2023,611077704126144,43.463641,-75.35765,0.41092347073227586,Not LSOG,1
NY,2019-2023,611077707126144,42.921268,-75.747886,0.43774160768540166,Not LSOG,2
NY,2019-2023,611077708126144,42.85674,-75.770236,0.7665729285029963,Not LSOG,1
NY,2019-2023,611077709126144,42.850918,-75.728734,0.7665729285029963,Not LSOG,1
NY,2019-2023,611077710126144,42.859253,-75.968419,0.8928924427031723,OG,8
NY,2019-2023,611077713126144,42.455542,-76.026479,0.35889825854354157,Not LSOG,0
NY,2019-2023,611077714126144,42.418258,-76.235493,0.4634417240017915,Transitioning LS,4
NY,2019-2023,611077715126144,42.191027,-76.203501,0.35889825854354157,Not LSOG,0
NY,2019-2023,611077717126144,42.043513,-76.303186,0.35889825854354157,Not LSOG,0
NY,2019-2023,611077719126144,44.905692,-74.608703,0.35889825854354157,Not LSOG,0
NY,2019-2023,611077720126144,44.924657,-74.739975,0.35889825854354157,Not LSOG,0
NY,2019-2023,611077721126144,44.85962,-74.810650999999993,0.803559701870338,Not LSOG,3
NY,2019-2023,611077722126144,44.77532,-74.687599,0.35889825854354157,Not LSOG,0
NY,2019-2023,611077723126144,44.711756,-74.903853,0.8932141185242756,LS,6
NY,2019-2023,611077725126144,44.540035,-74.824455,0.41092347073227586,Not LSOG,1
NY,2019-2023,611077727126144,44.438123,-74.877023,0.8773849697853262,Transitioning LS,5
NY,2019-2023,611077728126144,44.645744,-75.152188,0.41092347073227586,Not LSOG,1
NY,2019-2023,611077729126144,44.448625,-75.421247,0.4513976092169017,Not LSOG,2
NY,2019-2023,611077730126144,44.340025,-74.984576,0.8217520793104077,Not LSOG,2
NY,2019-2023,611077731126144,44.25659,-75.036559,0.837273478312726,Not LSOG,3
NY,2019-2023,611077732126144,44.34132,-75.161941,0.8217520793104077,Not LSOG,2
NY,2019-2023,611077733126144,44.277271,-75.204177,0.35889825854354157,Not LSOG,0
NY,2019-2023,611077734126144,44.040037,-75.190878,0.7856458444806332,Not LSOG,2
NY,2019-2023,611077736126144,44.211715,-75.443945,0.7665729285029963,Not LSOG,1
NY,2019-2023,611077737126144,43.724632,-75.698124000000007,0.35889825854354157,Not LSOG,0
NY,2019-2023,611077738126144,43.884596,-75.255015,0.41092347073227586,Not LSOG,1
NY,2019-2023,611077740126144,44.306455,-75.849686,0.35889825854354157,Not LSOG,0
NY,2019-2023,611077741126144,43.819212,-75.501709,0.35889825854354157,Not LSOG,0
NY,2019-2023,611077742126144,43.597324,-75.468692,0.5900514209381034,Transitioning LS,4
NY,2019-2023,611077743126144,43.694361,-75.604443,0.7665729285029963,Not LSOG,1
NY,2019-2023,611077745126144,43.627653,-75.61361,0.7665729285029963,Not LSOG,1
NY,2019-2023,611077747126144,43.527942,-75.622316,0.7856458444806332,Not LSOG,2
NY,2019-2023,611077750126144,43.311393,-75.852651,0.7665729285029963,Not LSOG,1
NY,2019-2023,611077753126144,43.234349,-75.831034,0.7665729285029963,Not LSOG,1
NY,2019-2023,611077754126144,43.291117,-76.175412,0.4108345577109649,Not LSOG,2
NY,2019-2023,611077760126144,42.848941,-76.230869,0.3845374708426333,Not LSOG,1
NY,2019-2023,611077761126144,42.699243,-76.051089,0.7665729285029963,Not LSOG,1
NY,2019-2023,611077762126144,42.831572,-76.109874,0.4400532344947743,Not LSOG,1
NY,2019-2023,611077763126144,42.892865,-76.274932,0.8497828003418446,Transitioning LS,5
NY,2019-2023,611077764126144,42.661669,-76.255779,0.5728541659293535,LS,6
NY,2019-2023,611077765126144,42.572532,-76.144349,0.7665729285029963,Not LSOG,1
NY,2019-2023,611077766126144,42.491551,-76.174918,0.9528803994060211,Transitioning LS,4
NY,2019-2023,611077769126144,42.511148,-76.361863,0.8217520793104077,Not LSOG,2
NY,2019-2023,611077770126144,42.27633,-76.302848,0.35889825854354157,Not LSOG,0
NY,2019-2023,611077771126144,42.353586,-76.454109,0.8036176777332611,Not LSOG,2
NY,2019-2023,611077772126144,42.414525,-76.571492,0.4513976092169017,Not LSOG,2
NY,2019-2023,611077773126144,42.075289,-76.174976,0.49467189604198514,Not LSOG,3
NY,2019-2023,611077774126144,42.203268,-76.549464,0.7856458444806332,Not LSOG,2
NY,2019-2023,611077775126144,42.12307,-76.429287,0.8217520793104077,Not LSOG,2
NY,2019-2023,611077776126144,42.2201,-76.707273,0.478710635891324,Not LSOG,3
NY,2019-2023,611077777126144,44.935165,-74.932312,0.35889825854354157,Not LSOG,0
NY,2019-2023,611077780126144,44.713656,-75.117241,0.7665729285029963,Not LSOG,1
NY,2019-2023,611077783126144,44.500058,-75.244636,0.35889825854354157,Not LSOG,0
NY,2019-2023,611077785126144,44.451367,-75.464484,0.35889825854354157,Not LSOG,0
NY,2019-2023,611077786126144,44.362297,-75.337236,0.5495998874225577,Not LSOG,3
NY,2019-2023,611077788126144,44.523989,-75.677892,0.35889825854354157,Not LSOG,0
NY,2019-2023,611077789126144,44.302395,-75.567036,0.35889825854354157,Not LSOG,0
NY,2019-2023,611077790126144,44.389347,-75.685248,0.7665729285029963,Not LSOG,1
NY,2019-2023,611077791126144,44.070294,-75.567202,0.5198604916825833,Transitioning LS,4
NY,2019-2023,611077792126144,44.152726,-75.663718,0.35889825854354157,Not LSOG,0
NY,2019-2023,611077793126144,44.080754,-75.709573,0.4793620373024066,Transitioning LS,4
NY,2019-2023,611077795126144,43.923131,-75.628561,0.35889825854354157,Not LSOG,0
NY,2019-2023,611077796126144,43.944436,-75.973397,0.7665729285029963,Not LSOG,1
NY,2019-2023,611077798126144,43.63052,-75.819777,0.8706378973817701,LS,6
NY,2019-2023,611077799126144,43.719421,-75.970764,0.8359905191071977,Transitioning LS,4
NY,2019-2023,611077802126144,43.570983,-76.061682,0.7665729285029963,Not LSOG,1
NY,2019-2023,611077805126144,43.488337,-76.26116,0.8283792514818312,Not LSOG,3
NY,2019-2023,611077806126144,43.360707,-76.189018,0.8887543407188971,Transitioning LS,5
NY,2019-2023,611077807126144,43.264676,-76.064534,0.35889825854354157,Not LSOG,0
NY,2019-2023,611077810126144,43.103769,-76.319369,0.7665729285029963,Not LSOG,1
NY,2019-2023,611077811126144,43.033888,-76.208449,0.46726448961575995,Not LSOG,2
NY,2019-2023,611077814126144,43.068601,-76.547723,0.8287500171694346,Transitioning LS,4
NY,2019-2023,611077817126144,42.680078,-76.586441,0.35889825854354157,Not LSOG,0
NY,2019-2023,611077818126144,42.604637,-76.50109,0.46726448961575995,Not LSOG,2
NY,2019-2023,611077819126144,42.606629,-76.636635,0.8217520793104077,Not LSOG,2
NY,2019-2023,611077820126144,42.508141,-76.679741,0.7665729285029963,Not LSOG,1
NY,2019-2023,611077821126144,42.627799,-76.846487,0.35889825854354157,Not LSOG,0
NY,2019-2023,611077822126144,42.289143,-76.677387,0.7856458444806332,Not LSOG,2
NY,2019-2023,611077824126144,42.398621,-76.783142,0.9620784686830145,Not LSOG,3
NY,2019-2023,611077825126144,42.307399,-76.833806,0.9040626863231132,LS,6
NY,2019-2023,611077826126144,42.390449,-76.970807,0.803559701870338,Not LSOG,3
NY,2019-2023,611077828126144,42.139371,-76.760964,0.9679315627538535,Transitioning LS,4
NY,2019-2023,611077830126144,42.182766,-77.125539,0.4400532344947743,Not LSOG,1
NY,2019-2023,611077832126144,44.678738,-75.494639,0.35889825854354157,Not LSOG,0
NY,2019-2023,611077835126144,44.491685,-75.697246,0.35889825854354157,Not LSOG,0
NY,2019-2023,611077836126144,44.228063,-75.79508,0.35889825854354157,Not LSOG,0
NY,2019-2023,611077839126144,44.021687,-75.913657,0.35889825854354157,Not LSOG,0
NY,2019-2023,611077840126144,44.111805,-76.061294,0.7665729285029963,Not LSOG,1
NY,2019-2023,611077841126144,44.037481,-75.998247,0.35889825854354157,Not LSOG,0
NY,2019-2023,611077844126144,43.661046,-76.157832,0.7856458444806332,Not LSOG,2
NY,2019-2023,611077845126144,43.435331,-76.298851,0.7665729285029963,Not LSOG,1
NY,2019-2023,611077849126144,43.204907,-76.433479,0.3845374708426333,Not LSOG,1
NY,2019-2023,611077850126144,43.154496,-76.56317,0.35889825854354157,Not LSOG,0
NY,2019-2023,611077851126144,43.13684,-76.672318,0.4400532344947743,Not LSOG,1
NY,2019-2023,611077855126144,42.996447,-76.735705,0.4400532344947743,Not LSOG,1
NY,2019-2023,611077857126144,42.686873,-76.800711,0.35889825854354157,Not LSOG,0
NY,2019-2023,611077859126144,42.700449,-76.825752,0.5198604916825833,Transitioning LS,4
NY,2019-2023,611077861126144,42.624996,-77.1805,0.35889825854354157,Not LSOG,0
NY,2019-2023,611077862126144,42.549082,-77.043824,0.7665729285029963,Not LSOG,1
NY,2019-2023,611077863126144,42.329798,-77.02197,0.8121997785872084,Not LSOG,2
NY,2019-2023,611077864126144,42.401886,-77.156531,0.43774160768540166,Not LSOG,2
NY,2019-2023,611077865126144,42.326359,-77.183756,0.8194903573569606,Transitioning LS,4
NY,2019-2023,611077866126144,42.285376,-77.130238,0.5222030120440209,Not LSOG,3
NY,2019-2023,611077869126144,42.080492,-77.306564,0.478710635891324,Not LSOG,3
NY,2019-2023,611077870126144,42.039955,-77.376884,0.4400532344947743,Not LSOG,1
NY,2019-2023,611077871126144,44.267,-76.145543,0.35889825854354157,Not LSOG,0
NY,2019-2023,611077873126144,44.117293,-76.230983,0.3845374708426333,Not LSOG,1
NY,2019-2023,611077875126144,43.095272,-76.84333,0.42437430288596234,Not LSOG,1
NY,2019-2023,611077876126144,43.168055,-77.013381999999993,0.4400532344947743,Not LSOG,1
NY,2019-2023,611077879126144,42.806967,-77.196899,0.35889825854354157,Not LSOG,0
NY,2019-2023,611077885126144,42.476592,-76.914386,0.8121997785872084,Not LSOG,2
NY,2019-2023,611077886126144,42.500823,-77.21841,0.35889825854354157,Not LSOG,0
NY,2019-2023,611077889126144,42.412094,-77.305422,0.8639735902974572,Transitioning LS,5
NY,2019-2023,611077890126144,42.331639,-77.387732,0.35889825854354157,Not LSOG,0
NY,2019-2023,611077892126144,42.266732,-77.56019,0.35889825854354157,Not LSOG,0
NY,2019-2023,611077893126144,42.200802,-77.605598,0.7665729285029963,Not LSOG,1
NY,2019-2023,611077897126144,42.024613,-77.694499,0.8026725062172125,Not LSOG,3
NY,2019-2023,611077899126144,43.177151,-77.180462,0.35889825854354157,Not LSOG,0
NY,2019-2023,611077903126144,42.740727,-77.656193,0.8360408765445584,Not LSOG,3
NY,2019-2023,611077905126144,42.510122,-77.595566,0.803559701870338,Not LSOG,3
NY,2019-2023,611077907126144,42.430781,-77.656928,0.46726448961575995,Not LSOG,2
NY,2019-2023,611077908126144,42.354017,-77.68442,0.7856458444806332,Not LSOG,2
NY,2019-2023,611077909126144,42.226296,-78.135881,0.7856458444806332,Not LSOG,2
NY,2019-2023,611077910126144,42.146263,-77.827657,0.3845374708426333,Not LSOG,1
NY,2019-2023,611077911126144,42.057678,-77.858221,0.35889825854354157,Not LSOG,0
NY,2019-2023,611077912126144,43.250652,-77.310869,0.42437430288596234,Not LSOG,1
NY,2019-2023,611077917126144,42.971363,-77.659343,0.41092347073227586,Not LSOG,1
NY,2019-2023,611077924126144,42.682545,-77.862356,0.35889825854354157,Not LSOG,0
NY,2019-2023,611077928126144,42.518699,-77.948202,0.7665729285029963,Not LSOG,1
NY,2019-2023,611077929126144,42.445642,-77.824304,0.7665729285029963,Not LSOG,1
NY,2019-2023,611077931126144,42.380556,-78.052992,0.4793620373024066,Transitioning LS,4
NY,2019-2023,611077934126144,42.293271,-77.915368,0.41092347073227586,Not LSOG,1
NY,2019-2023,611077935126144,42.308091,-78.265992,0.9506528758763151,Not LSOG,2
NY,2019-2023,611077936126144,42.149946,-78.16432,0.4400532344947743,Not LSOG,1
NY,2019-2023,611077940126144,43.052993,-77.802873,0.35889825854354157,Not LSOG,0
NY,2019-2023,611077944126144,42.903599,-77.899527,0.5631593731919405,Transitioning LS,4
NY,2019-2023,611077949126144,42.585654,-78.150011,0.8516872467889065,Transitioning LS,4
NY,2019-2023,611077952126144,42.697602,-78.373533,0.35889825854354157,Not LSOG,0
NY,2019-2023,611077954126144,42.472435,-78.190136,0.7665729285029963,Not LSOG,1
NY,2019-2023,611077955126144,42.396241,-78.376831,0.35889825854354157,Not LSOG,0
NY,2019-2023,611077956126144,42.47688,-78.494436,0.7856458444806332,Not LSOG,2
NY,2019-2023,611077959126144,42.023451,-79.034409,0.7856458444806332,Not LSOG,2
NY,2019-2023,611077962126144,42.143586,-78.460462,0.9555569551505428,Not LSOG,3
NY,2019-2023,611077963126144,42.114946,-78.549805,0.8217520793104077,Not LSOG,2
NY,2019-2023,611077964126144,42.007888,-78.423887,0.8217520793104077,Not LSOG,2
NY,2019-2023,611077965126144,42.043282,-78.763168,0.8986139623224858,LS,7
NY,2019-2023,611077966126144,43.241602,-78.049889,0.35889825854354157,Not LSOG,0
NY,2019-2023,611077967126144,43.303936,-78.028668,0.35889825854354157,Not LSOG,0
NY,2019-2023,611077974126144,42.779343,-78.319664,0.7665729285029963,Not LSOG,1
NY,2019-2023,611077977126144,42.64045,-78.595442,0.3845374708426333,Not LSOG,1
NY,2019-2023,611077978126144,42.695338,-78.485311,0.8102465330665507,Transitioning LS,5
NY,2019-2023,611077979126144,42.325181,-78.591686,0.7665729285029963,Not LSOG,1
NY,2019-2023,611077981126144,42.332828,-78.758022,0.35889825854354157,Not LSOG,0
NY,2019-2023,611077982126144,42.167554,-78.68503,0.35889825854354157,Not LSOG,0
NY,2019-2023,611077985126144,43.310726,-78.507206,0.35889825854354157,Not LSOG,0
NY,2019-2023,611077986126144,43.093271,-78.484284,0.4634417240017915,Transitioning LS,4
NY,2019-2023,611077988126144,43.021101,-78.523259,0.35889825854354157,Not LSOG,0
NY,2019-2023,611078002126144,42.429778,-79.043545,0.5085895169837219,Not LSOG,2
NY,2019-2023,611078004126144,42.40169,-78.881611,0.8949916030871414,Transitioning LS,4
NY,2019-2023,611078005126144,42.358012,-79.125408,0.7665729285029963,Not LSOG,1
NY,2019-2023,611078006126144,42.186766,-79.043295,0.3845374708426333,Not LSOG,1
NY,2019-2023,611078007126144,42.250549,-79.142437,0.35889825854354157,Not LSOG,0
NY,2019-2023,611078010126144,42.051765,-79.295266,0.4400532344947743,Not LSOG,1
NY,2019-2023,611078015126144,42.428221,-79.230088,0.7665729285029963,Not LSOG,1
NY,2019-2023,611078017126144,42.221938,-79.345913,0.7665729285029963,Not LSOG,1
NY,2019-2023,611078018126144,42.132358,-79.407989,0.5359821513544414,Not LSOG,3
NY,2019-2023,611078019126144,42.145441,-79.56322,0.8203730008193644,Not LSOG,3
NY,2019-2023,611078024126144,42.294073,-79.476171,0.41092347073227586,Not LSOG,1
NY,2019-2023,611078025126144,42.219974,-79.688581,0.7665729285029963,Not LSOG,1
NY,2019-2023,611078026126144,42.160172,-79.733071,0.7856458444806332,Not LSOG,2
NY,2019-2023,611078027126144,42.070244,-79.600263,0.41092347073227586,Not LSOG,1
NY,2019-2023,724936867290487,42.349592,-76.407828,0.46726448961575995,Not LSOG,2
NY,2019-2023,724936870290487,43.14467,-74.478239,0.837273478312726,Not LSOG,3
NY,2019-2023,724936874290487,43.100718,-78.448724,0.7665729285029963,Not LSOG,1
NY,2019-2023,724936880290487,42.673246,-77.26477,0.35889825854354157,Not LSOG,0
NY,2019-2023,724936881290487,42.279125,-77.318104,0.8360408765445584,Not LSOG,3
NY,2019-2023,724936882290487,42.125195,-77.90368,0.7665729285029963,Not LSOG,1
NY,2019-2023,724936884290487,43.400761,-74.814298,0.837273478312726,Not LSOG,3
NY,2019-2023,724936885290487,42.765414,-75.41279,0.850544335856705,Transitioning LS,4
NY,2019-2023,724936886290487,43.324921,-75.450202,0.49476371628767646,Not LSOG,2
NY,2019-2023,724936889290487,42.075593,-74.262244,0.837273478312726,Not LSOG,3
NY,2019-2023,724936890290487,41.554017,-74.446906,0.8203730008193644,Not LSOG,3
NY,2019-2023,724936892290487,41.488607,-73.943387,0.7856458444806332,Not LSOG,2
NY,2019-2023,724936894290487,42.562686,-78.251405,0.35889825854354157,Not LSOG,0
NY,2019-2023,724936900290487,42.22643,-76.472448,0.35889825854354157,Not LSOG,0
NY,2019-2023,724936902290487,44.579259,-73.686351,0.8887543407188971,Transitioning LS,5
NY,2019-2023,724936903290487,44.270159,-73.869441,0.6031690171837039,Transitioning LS,5
NY,2019-2023,724936904290487,43.965568,-74.071541,0.8706378973817701,LS,6
NY,2019-2023,724936905290487,43.725314,-74.070105,0.49241742946031425,Not LSOG,3
NY,2019-2023,724936906290487,43.378502,-74.514588,0.8516872467889065,Transitioning LS,4
NY,2019-2023,724936910290487,42.950064,-77.178087,0.3845374708426333,Not LSOG,1
NY,2019-2023,724936911290487,41.480134,-73.583165,0.8980680068519592,OG,8
NY,2019-2023,724936914290487,43.253696,-76.582841,0.35889825854354157,Not LSOG,0
NY,2019-2023,724936917290487,44.030421,-74.788676,0.8036176777332611,Not LSOG,2
NY,2019-2023,724936918290487,44.239001,-74.971342,0.8437778978471661,Transitioning LS,5
NY,2019-2023,724936919290487,44.133038,-74.913435,0.7856458444806332,Not LSOG,2
NY,2019-2023,724936920290487,43.817189,-75.112149,0.8650729822216768,Transitioning LS,4
NY,2019-2023,724936921290487,43.257906,-75.492494,0.8639735902974572,Transitioning LS,5
NY,2019-2023,724936922290487,44.868749,-73.815638,0.7856458444806332,Not LSOG,2
NY,2019-2023,724936923290487,43.934878,-74.311556,0.6313214644452613,Transitioning LS,5
NY,2019-2023,724936926290487,42.812897,-74.13492,0.5495089589388706,Transitioning LS,4
NY,2019-2023,724936929290487,42.26412,-78.087787,0.837273478312726,Not LSOG,3
NY,2019-2023,724936931290487,44.325092,-75.52208,0.35889825854354157,Not LSOG,0
NY,2019-2023,724936936290487,44.234214,-73.542593,0.7665729285029963,Not LSOG,1
NY,2019-2023,724936939290487,42.453861,-79.00144,0.35889825854354157,Not LSOG,0
NY,2019-2023,724936942290487,42.743538,-78.32617,0.3845374708426333,Not LSOG,1
NY,2019-2023,724936943290487,42.49706,-78.280606,0.35889825854354157,Not LSOG,0
NY,2019-2023,724936944290487,42.313699,-78.168744,0.7665729285029963,Not LSOG,1
NY,2019-2023,724936945290487,42.463988,-78.35643,0.35889825854354157,Not LSOG,0
NY,2019-2023,724936947290487,42.356879,-78.357971,0.5222030120440209,Not LSOG,3
NY,2019-2023,724936948290487,42.268512,-78.39588,0.7665729285029963,Not LSOG,1
NY,2019-2023,724936949290487,42.1592,-78.10144,0.4513976092169017,Not LSOG,2
NY,2019-2023,724936950290487,42.088703,-78.325706,0.46726448961575995,Not LSOG,2
NY,2019-2023,724936952290487,42.059852,-77.460855,0.35889825854354157,Not LSOG,0
NY,2019-2023,724936953290487,42.070366,-77.61173,0.3845374708426333,Not LSOG,1
NY,2019-2023,724936958290487,42.862606,-78.214576,0.35889825854354157,Not LSOG,0
NY,2019-2023,724936961290487,42.914208,-78.585114,0.35889825854354157,Not LSOG,0
NY,2019-2023,724936962290487,42.74086,-78.499862,0.5480286265220771,Transitioning LS,5
NY,2019-2023,724936966290487,42.613461,-78.69736,0.7937054414308683,Transitioning LS,4
NY,2019-2023,724936968290487,42.705528,-77.789167,0.35889825854354157,Not LSOG,0
NY,2019-2023,724936969290487,42.622998,-77.836624,0.35889825854354157,Not LSOG,0
NY,2019-2023,724936970290487,42.540263,-78.015035,0.4400532344947743,Not LSOG,1
NY,2019-2023,724936972290487,42.076755,-77.817197,0.7665729285029963,Not LSOG,1
NY,2019-2023,724936976290487,43.164481,-76.829901,0.35889825854354157,Not LSOG,0
NY,2019-2023,724936977290487,43.195579,-76.98152,0.7665729285029963,Not LSOG,1
NY,2019-2023,724936980290487,42.964961,-77.087673,0.35889825854354157,Not LSOG,0
NY,2019-2023,724936982290487,43.128852,-77.193936,0.8036176777332611,Not LSOG,2
NY,2019-2023,724936987290487,42.914001,-77.503039,0.8585830515288004,Not LSOG,3
NY,2019-2023,724936988290487,44.286254,-76.113452,0.532808571397492,LS,6
NY,2019-2023,724936990290487,42.025239,-78.199675,0.8102465330665507,Transitioning LS,5
NY,2019-2023,724936991290487,42.035391,-78.347387,0.8036176777332611,Not LSOG,2
NY,2019-2023,724936992290487,42.68586,-77.435469,0.35889825854354157,Not LSOG,0
NY,2019-2023,724936994290487,42.694735,-77.654556,0.46726448961575995,Not LSOG,2
NY,2019-2023,724936995290487,42.55337,-77.56727,0.3845374708426333,Not LSOG,1
NY,2019-2023,724936997290487,42.469769,-77.736671,0.837273478312726,Not LSOG,3
NY,2019-2023,724936999290487,42.323349,-77.712405,0.8359905191071977,Transitioning LS,4
NY,2019-2023,724937000290487,42.316622,-77.839147,0.5359821513544414,Not LSOG,3
NY,2019-2023,724937007290487,42.085871,-79.567682,0.7665729285029963,Not LSOG,1
NY,2019-2023,724937011290487,42.178397,-79.517775,0.7665729285029963,Not LSOG,1
NY,2019-2023,724937013290487,42.383746,-78.526829,0.7665729285029963,Not LSOG,1
NY,2019-2023,724937016290487,42.128366,-78.641515,0.9675332838839837,LS,7
NY,2019-2023,724937017290487,42.22533,-78.779374,0.8437778978471661,Transitioning LS,5
NY,2019-2023,724937018290487,42.137634,-78.803902,0.9600082850070001,Not LSOG,3
NY,2019-2023,724937019290487,42.30071,-79.063471,0.7665729285029963,Not LSOG,1
NY,2019-2023,724937020290487,42.108573,-79.025011,0.35889825854354157,Not LSOG,0
NY,2019-2023,724937021290487,42.281157,-79.23662,0.8283792514818312,Not LSOG,3
NY,2019-2023,724937023290487,43.254042,-77.975408,0.8360408765445584,Not LSOG,3
NY,2019-2023,724937027290487,43.084034,-78.102163,0.4771114668158378,Transitioning LS,4
NY,2019-2023,724937028290487,42.066772,-78.718026,0.8643736713214049,Transitioning LS,5
NY,2019-2023,724937031290487,43.291083,-78.357274,0.7665729285029963,Not LSOG,1
NY,2019-2023,724937033290487,43.25212,-79.010533,0.5337382696239832,Not LSOG,3
NY,2019-2023,724937036290487,43.288478,-78.699624,0.35889825854354157,Not LSOG,0
NY,2019-2023,724937037290487,43.2228,-78.732111,0.35889825854354157,Not LSOG,0
NY,2019-2023,724937038290487,43.213676,-78.950221,0.35889825854354157,Not LSOG,0
NY,2019-2023,724937046290487,42.765529,-78.826863,0.46501998657175836,Not LSOG,2
NY,2019-2023,724937048290487,42.595579,-78.945183,0.35889825854354157,Not LSOG,0
NY,2019-2023,724937049290487,42.388655,-78.884006,0.8217520793104077,Not LSOG,2
NY,2019-2023,724937051290487,42.744194,-77.254678,0.7665729285029963,Not LSOG,1
NY,2019-2023,724937052290487,42.489099,-77.245994,0.837273478312726,Not LSOG,3
NY,2019-2023,724937053290487,42.525158,-77.377731,0.7665729285029963,Not LSOG,1
NY,2019-2023,724937054290487,42.468737,-77.427757,0.42437430288596234,Not LSOG,1
NY,2019-2023,724937055290487,43.1666,-77.856753,0.35889825854354157,Not LSOG,0
NY,2019-2023,724937058290487,43.248588,-77.802717,0.35889825854354157,Not LSOG,0
NY,2019-2023,724937059290487,43.005937,-77.810354,0.7665729285029963,Not LSOG,1
NY,2019-2023,724937066290487,42.72432,-78.148183,0.7665729285029963,Not LSOG,1
NY,2019-2023,724937067290487,42.625683,-78.038793,0.8217520793104077,Not LSOG,2
NY,2019-2023,724937070290487,42.633187,-75.517295,0.8713992043411672,Transitioning LS,4
NY,2019-2023,724937071290487,42.739044,-75.648376,0.37013950461999845,Not LSOG,2
NY,2019-2023,724937072290487,42.650427,-75.721569,0.84343352165335,Transitioning LS,4
NY,2019-2023,724937073290487,42.552931,-75.771149,0.3845374708426333,Not LSOG,1
NY,2019-2023,724937075290487,42.429189,-75.836452,0.8516872467889065,Transitioning LS,4
NY,2019-2023,724937076290487,44.534679,-74.277959,0.8217520793104077,Not LSOG,2
NY,2019-2023,724937077290487,44.612422,-74.376148,0.8713992043411672,Transitioning LS,4
NY,2019-2023,724937078290487,44.566196,-74.374111,0.7665729285029963,Not LSOG,1
NY,2019-2023,724937079290487,44.389961,-74.355077,0.8203730008193644,Not LSOG,3
NY,2019-2023,724937080290487,44.417892,-74.500858,0.35889825854354157,Not LSOG,0
NY,2019-2023,724937082290487,44.180667,-74.482619,0.7856458444806332,Not LSOG,2
NY,2019-2023,724937083290487,44.089464,-74.580574,0.837273478312726,Not LSOG,3
NY,2019-2023,724937085290487,42.781952,-74.532761,0.7665729285029963,Not LSOG,1
NY,2019-2023,724937086290487,42.723597,-74.782746,0.5480286265220771,Transitioning LS,5
NY,2019-2023,724937088290487,42.491613,-74.742443,0.8036176777332611,Not LSOG,2
NY,2019-2023,724937091290487,44.474907,-73.563115,0.7665729285029963,Not LSOG,1
NY,2019-2023,724937092290487,44.380252,-73.588654,0.7665729285029963,Not LSOG,1
NY,2019-2023,724937093290487,44.149647,-73.597769,0.8360408765445584,Not LSOG,3
NY,2019-2023,724937094290487,44.086205,-73.616947,0.8650729822216768,Transitioning LS,4
NY,2019-2023,724937095290487,43.214616,-74.080309,0.4400532344947743,Not LSOG,1
NY,2019-2023,724937096290487,43.120312,-74.120349,0.8650729822216768,Transitioning LS,4
NY,2019-2023,724937097290487,43.062051,-73.978842,0.84343352165335,Transitioning LS,4
NY,2019-2023,724937098290487,42.916343,-74.098783,0.5085895169837219,Not LSOG,2
NY,2019-2023,724937101290487,42.762609,-74.183824,0.35889825854354157,Not LSOG,0
NY,2019-2023,724937102290487,42.835036,-74.324858,0.4108345577109649,Not LSOG,2
NY,2019-2023,724937104290487,42.632102,-74.282012,0.837273478312726,Not LSOG,3
NY,2019-2023,724937105290487,42.522711,-74.323846,0.5222030120440209,Not LSOG,3
NY,2019-2023,724937106290487,42.304825,-73.564092,0.5207112134817811,Transitioning LS,4
NY,2019-2023,724937108290487,42.167191,-73.68001,0.8121997785872084,Not LSOG,2
NY,2019-2023,724937109290487,42.084672,-73.542076,0.35889825854354157,Not LSOG,0
NY,2019-2023,724937111290487,42.010942,-73.821495,0.8360408765445584,Not LSOG,3
NY,2019-2023,724937112290487,41.790999,-73.783306,0.7665729285029963,Not LSOG,1
NY,2019-2023,724937113290487,41.877438,-73.879529,0.9555569551505428,Not LSOG,3
NY,2019-2023,724937114290487,41.952935,-73.899465,0.6003036749030327,LS,7
NY,2019-2023,724937115290487,41.970262,-74.020147,0.851733639467944,Not LSOG,3
NY,2019-2023,724937116290487,42.749869,-74.981217,0.5359821513544414,Not LSOG,3
NY,2019-2023,724937118290487,43.974932,-73.839169,0.8887543407188971,Transitioning LS,5
NY,2019-2023,724937121290487,43.657913,-73.93971,0.8036176777332611,Not LSOG,2
NY,2019-2023,724937122290487,43.576417,-74.024118,0.8217520793104077,Not LSOG,2
NY,2019-2023,724937124290487,42.500225,-73.802554,0.4400532344947743,Not LSOG,1
NY,2019-2023,724937127290487,42.337793,-73.762423,0.850544335856705,Transitioning LS,4
NY,2019-2023,724937129290487,42.38795,-73.947457,0.5631593731919405,Transitioning LS,4
NY,2019-2023,724937130290487,42.333501,-73.911765,0.4400532344947743,Not LSOG,1
NY,2019-2023,724937131290487,42.281427,-73.949245,0.35889825854354157,Not LSOG,0
NY,2019-2023,724937133290487,42.116696,-73.888786,0.7665729285029963,Not LSOG,1
NY,2019-2023,724937134290487,42.042949,-73.978285,0.35889825854354157,Not LSOG,0
NY,2019-2023,724937135290487,42.092562,-74.049497,0.8203730008193644,Not LSOG,3
NY,2019-2023,724937140290487,41.48867,-74.122827,0.8036176777332611,Not LSOG,2
NY,2019-2023,724937141290487,41.351642,-74.053311,0.8713992043411672,Transitioning LS,4
NY,2019-2023,724937143290487,41.523052,-74.303569,0.35889825854354157,Not LSOG,0
NY,2019-2023,724937147290487,42.649658,-74.047071,0.5480286265220771,Transitioning LS,5
NY,2019-2023,724937150290487,42.451703,-74.205156,0.8767403783002027,LS,6
NY,2019-2023,724937151290487,42.266401,-74.153746,0.8773849697853262,Transitioning LS,5
NY,2019-2023,724937152290487,42.231725,-74.355656,0.35889825854354157,Not LSOG,0
NY,2019-2023,724937153290487,42.002253,-74.33368,0.869963093237691,LS,7
NY,2019-2023,724937154290487,42.121146,-74.253931,0.8650729822216768,Transitioning LS,4
NY,2019-2023,724937156290487,41.808026,-74.102986,0.9802101279543639,LS,6
NY,2019-2023,724937157290487,41.899013,-74.210707,0.8203730008193644,Not LSOG,3
NY,2019-2023,724937158290487,41.761391,-74.331456,0.4400532344947743,Not LSOG,1
NY,2019-2023,724937160290487,41.681825,-74.370162,0.8585830515288004,Not LSOG,3
NY,2019-2023,724937161290487,41.630879,-74.409713,0.8767403783002027,LS,6
NY,2019-2023,724937162290487,41.521517,-74.798879,0.8194903573569606,Transitioning LS,4
NY,2019-2023,724937164290487,41.478937,-74.63977,0.9506528758763151,Not LSOG,2
NY,2019-2023,724937168290487,42.839135,-73.396773,0.7665729285029963,Not LSOG,1
NY,2019-2023,724937169290487,42.674581,-73.317905,0.837273478312726,Not LSOG,3
NY,2019-2023,724937171290487,42.533612,-73.41974,0.7665729285029963,Not LSOG,1
NY,2019-2023,724937172290487,42.622073,-73.448871,0.8516872467889065,Transitioning LS,4
NY,2019-2023,724937173290487,42.462357,-73.46711,0.7856458444806332,Not LSOG,2
NY,2019-2023,724937174290487,42.097365,-74.447285,0.8283792514818312,Not LSOG,3
NY,2019-2023,724937175290487,42.014419,-74.487007,0.837273478312726,Not LSOG,3
NY,2019-2023,724937176290487,41.897135,-74.448931,0.8574394937862068,Transitioning LS,4
NY,2019-2023,724937177290487,41.762322,-74.507063,0.8767403783002027,LS,6
NY,2019-2023,724937184290487,43.49682,-73.317628,0.8426911563722582,Transitioning LS,4
NY,2019-2023,724937186290487,42.91001,-73.353639,0.7665729285029963,Not LSOG,1
NY,2019-2023,724937190290487,42.713057,-73.685951,0.35889825854354157,Not LSOG,0
NY,2019-2023,724937191290487,42.783287,-73.769255,0.7665729285029963,Not LSOG,1
NY,2019-2023,724937192290487,42.534294,-73.630368,0.35889825854354157,Not LSOG,0
NY,2019-2023,724937193290487,42.702308,-76.576314,0.35889825854354157,Not LSOG,0
NY,2019-2023,724937201290487,42.102865,-76.922724,0.5788099402321573,Transitioning LS,4
NY,2019-2023,724937204290487,42.200089,-76.884036,0.42437430288596234,Not LSOG,1
NY,2019-2023,724937205290487,42.209197,-76.964344,0.35889825854354157,Not LSOG,0
NY,2019-2023,724937206290487,42.209347,-77.075002,0.7856458444806332,Not LSOG,2
NY,2019-2023,724937207290487,44.231365,-75.367686,0.8887543407188971,Transitioning LS,5
NY,2019-2023,724937208290487,44.434104,-75.641178,0.35889825854354157,Not LSOG,0
NY,2019-2023,724937209290487,44.266631,-75.568363,0.5359821513544414,Not LSOG,3
NY,2019-2023,724937211290487,44.089339,-75.492664,0.7856458444806332,Not LSOG,2
NY,2019-2023,724937219290487,44.173382,-74.701833,0.8359905191071977,Transitioning LS,4
NY,2019-2023,724937220290487,43.934552,-74.66631,0.837273478312726,Not LSOG,3
NY,2019-2023,724937221290487,43.896969,-74.900023,0.837273478312726,Not LSOG,3
NY,2019-2023,724937222290487,43.656141,-74.863738,0.851733639467944,Not LSOG,3
NY,2019-2023,724937223290487,43.7004,-74.870583,0.837273478312726,Not LSOG,3
NY,2019-2023,724937224290487,43.680508,-75.049491,0.7856458444806332,Not LSOG,2
NY,2019-2023,724937226290487,42.99751,-76.712763,0.8506457868218558,Not LSOG,3
NY,2019-2023,724937227290487,42.949743,-76.761551,0.41092347073227586,Not LSOG,1
NY,2019-2023,724937232290487,42.545442,-76.811858,0.35889825854354157,Not LSOG,0
NY,2019-2023,724937234290487,42.597389,-77.001044,0.35889825854354157,Not LSOG,0
NY,2019-2023,724937235290487,43.795828,-75.708312,0.8265583482610793,LS,6
NY,2019-2023,724937236290487,43.881718,-75.803602,0.7665729285029963,Not LSOG,1
NY,2019-2023,724937239290487,42.107173,-75.713237,0.8585830515288004,Not LSOG,3
NY,2019-2023,724937240290487,42.04714,-75.923724000000007,0.35889825854354157,Not LSOG,0
NY,2019-2023,724937241290487,44.939495,-74.324875,0.8121997785872084,Not LSOG,2
NY,2019-2023,724937243290487,44.958213,-74.540067,0.7665729285029963,Not LSOG,1
NY,2019-2023,724937245290487,44.79069,-74.615989,0.3845374708426333,Not LSOG,1
NY,2019-2023,724937247290487,44.727296,-74.682736,0.4649286067077748,Not LSOG,3
NY,2019-2023,724937251290487,43.614551,-75.645883,0.7665729285029963,Not LSOG,1
NY,2019-2023,724937252290487,43.591531,-75.995555,0.7856458444806332,Not LSOG,2
NY,2019-2023,724937254290487,43.373391,-75.957433,0.837273478312726,Not LSOG,3
NY,2019-2023,724937257290487,43.115344,-76.09789,0.7856458444806332,Not LSOG,2
NY,2019-2023,724937263290487,43.242687,-76.4082,0.3845374708426333,Not LSOG,1
NY,2019-2023,724937264290487,43.170825,-76.622739,0.46501998657175836,Not LSOG,2
NY,2019-2023,724937265290487,43.270695,-76.750254,0.7665729285029963,Not LSOG,1
NY,2019-2023,724937270290487,42.465147,-75.303447,0.35889825854354157,Not LSOG,0
NY,2019-2023,724937271290487,42.682939,-75.361519,0.35889825854354157,Not LSOG,0
NY,2019-2023,724937272290487,42.228586,-75.444113,0.8980680068519592,OG,8
NY,2019-2023,724937273290487,42.166974,-75.486556,0.35889825854354157,Not LSOG,0
NY,2019-2023,724937274290487,44.686352,-74.158472,0.8359905191071977,Transitioning LS,4
NY,2019-2023,724937275290487,44.41193,-73.948425,0.851733639467944,Not LSOG,3
NY,2019-2023,724937276290487,44.360075,-74.008814,0.878391225261428,Transitioning LS,4
NY,2019-2023,724937277290487,44.489762,-74.175011,0.519019761244503,LS,6
NY,2019-2023,724937278290487,44.427248,-74.155006,0.8773849697853262,Transitioning LS,5
NY,2019-2023,724937279290487,44.451798,-74.334189,0.7665729285029963,Not LSOG,1
NY,2019-2023,724937280290487,44.309541,-74.217504,0.8585830515288004,Not LSOG,3
NY,2019-2023,724937281290487,44.214576,-74.120858,0.8834808305430103,LS,6
NY,2019-2023,724937282290487,44.139687,-74.324295,0.8988515217674883,OG,8
NY,2019-2023,724937289290487,42.173455,-76.736592,0.35889825854354157,Not LSOG,0
NY,2019-2023,724937290290487,44.144714,-75.107571,0.851733639467944,Not LSOG,3
NY,2019-2023,724937292290487,43.98561,-75.007698,0.6185459427878641,Transitioning LS,4
NY,2019-2023,724937294290487,45.000977,-73.872651,0.8203730008193644,Not LSOG,3
NY,2019-2023,724937295290487,44.807717,-74.064949,0.8217520793104077,Not LSOG,2
NY,2019-2023,724937296290487,44.938014,-74.165628,0.35889825854354157,Not LSOG,0
NY,2019-2023,724937298290487,44.785921,-74.230593,0.8217520793104077,Not LSOG,2
NY,2019-2023,724937299290487,42.58397,-77.16026,0.42437430288596234,Not LSOG,1
NY,2019-2023,724937300290487,42.365006,-76.945112,0.7665729285029963,Not LSOG,1
NY,2019-2023,724937301290487,44.076282,-75.143918,0.7856458444806332,Not LSOG,2
NY,2019-2023,724937302290487,44.034963,-75.132291,0.850544335856705,Transitioning LS,4
NY,2019-2023,724937304290487,43.938863,-75.23356,0.8832118616472985,Transitioning LS,5
NY,2019-2023,724937305290487,43.771496,-75.137272,0.7856458444806332,Not LSOG,2
NY,2019-2023,724937306290487,43.683241,-75.228426,0.8036176777332611,Not LSOG,2
NY,2019-2023,724937307290487,43.761975,-75.338631,0.5617785483032538,Transitioning LS,4
NY,2019-2023,724937308290487,43.620045,-75.243248,0.8194903573569606,Transitioning LS,4
NY,2019-2023,724937313290487,42.768426,-76.192936,0.8121997785872084,Not LSOG,2
NY,2019-2023,724937314290487,42.681952,-76.195615,0.35889825854354157,Not LSOG,0
NY,2019-2023,724937316290487,42.449071000000004,-76.363574,0.8986139623224858,LS,7
NY,2019-2023,724937320290487,44.392416,-75.284034,0.7665729285029963,Not LSOG,1
NY,2019-2023,724937321290487,44.313143,-75.13702,0.8217520793104077,Not LSOG,2
NY,2019-2023,724937322290487,44.765827,-74.775368,0.837273478312726,Not LSOG,3
NY,2019-2023,724937323290487,42.297358,-77.159675,0.5222030120440209,Not LSOG,3
NY,2019-2023,724937324290487,42.378052,-77.27716,0.8283792514818312,Not LSOG,3
NY,2019-2023,724937325290487,42.222377,-77.227857,0.7665729285029963,Not LSOG,1
NY,2019-2023,724937326290487,42.028801,-77.151154,0.9139153475427885,LS,6
NY,2019-2023,724937328290487,43.923613,-75.715274,0.35889825854354157,Not LSOG,0
NY,2019-2023,724937331290487,43.827226,-76.216214,0.35889825854354157,Not LSOG,0
NY,2019-2023,724937332290487,43.667794,-76.113861,0.8567071728028854,Transitioning LS,5
NY,2019-2023,724937336290487,43.356136,-74.69075,0.8928924427031723,OG,8
NY,2019-2023,724937337290487,43.253546,-74.747535,0.8832118616472985,Transitioning LS,5
NY,2019-2023,724937338290487,43.26629,-74.904354,0.850544335856705,Transitioning LS,4
NY,2019-2023,724937339290487,43.375582,-75.030742,0.850544335856705,Transitioning LS,4
NY,2019-2023,724937340290487,43.112201,-74.834725,0.35889825854354157,Not LSOG,0
NY,2019-2023,724937341290487,43.047504000000004,-74.91469,0.41092347073227586,Not LSOG,1
NY,2019-2023,724937342290487,43.178431,-75.044877,0.5359821513544414,Not LSOG,3
NY,2019-2023,724937345290487,42.895076,-74.978996,0.803559701870338,Not LSOG,3
NY,2019-2023,724937346290487,42.358135,-75.914651,0.7856458444806332,Not LSOG,2
NY,2019-2023,724937348290487,42.282344,-75.944938,0.35889825854354157,Not LSOG,0
NY,2019-2023,724937349290487,42.209014,-76.005895,0.44824105767022676,Transitioning LS,5
NY,2019-2023,724937350290487,44.075083,-74.414717,0.7665729285029963,Not LSOG,1
NY,2019-2023,724937353290487,44.707975,-74.981797,0.8359905191071977,Transitioning LS,4
NY,2019-2023,724937354290487,44.769191,-75.211624,0.35889825854354157,Not LSOG,0
NY,2019-2023,724937357290487,44.519478,-75.179332,0.8036176777332611,Not LSOG,2
NY,2019-2023,724937359290487,44.425941,-75.110005,0.7665729285029963,Not LSOG,1
NY,2019-2023,724937361290487,42.778609,-75.772205,0.7665729285029963,Not LSOG,1
NY,2019-2023,724937362290487,44.70588,-75.434956,0.35889825854354157,Not LSOG,0
NY,2019-2023,724937366290487,44.341502,-75.884339,0.35889825854354157,Not LSOG,0
NY,2019-2023,724937368290487,44.224473,-75.947161,0.35889825854354157,Not LSOG,0
NY,2019-2023,724937370290487,44.010385,-74.455264,0.837273478312726,Not LSOG,3
NY,2019-2023,724937372290487,43.84872,-74.518915,0.8774244810210192,Transitioning LS,4
NY,2019-2023,724937373290487,43.784584,-74.397043,0.43774160768540166,Not LSOG,2
NY,2019-2023,724937374290487,43.690467,-74.446622,0.46726448961575995,Not LSOG,2
NY,2019-2023,724937375290487,43.856773,-74.594057,0.8773849697853262,Transitioning LS,5
NY,2019-2023,724937376290487,43.795429,-74.584739,0.8887543407188971,Transitioning LS,5
NY,2019-2023,724937377290487,43.72376,-74.659533,0.8577582585660947,Transitioning LS,5
NY,2019-2023,724937378290487,43.791806,-74.765349,0.878391225261428,Transitioning LS,4
NY,2019-2023,724937379290487,43.661654,-74.673485,0.803559701870338,Not LSOG,3
NY,2019-2023,724937380290487,43.491354,-74.607899,0.837273478312726,Not LSOG,3
NY,2019-2023,724937381290487,43.564665,-74.74626,0.8650729822216768,Transitioning LS,4
NY,2019-2023,724937383290487,42.719166,-75.843971,0.7856458444806332,Not LSOG,2
NY,2019-2023,724937385290487,42.763308,-76.008774,0.8203730008193644,Not LSOG,3
NY,2019-2023,724937386290487,42.58604,-75.90659,0.7856458444806332,Not LSOG,2
NY,2019-2023,724937388290487,42.568904,-76.063308,0.35889825854354157,Not LSOG,0
NY,2019-2023,724937390290487,42.425765,-76.179708,0.8713992043411672,Transitioning LS,4
NY,2019-2023,724937391290487,42.383252,-76.259877,0.8217520793104077,Not LSOG,2
NY,2019-2023,724937393290487,44.563919,-74.792145,0.8217520793104077,Not LSOG,2
NY,2019-2023,724937394290487,44.417647,-74.714288,0.837273478312726,Not LSOG,3
NY,2019-2023,724937395290487,44.522978,-74.800218,0.7665729285029963,Not LSOG,1
NY,2019-2023,724937396290487,44.248905,-74.867037,0.7665729285029963,Not LSOG,1
NY,2019-2023,724937397290487,44.192883,-74.860655,0.8650729822216768,Transitioning LS,4
NY,2019-2023,724937398290487,44.227528,-75.053762,0.8650729822216768,Transitioning LS,4
NY,2019-2023,724937401290487,43.346249,-75.800289,0.8566091450818815,LS,6
NY,2019-2023,724937402290487,43.276599,-75.848589,0.7665729285029963,Not LSOG,1
NY,2019-2023,724937405290487,43.174291,-76.295015,0.41092347073227586,Not LSOG,1
NY,2019-2023,724937406290487,43.06805,-76.339567,0.35889825854354157,Not LSOG,0
NY,2019-2023,724937407290487,42.905927,-76.274207,0.3845374708426333,Not LSOG,1
NY,2019-2023,724937411290487,42.759185,-76.362034,0.3845374708426333,Not LSOG,1
NY,2019-2023,724937412290487,42.688374,-76.376774,0.7665729285029963,Not LSOG,1
NY,2019-2023,724937414290487,44.181739,-75.446887,0.8217520793104077,Not LSOG,2
NY,2019-2023,724937415290487,42.533377,-75.046348,0.7665729285029963,Not LSOG,1
NY,2019-2023,724937416290487,42.442763,-74.930663,0.42437430288596234,Not LSOG,1
NY,2019-2023,724937417290487,42.319624,-74.870523,0.7665729285029963,Not LSOG,1
NY,2019-2023,724937420290487,42.118564,-75.175193,0.8585830515288004,Not LSOG,3
NY,2019-2023,724937422290487,42.140075,-75.315502,0.837273478312726,Not LSOG,3
NY,2019-2023,724937424290487,42.105191,-75.504127,0.8767403783002027,LS,6
NY,2019-2023,724937425290487,44.164158,-73.740827,0.4400532344947743,Not LSOG,1
NY,2019-2023,724937426290487,44.290118,-74.058641,0.5877789592261912,Transitioning LS,5
NY,2019-2023,724937427290487,44.14337,-73.967426,0.7665729285029963,Not LSOG,1
NY,2019-2023,724937428290487,43.9796,-73.89704,0.7856458444806332,Not LSOG,2
NY,2019-2023,724937429290487,44.066169,-74.023514,0.8887543407188971,Transitioning LS,5
NY,2019-2023,724937430290487,43.893091,-73.960559,0.5198604916825833,Transitioning LS,4
NY,2019-2023,724937431290487,44.079438,-74.097474,0.8639735902974572,Transitioning LS,5
NY,2019-2023,724937432290487,44.064865,-74.191841,0.8825491367378212,LS,6
NY,2019-2023,724937433290487,43.902076,-74.10507,0.8706378973817701,LS,6
NY,2019-2023,724937434290487,43.842181,-74.203359,0.837273478312726,Not LSOG,3
NY,2019-2023,724937435290487,43.663224,-74.106767,0.8217520793104077,Not LSOG,2
NY,2019-2023,724937436290487,43.999095,-75.369331,0.7665729285029963,Not LSOG,1
NY,2019-2023,724937438290487,43.770523,-75.492858,0.4400532344947743,Not LSOG,1
NY,2019-2023,724937439290487,43.703506,-75.540281,0.5198604916825833,Transitioning LS,4
NY,2019-2023,724937441290487,43.980645,-75.431407,0.7665729285029963,Not LSOG,1
NY,2019-2023,724937443290487,43.668998,-74.283962,0.974100459493503,Transitioning LS,5
NY,2019-2023,724937444290487,43.54598,-74.222794,0.837273478312726,Not LSOG,3
NY,2019-2023,724937445290487,43.452041,-74.286472,0.8577582585660947,Transitioning LS,5
NY,2019-2023,724937446290487,43.543837,-74.377032,0.8650729822216768,Transitioning LS,4
NY,2019-2023,724937447290487,43.613082,-74.530099,0.8887543407188971,Transitioning LS,5
NY,2019-2023,724937448290487,43.289705,-74.362768,0.9037701694042112,OG,8
NY,2019-2023,724937449290487,43.316564,-74.539816,0.837273478312726,Not LSOG,3
NY,2019-2023,724937451290487,43.410104,-74.658443,0.837273478312726,Not LSOG,3
NY,2019-2023,724937456290487,44.005517,-73.509478,0.7665729285029963,Not LSOG,1
NY,2019-2023,724937457290487,43.913564,-73.428207,0.8121997785872084,Not LSOG,2
NY,2019-2023,724937458290487,43.825525,-73.440409,0.35889825854354157,Not LSOG,0
NY,2019-2023,724937459290487,43.925909,-73.575321,0.7856458444806332,Not LSOG,2
NY,2019-2023,724937460290487,43.764658,-73.52105,0.8217520793104077,Not LSOG,2
NY,2019-2023,724937461290487,43.87107,-73.634403,0.46726448961575995,Not LSOG,2
NY,2019-2023,724937462290487,43.800627,-73.684496,0.8767403783002027,LS,6
NY,2019-2023,724937463290487,43.498621,-74.955836,0.851733639467944,Not LSOG,3
NY,2019-2023,724937464290487,43.592768,-75.096011,0.8650729822216768,Transitioning LS,4
NY,2019-2023,724937465290487,43.282642,-75.083393,0.35889825854354157,Not LSOG,0
NY,2019-2023,724937467290487,43.377168,-75.22895,0.35889825854354157,Not LSOG,0
NY,2019-2023,724937470290487,44.896505,-73.594181,0.803559701870338,Not LSOG,3
NY,2019-2023,724937471290487,44.809976,-73.699963,0.7665729285029963,Not LSOG,1
NY,2019-2023,724937472290487,44.626418,-73.423577,0.5222030120440209,Not LSOG,3
NY,2019-2023,724937474290487,44.730972,-73.747382,0.46726448961575995,Not LSOG,2
NY,2019-2023,724937475290487,44.349109,-73.653125,0.41092347073227586,Not LSOG,1
NY,2019-2023,724937476290487,44.424809,-73.79917,0.7856458444806332,Not LSOG,2
NY,2019-2023,724937477290487,44.515721,-73.909136,0.5495998874225577,Not LSOG,3
NY,2019-2023,724937480290487,42.565614,-74.45035,0.49467189604198514,Not LSOG,3
NY,2019-2023,724937481290487,42.53562,-74.513352,0.7665729285029963,Not LSOG,1
NY,2019-2023,724937483290487,42.425234,-74.611569,0.8767403783002027,LS,6
NY,2019-2023,724937485290487,42.217891,-74.58054,0.7856458444806332,Not LSOG,2
NY,2019-2023,724937487290487,41.872029,-74.765291,0.5222030120440209,Not LSOG,3
NY,2019-2023,724937488290487,44.718923,-73.558369,0.35889825854354157,Not LSOG,0
NY,2019-2023,724937489290487,44.815716,-73.847383,0.8887543407188971,Transitioning LS,5
NY,2019-2023,724937490290487,44.838728,-73.81653,0.850544335856705,Transitioning LS,4
NY,2019-2023,724937491290487,44.636163,-73.803903,0.8217520793104077,Not LSOG,2
NY,2019-2023,724937492290487,44.657057,-73.97048,0.7856458444806332,Not LSOG,2
NY,2019-2023,724937493290487,44.582261,-74.056641,0.850544335856705,Transitioning LS,4
NY,2019-2023,724937496290487,41.669322,-74.9191,0.8986139623224858,LS,7
NY,2019-2023,724937497290487,41.751315,-75.035646,0.8585830515288004,Not LSOG,3
NY,2019-2023,724937499290487,43.627771,-73.610712,0.8773849697853262,Transitioning LS,5
NY,2019-2023,724937500290487,43.624132,-73.792616,0.8832118616472985,Transitioning LS,5
NY,2019-2023,724937503290487,43.40307,-73.73281,0.869963093237691,LS,7
NY,2019-2023,724937504290487,43.33783,-73.799792,0.837273478312726,Not LSOG,3
NY,2019-2023,724937505290487,43.402236,-73.930998,0.8217520793104077,Not LSOG,2
NY,2019-2023,724937506290487,43.171189,-73.895328,0.35889825854354157,Not LSOG,0
NY,2019-2023,724937507290487,43.163473,-73.560851,0.8767403783002027,LS,6
NY,2019-2023,724937508290487,43.006256,-74.544466,0.7665729285029963,Not LSOG,1
NY,2019-2023,724937509290487,43.114702,-74.714682,0.6163287278117883,Transitioning LS,5
NY,2019-2023,724937510290487,43.205016,-74.779641,0.8359905191071977,Transitioning LS,4
NY,2019-2023,724937514290487,42.888951,-74.820538,0.5085895169837219,Not LSOG,2
NY,2019-2023,724937516290487,42.721259,-74.935571,0.5480286265220771,Transitioning LS,5
NY,2019-2023,724937518290487,42.346992,-74.817493,0.7665729285029963,Not LSOG,1
NY,2019-2023,724937519290487,42.326865,-74.933677,0.837273478312726,Not LSOG,3
NY,2019-2023,724937521290487,42.122642,-74.938937,0.9506528758763151,Not LSOG,2
NY,2019-2023,724937524290487,41.906733,-75.13676,0.7937054414308683,Transitioning LS,4
NY,2019-2023,724937525290487,43.244106,-73.652778,0.4400532344947743,Not LSOG,1
NY,2019-2023,724937526290487,43.180574,-73.722376,0.4400532344947743,Not LSOG,1
NY,2019-2023,724937529290487,42.936591,-73.8836,0.8585830515288004,Not LSOG,3
NY,2019-2023,724937530290487,42.716506,-73.869036,0.5085895169837219,Not LSOG,2
NY,2019-2023,724937531290487,42.655057,-73.89614,0.35889825854354157,Not LSOG,0
NY,2019-2023,724937533290487,44.887144,-74.769326,0.7665729285029963,Not LSOG,1
NY,2019-2023,724937535290487,44.648786,-74.900528,0.8283792514818312,Not LSOG,3
NY,2019-2023,724937537290487,43.656968,-74.026598,0.837273478312726,Not LSOG,3
NY,2019-2023,724937538290487,43.613091,-74.153975,0.8887543407188971,Transitioning LS,5
NY,2019-2023,724937539290487,43.337578,-74.157958,0.8516872467889065,Transitioning LS,4
NY,2019-2023,724937540290487,43.240103,-74.249201,0.9037701694042112,OG,8
NY,2019-2023,724937541290487,43.144806,-74.248817,0.8217520793104077,Not LSOG,2
NY,2019-2023,724937542290487,42.828316,-74.353957,0.7665729285029963,Not LSOG,1
NY,2019-2023,724937543290487,43.26762,-73.989147,0.35889825854354157,Not LSOG,0
NY,2019-2023,724937552290487,40.80934,-73.550303,0.35889825854354157,Not LSOG,0
NY,2019-2023,724937553290487,41.937477,-73.694604,0.8643736713214049,Transitioning LS,5
NY,2019-2023,724937554290487,41.777399,-73.598375,0.7665729285029963,Not LSOG,1
NY,2019-2023,724937556290487,41.548986,-73.710874,0.9679315627538535,Transitioning LS,4
NY,2019-2023,724937558290487,41.220329,-73.600157,0.964342007917639,Not LSOG,3
NY,2019-2023,724937559290487,41.324943,-73.703016,0.5480286265220771,Transitioning LS,5
NY,2019-2023,724937565290487,41.161896,-73.811418,0.8713992043411672,Transitioning LS,4
NY,2019-2023,724937567290487,40.957683,-73.759951,0.8194903573569606,Transitioning LS,4
NY,2019-2023,724937575290487,41.268599,-73.899527,0.7937054414308683,Transitioning LS,4
NY,2019-2023,724937576290487,41.285495,-74.125517,0.8585830515288004,Not LSOG,3
NY,2019-2023,724937578290487,40.716708,-73.214951,0.5359821513544414,Not LSOG,3
NY,2019-2023,724937579290487,41.002954,-72.153588,0.4400532344947743,Not LSOG,1
NY,2019-2023,724937581290487,40.975509,-72.320519,0.7856458444806332,Not LSOG,2
NY,2019-2023,724937582290487,40.949203,-72.360908,0.8217520793104077,Not LSOG,2
NY,2019-2023,724937583290487,40.943933,-72.580083,0.5631593731919405,Transitioning LS,4
NY,2019-2023,724937584290487,40.892777,-72.582994,0.4108345577109649,Not LSOG,2
NY,2019-2023,724937587290487,42.431283,-78.641299,0.850544335856705,Transitioning LS,4
NY,2019-2023,724937588290487,42.297523,-78.745984000000007,0.42437430288596234,Not LSOG,1
NY,2019-2023,724937589290487,42.226052,-78.975972,0.35889825854354157,Not LSOG,0
NY,2019-2023,724937593290487,43.221654,-74.014671,0.42437430288596234,Not LSOG,1
NY,2019-2023,724937595290487,42.665492,-77.110879,0.46501998657175836,Not LSOG,2
NY,2019-2023,724937599290487,41.671236,-74.199186,0.35889825854354157,Not LSOG,0
NY,2019-2023,724937605290487,42.386513,-74.429877,0.9139153475427885,LS,6
NY,2019-2023,724937606290487,42.113204,-74.794569,0.8283792514818312,Not LSOG,3
NY,2019-2023,724937608290487,41.804203,-74.967744,0.837273478312726,Not LSOG,3
NY,2019-2023,724937610290487,42.456823,-75.439322,0.3845374708426333,Not LSOG,1
NY,2019-2023,724937612290487,42.252242,-75.617773,0.5359821513544414,Not LSOG,3
NY,2019-2023,724937613290487,42.028414,-75.565,0.8283792514818312,Not LSOG,3
NY,2019-2023,724937614290487,43.436721,-75.19722,0.35889825854354157,Not LSOG,0
NY,2019-2023,724937621290487,43.573345,-75.637827,0.3845374708426333,Not LSOG,1
NY,2019-2023,724937623290487,43.540137,-76.094481,0.7665729285029963,Not LSOG,1
NY,2019-2023,724937624290487,42.683452,-79.03438,0.35889825854354157,Not LSOG,0
NY,2019-2023,724937626290487,42.341948,-76.619866,0.41092347073227586,Not LSOG,1
NY,2019-2023,724937630290487,42.399268,-77.816179,0.8359905191071977,Transitioning LS,4
NY,2019-2023,724937633290487,42.504342,-76.734832,0.49241742946031425,Not LSOG,3
NY,2019-2023,816199387290487,43.661871,-75.515507,0.8887543407188971,Transitioning LS,5
NY,2019-2023,816199389290487,42.582251,-76.446577,0.35889825854354157,Not LSOG,0
NY,2019-2023,816199390290487,42.477495,-76.295205,0.35889825854354157,Not LSOG,0
NY,2019-2023,816199391290487,42.276141,-76.631403,0.8643736713214049,Transitioning LS,5
NY,2019-2023,816199392290487,42.180099,-76.554501,0.46726448961575995,Not LSOG,2
NY,2019-2023,816199394290487,42.210789,-76.858732,0.5632497363028597,Not LSOG,3
NY,2019-2023,816199397290487,43.26357,-74.362219,0.9089698577917759,LS,7
NY,2019-2023,816199399290487,42.906037,-74.4463,0.8516872467889065,Transitioning LS,4
NY,2019-2023,816199400290487,43.622275,-74.265426,0.6552270214052041,LS,6
NY,2019-2023,816199401290487,42.282196,-75.219336,0.4513976092169017,Not LSOG,2
NY,2019-2023,816199402290487,42.250294,-75.368349,0.35889825854354157,Not LSOG,0
NY,2019-2023,816199404290487,42.082483,-74.230091,0.8359905191071977,Transitioning LS,4
NY,2019-2023,816199405290487,44.981607,-73.706317,0.8874870138668663,OG,8
NY,2019-2023,816199406290487,42.073291,-75.680694,0.7856458444806332,Not LSOG,2
NY,2019-2023,816199407290487,42.769961,-78.243239,0.35889825854354157,Not LSOG,0
NY,2019-2023,816199408290487,41.270958,-73.693129,0.9751526239368886,OG,8
NY,2019-2023,816199411290487,41.957504,-75.23028,0.8194903573569606,Transitioning LS,4
NY,2019-2023,816199413290487,42.843623,-73.554264,0.35889825854354157,Not LSOG,0
NY,2019-2023,816199420290487,42.447902,-77.210858,0.35889825854354157,Not LSOG,0
NY,2019-2023,816199421290487,42.61515,-77.315701,0.3845374708426333,Not LSOG,1
NY,2019-2023,816199424290487,42.667121,-75.681589,0.8359905191071977,Transitioning LS,4
NY,2019-2023,816199425290487,43.505799,-73.466462,0.8661648650680799,Not LSOG,3
NY,2019-2023,816199426290487,42.535665,-73.940983,0.7937054414308683,Transitioning LS,4
NY,2019-2023,816199427290487,42.596653,-74.129302,0.35889825854354157,Not LSOG,0
NY,2019-2023,816199428290487,42.386536,-74.244369,0.837273478312726,Not LSOG,3
NY,2019-2023,816199429290487,41.880315,-73.643756,0.8826318606114214,Transitioning LS,5
NY,2019-2023,816199430290487,41.492032,-73.78149,0.976739717810292,Transitioning LS,5
NY,2019-2023,816199431290487,42.270676,-73.462155,0.8217520793104077,Not LSOG,2
NY,2019-2023,816199432290487,40.875602,-73.807521,0.5207112134817811,Transitioning LS,4
NY,2019-2023,816199433290487,44.322303,-75.29044,0.46726448961575995,Not LSOG,2
NY,2019-2023,816199435290487,42.919518,-76.037195,0.8121997785872084,Not LSOG,2
NY,2019-2023,816199436290487,44.793187,-73.441436,0.4649286067077748,Not LSOG,3
NY,2019-2023,816199437290487,43.353009,-74.468282,0.8661648650680799,Not LSOG,3
NY,2019-2023,816199438290487,42.925122,-78.529683,0.35889825854354157,Not LSOG,0
NY,2019-2023,816199440290487,42.123399,-77.618382,0.35889825854354157,Not LSOG,0
NY,2019-2023,816199441290487,44.163818,-75.971351,0.35889825854354157,Not LSOG,0
NY,2019-2023,816199443290487,43.171427,-76.447432,0.35889825854354157,Not LSOG,0
NY,2019-2023,816199447290487,44.329571,-74.407664,0.7856458444806332,Not LSOG,2
NY,2019-2023,816199448290487,43.450286,-75.029628,0.8713992043411672,Transitioning LS,4
NY,2019-2023,816199450290487,43.10892,-75.354297,0.35889825854354157,Not LSOG,0
NY,2019-2023,816199451290487,42.54756,-75.727998,0.35889825854354157,Not LSOG,0
NY,2019-2023,816199453290487,44.870409,-74.58818,0.7665729285029963,Not LSOG,1
NY,2019-2023,816199454290487,44.310823,-74.951204,0.7665729285029963,Not LSOG,1
NY,2019-2023,816199458290487,44.543571,-74.042107,0.8650729822216768,Transitioning LS,4
NY,2019-2023,816199459290487,44.399475,-74.117275,0.7665729285029963,Not LSOG,1
NY,2019-2023,816199460290487,44.174921,-74.080915,0.5766095642896547,Transitioning LS,4
NY,2019-2023,816199461290487,43.91987,-74.513394,0.837273478312726,Not LSOG,3
NY,2019-2023,816199462290487,43.790329,-74.53455,0.878391225261428,Transitioning LS,4
NY,2019-2023,816199463290487,43.514757,-74.740615,0.8887543407188971,Transitioning LS,5
NY,2019-2023,816199464290487,43.271407,-74.720894,0.5900514209381034,Transitioning LS,4
NY,2019-2023,816199465290487,43.033655,-75.085552,0.35889825854354157,Not LSOG,0
NY,2019-2023,816199467290487,42.554093,-74.896873,0.7665729285029963,Not LSOG,1
NY,2019-2023,816199478290487,42.504479,-79.1498,0.8585830515288004,Not LSOG,3
NY,2019-2023,816199484290487,42.205062,-78.402257,0.3845374708426333,Not LSOG,1
NY,2019-2023,816199486290487,42.288569,-78.452794,0.35596883284681213,Not LSOG,3
NY,2019-2023,816199487290487,42.298556,-78.570156,0.35889825854354157,Not LSOG,0
NY,2019-2023,816199488290487,42.030013,-78.519028,0.7665729285029963,Not LSOG,1
NY,2019-2023,816199491290487,42.026222,-77.447351,0.3845374708426333,Not LSOG,1
NY,2019-2023,816199492290487,42.158139,-77.597988,0.7856458444806332,Not LSOG,2
NY,2019-2023,816199493290487,43.37759,-76.635719,0.7665729285029963,Not LSOG,1
NY,2019-2023,816199495290487,42.987869,-78.359337,0.7665729285029963,Not LSOG,1
NY,2019-2023,816199496290487,42.827442,-78.463507,0.35889825854354157,Not LSOG,0
NY,2019-2023,816199497290487,42.555533,-78.634254,0.49476371628767646,Not LSOG,2
NY,2019-2023,816199505290487,42.487499,-77.945668,0.5480286265220771,Transitioning LS,5
NY,2019-2023,816199506290487,42.448197,-78.098196,0.3845374708426333,Not LSOG,1
NY,2019-2023,816199507290487,42.338092,-78.0383,0.35889825854354157,Not LSOG,0
NY,2019-2023,816199508290487,42.173233,-77.776288,0.3845374708426333,Not LSOG,1
NY,2019-2023,816199510290487,42.089636,-77.989041,0.43627077958432897,Not LSOG,3
NY,2019-2023,816199513290487,43.216197,-77.121123,0.8203730008193644,Not LSOG,3
NY,2019-2023,816199517290487,43.202624,-77.148788,0.35889825854354157,Not LSOG,0
NY,2019-2023,816199518290487,43.106291,-77.172306,0.5085895169837219,Not LSOG,2
NY,2019-2023,816199519290487,43.18048,-77.274393,0.43774160768540166,Not LSOG,2
NY,2019-2023,816199520290487,43.136547,-77.344735,0.46501998657175836,Not LSOG,2
NY,2019-2023,816199522290487,43.003243,-77.459947,0.35889825854354157,Not LSOG,0
NY,2019-2023,816199523290487,42.75673,-77.395355,0.8217520793104077,Not LSOG,2
NY,2019-2023,816199524290487,42.858661,-77.50356,0.35889825854354157,Not LSOG,0
NY,2019-2023,816199525290487,44.237339,-76.041328,0.35889825854354157,Not LSOG,0
NY,2019-2023,816199527290487,43.748696,-76.049006,0.35889825854354157,Not LSOG,0
NY,2019-2023,816199529290487,42.434635,-78.150188,0.8217520793104077,Not LSOG,2
NY,2019-2023,816199530290487,42.169921,-78.12355,0.8217520793104077,Not LSOG,2
NY,2019-2023,816199531290487,42.078286,-78.150079,0.7856458444806332,Not LSOG,2
NY,2019-2023,816199534290487,42.806005,-77.530718,0.35889825854354157,Not LSOG,0
NY,2019-2023,816199542290487,42.208614,-77.746682,0.3845374708426333,Not LSOG,1
NY,2019-2023,816199543290487,42.285309,-77.858606,0.8217520793104077,Not LSOG,2
NY,2019-2023,816199544290487,42.459772,-79.195125,0.35889825854354157,Not LSOG,0
NY,2019-2023,816199550290487,42.054622,-79.35025,0.837273478312726,Not LSOG,3
NY,2019-2023,816199551290487,42.113845,-79.500075,0.49241742946031425,Not LSOG,3
NY,2019-2023,816199554290487,42.31517,-78.51458,0.35889825854354157,Not LSOG,0
NY,2019-2023,816199555290487,42.403504,-78.630615,0.46726448961575995,Not LSOG,2
NY,2019-2023,816199558290487,42.256726,-78.719856,0.9726891412582497,Transitioning LS,4
NY,2019-2023,816199559290487,42.148754,-78.643524,0.964342007917639,Not LSOG,3
NY,2019-2023,816199564290487,42.251266,-79.05942,0.5198604916825833,Transitioning LS,4
NY,2019-2023,816199565290487,42.146384,-78.997628,0.7665729285029963,Not LSOG,1
NY,2019-2023,816199570290487,43.207422,-78.000589,0.35889825854354157,Not LSOG,0
NY,2019-2023,816199576290487,42.020026,-78.699385,0.84343352165335,Transitioning LS,4
NY,2019-2023,816199578290487,43.228277,-77.83984,0.5728541659293535,LS,6
NY,2019-2023,816199583290487,43.135436,-78.597181,0.35889825854354157,Not LSOG,0
NY,2019-2023,816199584290487,43.011137,-78.649266,0.35889825854354157,Not LSOG,0
NY,2019-2023,816199585290487,43.098484,-78.765478,0.7665729285029963,Not LSOG,1
NY,2019-2023,816199588290487,43.174545,-78.881887,0.35889825854354157,Not LSOG,0
NY,2019-2023,816199590290487,43.028098,-78.965138,0.35889825854354157,Not LSOG,0
NY,2019-2023,816199592290487,42.860593,-78.733704,0.35889825854354157,Not LSOG,0
NY,2019-2023,816199597290487,42.319369,-78.874558,0.837273478312726,Not LSOG,3
NY,2019-2023,816199599290487,42.725155,-77.08563,0.5085895169837219,Not LSOG,2
NY,2019-2023,816199600290487,42.92825,-76.99304,0.42437430288596234,Not LSOG,1
NY,2019-2023,816199601290487,42.690397,-77.230335,0.3845374708426333,Not LSOG,1
NY,2019-2023,816199602290487,42.765889,-77.36136,0.35889825854354157,Not LSOG,0
NY,2019-2023,816199603290487,42.460926,-77.252822,0.8991573219657407,LS,6
NY,2019-2023,816199604290487,42.542933,-77.166337,0.35889825854354157,Not LSOG,0
NY,2019-2023,816199605290487,42.309958,-77.282865,0.47731062826229653,Not LSOG,3
NY,2019-2023,816199606290487,42.348895,-77.546526,0.35889825854354157,Not LSOG,0
NY,2019-2023,816199608290487,43.21121,-77.50649,0.7856458444806332,Not LSOG,2
NY,2019-2023,816199610290487,43.228387,-77.594261,0.46501998657175836,Not LSOG,2
NY,2019-2023,816199617290487,42.927774,-78.01446,0.35889825854354157,Not LSOG,0
NY,2019-2023,816199618290487,42.851731,-77.895448,0.4400532344947743,Not LSOG,1
NY,2019-2023,816199619290487,42.930977,-78.388092,0.4400532344947743,Not LSOG,1
NY,2019-2023,816199621290487,42.561338,-78.081432,0.4400532344947743,Not LSOG,1
NY,2019-2023,816199622290487,42.757245,-78.076126,0.35889825854354157,Not LSOG,0
NY,2019-2023,816199627290487,42.886976,-75.673003,0.850544335856705,Transitioning LS,4
NY,2019-2023,816199630290487,42.423506,-75.616665,0.4400532344947743,Not LSOG,1
NY,2019-2023,816199632290487,44.596521,-74.427829,0.7856458444806332,Not LSOG,2
NY,2019-2023,816199633290487,44.56342,-74.402225,0.8217520793104077,Not LSOG,2
NY,2019-2023,816199635290487,44.34312,-74.379694,0.837273478312726,Not LSOG,3
NY,2019-2023,816199636290487,44.447312,-74.475322,0.7665729285029963,Not LSOG,1
NY,2019-2023,816199637290487,44.303901,-74.472723,0.8036176777332611,Not LSOG,2
NY,2019-2023,816199638290487,44.268214,-74.595383,0.7665729285029963,Not LSOG,1
NY,2019-2023,816199640290487,42.805502,-74.653233,0.35889825854354157,Not LSOG,0
NY,2019-2023,816199643290487,42.595588,-74.618988,0.7665729285029963,Not LSOG,1
NY,2019-2023,816199644290487,42.460696,-74.707923,0.8706378973817701,LS,6
NY,2019-2023,816199649290487,44.522778,-73.427757,0.8773849697853262,Transitioning LS,5
NY,2019-2023,816199651290487,44.349634,-73.43116,0.812597590536092,Not LSOG,3
NY,2019-2023,816199653290487,44.265314,-73.633494,0.46501998657175836,Not LSOG,2
NY,2019-2023,816199654290487,44.253724,-73.702373,0.5198604916825833,Transitioning LS,4
NY,2019-2023,816199655290487,44.057379,-73.621021,0.7665729285029963,Not LSOG,1
NY,2019-2023,816199657290487,43.109338,-74.287829,0.7665729285029963,Not LSOG,1
NY,2019-2023,816199658290487,43.046117,-74.14882,0.8360408765445584,Not LSOG,3
NY,2019-2023,816199664290487,42.623861,-74.474329,0.850544335856705,Transitioning LS,4
NY,2019-2023,816199666290487,42.007428,-73.616923,0.42437430288596234,Not LSOG,1
NY,2019-2023,816199669290487,41.959597,-73.80046,0.8217520793104077,Not LSOG,2
NY,2019-2023,816199670290487,41.822483,-73.789019,0.41092347073227586,Not LSOG,1
NY,2019-2023,816199672290487,42.719802,-75.104401,0.7665729285029963,Not LSOG,1
NY,2019-2023,816199673290487,42.606296,-75.041294,0.878391225261428,Transitioning LS,4
NY,2019-2023,816199674290487,44.016916,-73.686249,0.8941061485582746,Transitioning LS,5
NY,2019-2023,816199675290487,44.056171,-73.878785,0.8217520793104077,Not LSOG,2
NY,2019-2023,816199676290487,43.884196,-73.812096,0.8834808305430103,LS,6
NY,2019-2023,816199677290487,43.851878,-73.954428,0.9181357729688834,LS,6
NY,2019-2023,816199679290487,43.601904,-73.906526,0.9139153475427885,LS,6
NY,2019-2023,816199680290487,43.681612,-74.049137,0.6031690171837039,Transitioning LS,5
NY,2019-2023,816199682290487,42.461526,-73.80479,0.4756202551043349,Transitioning LS,5
NY,2019-2023,816199684290487,42.28342,-73.985221,0.8713992043411672,Transitioning LS,4
NY,2019-2023,816199687290487,42.151249,-74.035172,0.8585830515288004,Not LSOG,3
NY,2019-2023,816199688290487,42.141847,-74.058507,0.8887543407188971,Transitioning LS,5
NY,2019-2023,816199691290487,41.740287,-74.112284,0.4400532344947743,Not LSOG,1
NY,2019-2023,816199692290487,41.424988,-73.98097,0.893786840312145,LS,7
NY,2019-2023,816199694290487,41.226564,-74.238563,0.7665729285029963,Not LSOG,1
NY,2019-2023,816199695290487,41.234667,-74.326645,0.9693267180391452,Transitioning LS,5
NY,2019-2023,816199697290487,42.500069,-74.017213,0.8036176777332611,Not LSOG,2
NY,2019-2023,816199699290487,42.190257,-74.203119,0.850544335856705,Transitioning LS,4
NY,2019-2023,816199700290487,42.34304,-74.248876,0.35889825854354157,Not LSOG,0
NY,2019-2023,816199701290487,42.290941,-74.289453,0.8360408765445584,Not LSOG,3
NY,2019-2023,816199702290487,42.169231,-74.358048,0.837273478312726,Not LSOG,3
NY,2019-2023,816199703290487,42.004977,-74.119656,0.5900514209381034,Transitioning LS,4
NY,2019-2023,816199706290487,41.841838,-74.285115,0.35889825854354157,Not LSOG,0
NY,2019-2023,816199707290487,41.964744,-74.322784,0.837273478312726,Not LSOG,3
NY,2019-2023,816199708290487,41.92936,-74.361254,0.8643736713214049,Transitioning LS,5
NY,2019-2023,816199709290487,41.717829,-74.321208,0.7665729285029963,Not LSOG,1
NY,2019-2023,816199710290487,41.6263,-74.218211,0.4400532344947743,Not LSOG,1
NY,2019-2023,816199713290487,41.63185,-74.580592,0.850544335856705,Transitioning LS,4
NY,2019-2023,816199716290487,41.427902,-74.502442,0.8217520793104077,Not LSOG,2
NY,2019-2023,816199717290487,41.512924,-74.621389,0.837273478312726,Not LSOG,3
NY,2019-2023,816199718290487,43.178992,-73.328867,0.5085895169837219,Not LSOG,2
NY,2019-2023,816199719290487,43.140783,-73.363694,0.8713992043411672,Transitioning LS,4
NY,2019-2023,816199721290487,42.800611,-73.419824,0.7665729285029963,Not LSOG,1
NY,2019-2023,816199722290487,42.562359,-73.413894,0.8036176777332611,Not LSOG,2
NY,2019-2023,816199725290487,42.387281,-73.554924,0.7665729285029963,Not LSOG,1
NY,2019-2023,816199727290487,41.867202,-74.617041,0.4634417240017915,Transitioning LS,4
NY,2019-2023,816199731290487,41.593166,-74.730644,0.8832118616472985,Transitioning LS,5
NY,2019-2023,816199733290487,43.079087,-73.447053,0.4400532344947743,Not LSOG,1
NY,2019-2023,816199735290487,43.338565,-73.591567,0.4400532344947743,Not LSOG,1
NY,2019-2023,816199737290487,43.050959,-73.487142,0.35889825854354157,Not LSOG,0
NY,2019-2023,816199740290487,43.231577,-73.505888,0.35889825854354157,Not LSOG,0
NY,2019-2023,816199742290487,42.774364,-73.430487,0.8203730008193644,Not LSOG,3
NY,2019-2023,816199743290487,42.637325,-73.520934,0.5495089589388706,Transitioning LS,4
NY,2019-2023,816199744290487,42.734987,-73.596535,0.35889825854354157,Not LSOG,0
NY,2019-2023,816199747290487,42.473955,-73.683533,0.35889825854354157,Not LSOG,0
NY,2019-2023,816199753290487,42.322183,-76.786929,0.35889825854354157,Not LSOG,0
NY,2019-2023,816199754290487,44.320947,-75.315398,0.46726448961575995,Not LSOG,2
NY,2019-2023,816199755290487,44.366389,-75.657585,0.7665729285029963,Not LSOG,1
NY,2019-2023,816199757290487,44.126412,-75.594421,0.7665729285029963,Not LSOG,1
NY,2019-2023,816199762290487,42.27933,-76.112463,0.35889825854354157,Not LSOG,0
NY,2019-2023,816199763290487,42.171067,-76.178503,0.35889825854354157,Not LSOG,0
NY,2019-2023,816199765290487,42.117989,-76.345315,0.35889825854354157,Not LSOG,0
NY,2019-2023,816199766290487,44.2644,-74.611764,0.7665729285029963,Not LSOG,1
NY,2019-2023,816199767290487,44.133942,-74.672926,0.8359905191071977,Transitioning LS,4
NY,2019-2023,816199768290487,44.240461,-74.817172,0.837273478312726,Not LSOG,3
NY,2019-2023,816199770290487,43.952524,-74.82921,0.5245445561919001,Not LSOG,2
NY,2019-2023,816199771290487,43.862071,-74.696808,0.9297207000747968,LS,7
NY,2019-2023,816199774290487,43.767567,-74.763879,0.8928924427031723,OG,8
NY,2019-2023,816199775290487,43.747937,-74.795874,0.4400532344947743,Not LSOG,1
NY,2019-2023,816199776290487,43.69228,-74.971929,0.850544335856705,Transitioning LS,4
NY,2019-2023,816199777290487,43.796325,-75.091994,0.7665729285029963,Not LSOG,1
NY,2019-2023,816199778290487,43.085237,-76.677707,0.43774160768540166,Not LSOG,2
NY,2019-2023,816199783290487,43.030131,-76.913955,0.35889825854354157,Not LSOG,0
NY,2019-2023,816199784290487,42.91122,-76.714856,0.46726448961575995,Not LSOG,2
NY,2019-2023,816199788290487,42.199536,-75.657227,0.35889825854354157,Not LSOG,0
NY,2019-2023,816199790290487,44.788,-74.406264,0.35889825854354157,Not LSOG,0
NY,2019-2023,816199792290487,44.547697,-74.602264,0.8360408765445584,Not LSOG,3
NY,2019-2023,816199794290487,42.699659,-74.891913,0.35889825854354157,Not LSOG,0
NY,2019-2023,816199796290487,43.796173,-75.83518,0.8203730008193644,Not LSOG,3
NY,2019-2023,816199798290487,43.702555,-75.915591,0.8650729822216768,Transitioning LS,4
NY,2019-2023,816199799290487,43.655247,-75.973019,0.7665729285029963,Not LSOG,1
NY,2019-2023,816199801290487,43.564547,-75.973344,0.8497828003418446,Transitioning LS,5
NY,2019-2023,816199802290487,43.438477,-75.929706,0.7937054414308683,Transitioning LS,4
NY,2019-2023,816199805290487,43.33558,-76.310764,0.42437430288596234,Not LSOG,1
NY,2019-2023,816199806290487,43.355018,-76.503947,0.4788023006180054,Not LSOG,2
NY,2019-2023,816199807290487,43.288624,-76.576232,0.478710635891324,Not LSOG,3
NY,2019-2023,816199809290487,43.274916,-76.550317,0.8832118616472985,Transitioning LS,5
NY,2019-2023,816199814290487,42.686259,-75.168309,0.837273478312726,Not LSOG,3
NY,2019-2023,816199816290487,42.653815,-75.308487,0.7856458444806332,Not LSOG,2
NY,2019-2023,816199817290487,42.686886,-75.466809,0.41092347073227586,Not LSOG,1
NY,2019-2023,816199820290487,44.544304,-74.084182,0.8036176777332611,Not LSOG,2
NY,2019-2023,816199822290487,44.348079,-74.18655,0.8991573219657407,LS,6
NY,2019-2023,816199823290487,44.495694,-74.263221,0.8773849697853262,Transitioning LS,5
NY,2019-2023,816199824290487,44.126611,-74.155022,0.46726448961575995,Not LSOG,2
NY,2019-2023,816199825290487,44.227483,-74.311713,0.9176853113510707,LS,7
NY,2019-2023,816199827290487,43.574091,-75.450342,0.35889825854354157,Not LSOG,0
NY,2019-2023,816199828290487,43.49196,-75.547958,0.3845374708426333,Not LSOG,1
NY,2019-2023,816199830290487,43.216022,-75.509453,0.7665729285029963,Not LSOG,1
NY,2019-2023,816199833290487,43.177122,-75.529265,0.35889825854354157,Not LSOG,0
NY,2019-2023,816199836290487,42.886054,-75.746164,0.7856458444806332,Not LSOG,2
NY,2019-2023,816199837290487,42.455425,-76.588302,0.43774160768540166,Not LSOG,2
NY,2019-2023,816199843290487,44.759991,-74.036346,0.8887543407188971,Transitioning LS,5
NY,2019-2023,816199844290487,44.733455,-74.092907,0.850544335856705,Transitioning LS,4
NY,2019-2023,816199845290487,44.782192,-74.129904,0.7665729285029963,Not LSOG,1
NY,2019-2023,816199846290487,44.864511,-74.167107,0.7665729285029963,Not LSOG,1
NY,2019-2023,816199847290487,44.724305,-74.260801,0.7937054414308683,Transitioning LS,4
NY,2019-2023,816199848290487,44.607551,-74.226077,0.4400532344947743,Not LSOG,1
NY,2019-2023,816199851290487,43.928715,-74.983152,0.8516872467889065,Transitioning LS,4
NY,2019-2023,816199852290487,43.904241,-75.083392,0.8217520793104077,Not LSOG,2
NY,2019-2023,816199853290487,43.858286,-75.249671,0.8217520793104077,Not LSOG,2
NY,2019-2023,816199854290487,43.865812,-75.288828,0.7665729285029963,Not LSOG,1
NY,2019-2023,816199855290487,43.629644,-75.182111,0.7665729285029963,Not LSOG,1
NY,2019-2023,816199857290487,43.509791,-75.321253,0.7665729285029963,Not LSOG,1
NY,2019-2023,816199858290487,42.774914,-76.11008,0.7665729285029963,Not LSOG,1
NY,2019-2023,816199861290487,42.713074,-76.36097,0.35889825854354157,Not LSOG,0
NY,2019-2023,816199864290487,42.456789,-76.447479,0.7665729285029963,Not LSOG,1
NY,2019-2023,816199865290487,44.545366,-74.983671,0.8203730008193644,Not LSOG,3
NY,2019-2023,816199867290487,44.593174,-75.119506,0.5495089589388706,Transitioning LS,4
NY,2019-2023,816199869290487,44.22276,-75.240996,0.4513976092169017,Not LSOG,2
NY,2019-2023,816199870290487,42.292541,-76.991666,0.803559701870338,Not LSOG,3
NY,2019-2023,816199872290487,42.239727,-77.168906,0.4400532344947743,Not LSOG,1
NY,2019-2023,816199877290487,44.019687,-76.056223,0.7665729285029963,Not LSOG,1
NY,2019-2023,816199878290487,43.776679,-76.026726,0.7856458444806332,Not LSOG,2
NY,2019-2023,816199879290487,43.88329,-76.144887,0.7856458444806332,Not LSOG,2
NY,2019-2023,816199881290487,43.6246,-76.110912,0.8283792514818312,Not LSOG,3
NY,2019-2023,816199882290487,43.37332,-74.830405,0.9037701694042112,OG,8
NY,2019-2023,816199883290487,43.372081,-74.867874,0.8934628303984916,LS,7
NY,2019-2023,816199884290487,42.990222,-74.887131,0.5359821513544414,Not LSOG,3
NY,2019-2023,816199885290487,43.098395,-75.031915,0.7665729285029963,Not LSOG,1
NY,2019-2023,816199887290487,43.146417,-75.176176,0.35889825854354157,Not LSOG,0
NY,2019-2023,816199888290487,42.361775,-75.848441,0.9040626863231132,LS,6
NY,2019-2023,816199892290487,42.171919,-75.957498,0.8036176777332611,Not LSOG,2
NY,2019-2023,816199893290487,42.211291,-75.93545,0.41092347073227586,Not LSOG,1
NY,2019-2023,816199894290487,42.096223,-76.025328,0.6003036749030327,LS,7
NY,2019-2023,816199895290487,42.008394,-75.433489,0.9506528758763151,Not LSOG,2
NY,2019-2023,816199896290487,44.833508,-75.151165,0.4108345577109649,Not LSOG,2
NY,2019-2023,816199898290487,44.440334,-75.240976,0.8360408765445584,Not LSOG,3
NY,2019-2023,816199901290487,44.373858,-75.481793,0.43774160768540166,Not LSOG,2
NY,2019-2023,816199903290487,42.757477,-75.753697,0.812597590536092,Not LSOG,3
NY,2019-2023,816199904290487,44.653889,-75.422977,0.35889825854354157,Not LSOG,0
NY,2019-2023,816199905290487,44.510632,-75.544257,0.5085895169837219,Not LSOG,2
NY,2019-2023,816199906290487,44.465712,-75.762883,0.35889825854354157,Not LSOG,0
NY,2019-2023,816199910290487,44.24819,-75.882107,0.4108345577109649,Not LSOG,2
NY,2019-2023,816199912290487,43.963254,-74.463044,0.850544335856705,Transitioning LS,4
NY,2019-2023,816199913290487,44.072467,-74.423389,0.7665729285029963,Not LSOG,1
NY,2019-2023,816199914290487,44.048688,-74.532017,0.7856458444806332,Not LSOG,2
NY,2019-2023,816199915290487,43.672323,-74.646721,0.8650729822216768,Transitioning LS,4
NY,2019-2023,816199916290487,43.559354,-74.575541,0.8887543407188971,Transitioning LS,5
NY,2019-2023,816199917290487,43.447646,-74.599191,0.8887543407188971,Transitioning LS,5
NY,2019-2023,816199918290487,43.508881,-74.800892,0.8887543407188971,Transitioning LS,5
NY,2019-2023,816199919290487,43.596965,-74.902269,0.8650729822216768,Transitioning LS,4
NY,2019-2023,816199920290487,42.855545,-75.883186,0.7665729285029963,Not LSOG,1
NY,2019-2023,816199921290487,42.811732,-75.957645,0.8121997785872084,Not LSOG,2
NY,2019-2023,816199924290487,42.426927,-76.010541,0.4108345577109649,Not LSOG,2
NY,2019-2023,816199925290487,42.58557,-76.072539,0.46726448961575995,Not LSOG,2
NY,2019-2023,816199926290487,42.519225,-76.103201,0.3845374708426333,Not LSOG,1
NY,2019-2023,816199928290487,44.622013,-74.733689,0.8773849697853262,Transitioning LS,5
NY,2019-2023,816199929290487,44.512923,-74.655071,0.7856458444806332,Not LSOG,2
NY,2019-2023,816199930290487,44.354583,-74.757068,0.7856458444806332,Not LSOG,2
NY,2019-2023,816199931290487,44.449843,-74.834374,0.8217520793104077,Not LSOG,2
NY,2019-2023,816199932290487,44.569868,-74.985329,0.7665729285029963,Not LSOG,1
NY,2019-2023,816199933290487,44.281754,-75.016088,0.7665729285029963,Not LSOG,1
NY,2019-2023,816199934290487,44.084684,-74.87684,0.837273478312726,Not LSOG,3
NY,2019-2023,816199935290487,44.186941,-75.033997,0.851733639467944,Not LSOG,3
NY,2019-2023,816199936290487,43.361299,-75.731749,0.8773849697853262,Transitioning LS,5
NY,2019-2023,816199940290487,43.155987,-76.030947,0.5495998874225577,Not LSOG,3
NY,2019-2023,816199946290487,43.047521,-76.479461,0.8360408765445584,Not LSOG,3
NY,2019-2023,816199947290487,42.957404,-76.387286,0.35889825854354157,Not LSOG,0
NY,2019-2023,816199956290487,42.010322,-75.902372,0.35889825854354157,Not LSOG,0
NY,2019-2023,816199957290487,44.107314,-73.781857,0.8991573219657407,LS,6
NY,2019-2023,816199958290487,44.203658,-73.879416,0.7856458444806332,Not LSOG,2
NY,2019-2023,816199959290487,44.185161,-73.894498,0.6031690171837039,Transitioning LS,5
NY,2019-2023,816199960290487,44.064697,-73.984947,0.837273478312726,Not LSOG,3
NY,2019-2023,816199961290487,44.011541,-74.195481,0.851733639467944,Not LSOG,3
NY,2019-2023,816199962290487,43.768329,-74.204303,0.8887543407188971,Transitioning LS,5
NY,2019-2023,816199964290487,43.959585,-75.365888,0.803559701870338,Not LSOG,3
NY,2019-2023,816199965290487,44.060891,-75.478997,0.7665729285029963,Not LSOG,1
NY,2019-2023,816199966290487,43.933461,-75.38174,0.3845374708426333,Not LSOG,1
NY,2019-2023,816199969290487,43.557923,-75.70509,0.8203730008193644,Not LSOG,3
NY,2019-2023,816199970290487,43.874677,-74.355906,0.4400532344947743,Not LSOG,1
NY,2019-2023,816199971290487,43.622658,-74.306579,0.49467189604198514,Not LSOG,3
NY,2019-2023,816199972290487,43.605335,-74.504024,0.8650729822216768,Transitioning LS,4
NY,2019-2023,816199973290487,43.452333,-74.412493,0.8716914261491435,Transitioning LS,5
NY,2019-2023,816199974290487,43.229244,-74.399852,0.8516872467889065,Transitioning LS,4
NY,2019-2023,816199975290487,43.19676,-74.561833,0.8716914261491435,Transitioning LS,5
NY,2019-2023,816199976290487,43.182887,-74.60171,0.4400532344947743,Not LSOG,1
NY,2019-2023,816199978290487,44.091131,-73.464565,0.35889825854354157,Not LSOG,0
NY,2019-2023,816199979290487,43.935691,-73.505582,0.35889825854354157,Not LSOG,0
NY,2019-2023,816199981290487,43.860894,-73.56694,0.3845374708426333,Not LSOG,1
NY,2019-2023,816199982290487,43.821199,-73.579566,0.8774244810210192,Transitioning LS,4
NY,2019-2023,816199983290487,43.691485,-73.533873,0.8437778978471661,Transitioning LS,5
NY,2019-2023,816199984290487,43.455974,-74.965819,0.8706378973817701,LS,6
NY,2019-2023,816199985290487,43.550852,-75.141817,0.837273478312726,Not LSOG,3
NY,2019-2023,816199986290487,43.454388,-75.087566,0.7665729285029963,Not LSOG,1
NY,2019-2023,816199989290487,43.02242,-75.237394,0.49467189604198514,Not LSOG,3
NY,2019-2023,816199991290487,44.655908,-73.569274,0.7665729285029963,Not LSOG,1
NY,2019-2023,816199995290487,44.304881,-73.613214,0.837273478312726,Not LSOG,3
NY,2019-2023,816199996290487,44.465423,-73.889442,0.837273478312726,Not LSOG,3
NY,2019-2023,816199997290487,42.430174,-74.418489,0.9256093048012587,OG,8
NY,2019-2023,816199998290487,42.269469,-74.373696,0.837273478312726,Not LSOG,3
NY,2019-2023,816200000290487,42.311332,-74.640923,0.7856458444806332,Not LSOG,2
NY,2019-2023,816200001290487,42.09226,-74.655799,0.4513976092169017,Not LSOG,2
NY,2019-2023,816200002290487,42.207277,-74.697297,0.8585830515288004,Not LSOG,3
NY,2019-2023,816200005290487,44.994517,-73.992167,0.7856458444806332,Not LSOG,2
NY,2019-2023,816200007290487,44.735201000000004,-73.905069,0.7856458444806332,Not LSOG,2
NY,2019-2023,816200008290487,44.902126,-73.919488,0.5198604916825833,Transitioning LS,4
NY,2019-2023,816200010290487,44.692804,-73.910238,0.8036176777332611,Not LSOG,2
NY,2019-2023,816200012290487,44.557152,-73.866079,0.8585830515288004,Not LSOG,3
NY,2019-2023,816200013290487,41.836175,-74.769684,0.9754598048041351,Transitioning LS,5
NY,2019-2023,816200015290487,41.913173,-74.960816,0.837273478312726,Not LSOG,3
NY,2019-2023,816200020290487,43.707289,-73.721512,0.46726448961575995,Not LSOG,2
NY,2019-2023,816200021290487,43.515908,-73.682115,0.8773849697853262,Transitioning LS,5
NY,2019-2023,816200022290487,43.51325,-73.802126,0.837273478312726,Not LSOG,3
NY,2019-2023,816200024290487,43.301325,-73.818384,0.7665729285029963,Not LSOG,1
NY,2019-2023,816200025290487,43.349451,-73.960972,0.837273478312726,Not LSOG,3
NY,2019-2023,816200026290487,43.289074,-73.870941,0.8121997785872084,Not LSOG,2
NY,2019-2023,816200028290487,43.094122,-73.532488,0.43774160768540166,Not LSOG,2
NY,2019-2023,816200032290487,42.976649,-74.946736,0.7665729285029963,Not LSOG,1
NY,2019-2023,816200033290487,42.746786,-74.864647,0.4513976092169017,Not LSOG,2
NY,2019-2023,816200035290487,42.297954,-74.811795,0.8217520793104077,Not LSOG,2
NY,2019-2023,816200037290487,42.140814,-74.639372,0.7665729285029963,Not LSOG,1
NY,2019-2023,816200038290487,42.219266,-75.061717,0.7665729285029963,Not LSOG,1
NY,2019-2023,816200039290487,42.136711,-74.928389,0.7665729285029963,Not LSOG,1
NY,2019-2023,816200040290487,41.99762,-75.013447,0.965887825151209,Transitioning LS,4
NY,2019-2023,816200041290487,42.069957,-75.183875,0.7665729285029963,Not LSOG,1
NY,2019-2023,816200043290487,43.191538,-73.673346,0.49092329326682316,Transitioning LS,4
NY,2019-2023,816200044290487,43.052518,-73.750679,0.4212616147008815,Transitioning LS,4
NY,2019-2023,816200046290487,43.305313,-73.861298,0.837273478312726,Not LSOG,3
NY,2019-2023,816200048290487,42.882152,-73.929027,0.44824105767022676,Transitioning LS,5
NY,2019-2023,816200055290487,44.807005,-74.807103,0.41092347073227586,Not LSOG,1
NY,2019-2023,816200057290487,44.697179,-74.839402,0.35889825854354157,Not LSOG,0
NY,2019-2023,816200059290487,43.549199,-74.126036,0.8991573219657407,LS,6
NY,2019-2023,816200060290487,43.439915,-74.054217,0.851733639467944,Not LSOG,3
NY,2019-2023,816200063290487,43.300492,-74.183749,0.5085895169837219,Not LSOG,2
NY,2019-2023,816200064290487,43.187849,-74.210332,0.4400532344947743,Not LSOG,1
NY,2019-2023,816200065290487,43.015178,-74.348015,0.35889825854354157,Not LSOG,0
NY,2019-2023,816200067290487,42.955405,-74.54176,0.478710635891324,Not LSOG,3
NY,2019-2023,816200068290487,43.13689,-73.879985,0.35889825854354157,Not LSOG,0
NY,2019-2023,816200076290487,40.856467,-72.981711,0.35889825854354157,Not LSOG,0
NY,2019-2023,816200078290487,41.801773,-73.528262,0.35889825854354157,Not LSOG,0
NY,2019-2023,816200080290487,41.735655,-73.917909,0.964342007917639,Not LSOG,3
NY,2019-2023,816200081290487,41.651181,-73.693314,0.5632497363028597,Not LSOG,3
NY,2019-2023,816200085290487,41.261758,-73.783644,0.9506528758763151,Not LSOG,2
NY,2019-2023,816200087290487,40.825127,-73.664797,0.8036176777332611,Not LSOG,2
NY,2019-2023,816200092290487,42.129973,-73.660772,0.5085895169837219,Not LSOG,2
NY,2019-2023,816200094290487,41.468006,-73.942441,0.837273478312726,Not LSOG,3
NY,2019-2023,816200095290487,41.40231,-73.816843,0.8217520793104077,Not LSOG,2
NY,2019-2023,816200096290487,41.329832,-73.88964,0.5207112134817811,Transitioning LS,4
NY,2019-2023,816200099290487,41.306301,-74.051927,0.869963093237691,LS,7
NY,2019-2023,816200100290487,41.143278,-74.133618,0.964342007917639,Not LSOG,3
NY,2019-2023,816200105290487,40.861668,-72.579714,0.5359821513544414,Not LSOG,3
NY,2019-2023,816200109290487,42.095158,-78.263434,0.8585830515288004,Not LSOG,3
NY,2019-2023,816200112290487,42.024292,-75.737605,0.8991573219657407,LS,6
NY,2019-2023,816200116290487,42.673077,-74.285425,0.8941061485582746,Transitioning LS,5
NY,2019-2023,816200117290487,42.497094,-74.516321,0.878391225261428,Transitioning LS,4
NY,2019-2023,816200118290487,41.953606,-74.747045,0.8774244810210192,Transitioning LS,4
NY,2019-2023,816200119290487,43.477424,-74.049543,0.9094633086938658,LS,6
NY,2019-2023,816200121290487,41.911271,-75.218004,0.9726891412582497,Transitioning LS,4
NY,2019-2023,816200122290487,42.794068,-74.702597,0.8283792514818312,Not LSOG,3
NY,2019-2023,816200123290487,44.127665,-74.342313,0.5766095642896547,Transitioning LS,4
NY,2019-2023,816200124290487,44.001485,-74.256326,0.8949916030871414,Transitioning LS,4
NY,2019-2023,816200125290487,43.72271,-74.41715,0.851733639467944,Not LSOG,3
NY,2019-2023,816200126290487,42.733643,-75.445234,0.7665729285029963,Not LSOG,1
NY,2019-2023,816200128290487,42.382186,-75.347052,0.837273478312726,Not LSOG,3
NY,2019-2023,816200129290487,42.32365,-75.578323,0.8217520793104077,Not LSOG,2
NY,2019-2023,816200131290487,43.559175,-75.052998,0.8773849697853262,Transitioning LS,5
NY,2019-2023,816200134290487,42.304897,-76.956874,0.35889825854354157,Not LSOG,0
NY,2019-2023,816200135290487,42.433091,-76.853568,0.46501998657175836,Not LSOG,2
NY,2019-2023,816200137290487,42.15665,-77.367648,0.35889825854354157,Not LSOG,0
NY,2019-2023,816200141290487,42.542392,-76.755,0.7856458444806332,Not LSOG,2
NY,2019-2023,1191495373290487,43.676629,-75.726127,0.5222030120440209,Not LSOG,3
NY,2019-2023,1191495374290487,43.577181,-75.602589,0.7856458444806332,Not LSOG,2
NY,2019-2023,1191495375290487,43.41806,-75.685998,0.863269481987568,LS,6
NY,2019-2023,1191495377290487,42.256876,-76.46995,0.837273478312726,Not LSOG,3
NY,2019-2023,1191495378290487,43.707121,-76.092299,0.8036176777332611,Not LSOG,2
NY,2019-2023,1191495381290487,43.089277,-73.905273,0.35889825854354157,Not LSOG,0
NY,2019-2023,1191495383290487,41.60807,-74.915708,0.8881618997828408,LS,6
NY,2019-2023,1191495385290487,44.195164,-73.719429,0.6031690171837039,Transitioning LS,5
NY,2019-2023,1191495386290487,43.212385,-74.35699,0.9297207000747968,LS,7
NY,2019-2023,1191495387290487,43.796339,-74.363124,0.803559701870338,Not LSOG,3
NY,2019-2023,1191495388290487,43.582637,-74.346303,0.5766095642896547,Transitioning LS,4
NY,2019-2023,1191495392290487,42.026913,-73.556508,0.4400532344947743,Not LSOG,1
NY,2019-2023,1191495396290487,43.544225,-73.404374,0.35889825854354157,Not LSOG,0
NY,2019-2023,1191495401290487,42.746386,-76.819086,0.35889825854354157,Not LSOG,0
NY,2019-2023,1191495403290487,42.278163,-77.675382,0.803559701870338,Not LSOG,3
NY,2019-2023,1191495405290487,42.082247,-79.029995,0.9792919785928946,LS,6
NY,2019-2023,1191495406290487,41.183335,-73.739988,0.35889825854354157,Not LSOG,0
NY,2019-2023,1191495407290487,41.118375,-72.361749,0.35889825854354157,Not LSOG,0
NY,2019-2023,1191495409290487,42.037914,-79.5753,0.4400532344947743,Not LSOG,1
NY,2019-2023,1191495417290487,42.211346,-78.552153,0.7665729285029963,Not LSOG,1
NY,2019-2023,1191495420290487,42.664291,-75.828239,0.7665729285029963,Not LSOG,1
NY,2019-2023,1191495421290487,43.236266,-75.573211,0.8639735902974572,Transitioning LS,5
NY,2019-2023,1191495422290487,43.291059,-73.612325,0.7665729285029963,Not LSOG,1
NY,2019-2023,1191495423290487,42.938099,-73.619957,0.9134728897723731,LS,6
NY,2019-2023,1191495424290487,42.788894,-74.188698,0.8203730008193644,Not LSOG,3
NY,2019-2023,1191495426290487,41.717128,-73.799266,0.9134728897723731,LS,6
NY,2019-2023,1191495429290487,43.463641,-75.867649,0.8121997785872084,Not LSOG,2
NY,2019-2023,1191495431290487,43.940732,-74.052278,0.8203730008193644,Not LSOG,3
NY,2019-2023,1191495433290487,42.625377,-77.274647,0.5900514209381034,Transitioning LS,4
NY,2019-2023,1191495434290487,42.695603,-77.384549,0.4400532344947743,Not LSOG,1
NY,2019-2023,1191495437290487,43.071018,-76.671232,0.8703850780882944,Transitioning LS,4
NY,2019-2023,1191495438290487,42.822161,-76.986481,0.49261696079620926,Not LSOG,2
NY,2019-2023,1191495439290487,44.933669,-74.090743,0.7665729285029963,Not LSOG,1
NY,2019-2023,1191495440290487,44.460048,-74.610098,0.7856458444806332,Not LSOG,2
NY,2019-2023,1191495442290487,43.687562,-74.826258,0.850544335856705,Transitioning LS,4
NY,2019-2023,1191495443290487,42.798607,-75.383664,0.837273478312726,Not LSOG,3
NY,2019-2023,1191495444290487,44.221546,-75.143628,0.7856458444806332,Not LSOG,2
NY,2019-2023,1191495447290487,44.759224,-73.849577,0.8203730008193644,Not LSOG,3
NY,2019-2023,1191495450290487,43.467604,-73.80254,0.8896429660466834,Transitioning LS,5
NY,2019-2023,1191495451290487,43.02259,-74.092669,0.3845374708426333,Not LSOG,1
NY,2019-2023,1191495453290487,42.441629,-74.53006,0.7665729285029963,Not LSOG,1
NY,2019-2023,1191495454290487,41.974518,-74.668774,0.869963093237691,LS,7
NY,2019-2023,1191495459290487,42.582572,-76.597157,0.35889825854354157,Not LSOG,0
NY,2019-2023,1191495460290487,44.370955,-75.792004,0.8121997785872084,Not LSOG,2
NY,2019-2023,1191495461290487,43.639977,-74.077321,0.8661648650680799,Not LSOG,3
NY,2019-2023,1191495464290487,42.5101,-73.613645,0.8585830515288004,Not LSOG,3
NY,2019-2023,1191495465290487,42.252276,-73.930639,0.8650729822216768,Transitioning LS,4
NY,2019-2023,1191495466290487,43.077473,-78.573334,0.41092347073227586,Not LSOG,1
NY,2019-2023,1191495469290487,42.310431,-79.525746,0.8351691974613322,Transitioning LS,5
NY,2019-2023,1191495475290487,42.462647,-78.450339,0.43774160768540166,Not LSOG,2
NY,2019-2023,1191495477290487,42.194797,-78.406555,0.7665729285029963,Not LSOG,1
NY,2019-2023,1191495478290487,42.127944,-78.59384,0.8217520793104077,Not LSOG,2
NY,2019-2023,1191495479290487,42.086907,-77.453671,0.4400532344947743,Not LSOG,1
NY,2019-2023,1191495480290487,42.137604,-77.769203,0.8713992043411672,Transitioning LS,4
NY,2019-2023,1191495483290487,43.137759,-78.388378,0.5031467940856401,Transitioning LS,5
NY,2019-2023,1191495488290487,42.908988,-78.198282,0.5222030120440209,Not LSOG,3
NY,2019-2023,1191495491290487,42.529402,-78.388363,0.35889825854354157,Not LSOG,0
NY,2019-2023,1191495493290487,42.711868,-78.631837,0.35889825854354157,Not LSOG,0
NY,2019-2023,1191495496290487,42.812392,-77.907401,0.8643736713214049,Transitioning LS,5
NY,2019-2023,1191495497290487,42.67962,-77.968363,0.8203730008193644,Not LSOG,3
NY,2019-2023,1191495498290487,42.441727,-77.876815,0.7665729285029963,Not LSOG,1
NY,2019-2023,1191495500290487,42.351189,-77.982033,0.8516872467889065,Transitioning LS,4
NY,2019-2023,1191495501290487,42.26836,-78.027575,0.35889825854354157,Not LSOG,0
NY,2019-2023,1191495502290487,42.370889,-78.097676,0.8203730008193644,Not LSOG,3
NY,2019-2023,1191495503290487,42.183119,-77.915839,0.4094771280111531,Not LSOG,2
NY,2019-2023,1191495504290487,42.08126,-77.926761,0.8036176777332611,Not LSOG,2
NY,2019-2023,1191495507290487,43.061383,-77.02599,0.35889825854354157,Not LSOG,0
NY,2019-2023,1191495508290487,42.997186,-76.907859,0.41092347073227586,Not LSOG,1
NY,2019-2023,1191495513290487,43.123239,-77.287364,0.35889825854354157,Not LSOG,0
NY,2019-2023,1191495514290487,42.843584,-77.284559,0.5085895169837219,Not LSOG,2
NY,2019-2023,1191495519290487,44.014666,-76.240861,0.46501998657175836,Not LSOG,2
NY,2019-2023,1191495520290487,44.117742,-76.323931,0.35889825854354157,Not LSOG,0
NY,2019-2023,1191495521290487,42.027555,-78.125295,0.7856458444806332,Not LSOG,2
NY,2019-2023,1191495522290487,42.080334,-78.318921,0.8767403783002027,LS,6
NY,2019-2023,1191495524290487,42.629622,-77.434252,0.8217520793104077,Not LSOG,2
NY,2019-2023,1191495525290487,42.685362,-77.564736,0.8283792514818312,Not LSOG,3
NY,2019-2023,1191495526290487,42.581905,-77.551461,0.837273478312726,Not LSOG,3
NY,2019-2023,1191495527290487,42.431473,-77.566043,0.7665729285029963,Not LSOG,1
NY,2019-2023,1191495528290487,42.485897,-77.725264,0.8888332446085989,Transitioning LS,4
NY,2019-2023,1191495529290487,42.296588,-77.621857,0.7665729285029963,Not LSOG,1
NY,2019-2023,1191495532290487,42.492233,-79.288382,0.35889825854354157,Not LSOG,0
NY,2019-2023,1191495534290487,42.410765,-79.328378,0.35889825854354157,Not LSOG,0
NY,2019-2023,1191495535290487,42.360652,-79.384977,0.6003036749030327,LS,7
NY,2019-2023,1191495536290487,42.273529,-79.395702,0.7665729285029963,Not LSOG,1
NY,2019-2023,1191495540290487,42.184068,-78.805633,0.7665729285029963,Not LSOG,1
NY,2019-2023,1191495541290487,42.247979,-78.898548,0.7856458444806332,Not LSOG,2
NY,2019-2023,1191495542290487,42.003382,-78.868581,0.8767403783002027,LS,6
NY,2019-2023,1191495543290487,42.42605,-79.151427,0.35889825854354157,Not LSOG,0
NY,2019-2023,1191495544290487,42.292518,-78.978315,0.9555569551505428,Not LSOG,3
NY,2019-2023,1191495547290487,42.199317,-79.131131,0.6017372174003642,LS,6
NY,2019-2023,1191495550290487,43.292161,-77.946044,0.49261696079620926,Not LSOG,2
NY,2019-2023,1191495554290487,43.19714,-77.837732,0.4634417240017915,Transitioning LS,4
NY,2019-2023,1191495558290487,43.244436,-78.532845,0.35889825854354157,Not LSOG,0
NY,2019-2023,1191495560290487,43.20622,-78.426881,0.41092347073227586,Not LSOG,1
NY,2019-2023,1191495561290487,42.980114,-78.463327,0.35889825854354157,Not LSOG,0
NY,2019-2023,1191495568290487,42.783599,-78.764565,0.35889825854354157,Not LSOG,0
NY,2019-2023,1191495571290487,42.560854,-78.721751,0.7665729285029963,Not LSOG,1
NY,2019-2023,1191495577290487,42.765411,-77.209194,0.4400532344947743,Not LSOG,1
NY,2019-2023,1191495578290487,42.379167,-77.410937,0.46726448961575995,Not LSOG,2
NY,2019-2023,1191495580290487,42.325904,-77.4536,0.41092347073227586,Not LSOG,1
NY,2019-2023,1191495581290487,42.23963,-77.516871,0.7665729285029963,Not LSOG,1
NY,2019-2023,1191495582290487,43.117561,-77.694628,0.7665729285029963,Not LSOG,1
NY,2019-2023,1191495584290487,42.85606,-77.673815,0.35889825854354157,Not LSOG,0
NY,2019-2023,1191495591290487,42.659959,-78.135589,0.4400532344947743,Not LSOG,1
NY,2019-2023,1191495592290487,42.166179,-77.524407,0.35889825854354157,Not LSOG,0
NY,2019-2023,1191495594290487,42.758178,-75.616703,0.837273478312726,Not LSOG,3
NY,2019-2023,1191495597290487,42.632317,-75.637499,0.7665729285029963,Not LSOG,1
NY,2019-2023,1191495599290487,42.258632,-75.83387,0.8516872467889065,Transitioning LS,4
NY,2019-2023,1191495600290487,42.465961,-75.783398,0.4400532344947743,Not LSOG,1
NY,2019-2023,1191495602290487,44.490075,-74.430937,0.8773849697853262,Transitioning LS,5
NY,2019-2023,1191495603290487,44.402114,-74.314623,0.8887543407188971,Transitioning LS,5
NY,2019-2023,1191495604290487,44.291022,-74.350334,0.9212777551584599,OG,9
NY,2019-2023,1191495606290487,44.449627,-74.660672,0.7665729285029963,Not LSOG,1
NY,2019-2023,1191495607290487,44.114397,-74.503523,0.837273478312726,Not LSOG,3
NY,2019-2023,1191495608290487,42.894323,-74.623814,0.5085895169837219,Not LSOG,2
NY,2019-2023,1191495610290487,42.760904,-74.588671,0.35889825854354157,Not LSOG,0
NY,2019-2023,1191495613290487,42.520518,-74.698694,0.3845374708426333,Not LSOG,1
NY,2019-2023,1191495616290487,42.455902,-74.877089,0.8650729822216768,Transitioning LS,4
NY,2019-2023,1191495622290487,44.247707,-73.477068,0.35889825854354157,Not LSOG,0
NY,2019-2023,1191495623290487,44.363623,-73.631075,0.4108345577109649,Not LSOG,2
NY,2019-2023,1191495624290487,44.166547,-73.544228,0.9094633086938658,LS,6
NY,2019-2023,1191495626290487,44.096144,-73.586763,0.7856458444806332,Not LSOG,2
NY,2019-2023,1191495627290487,44.11968,-73.762669,0.8991573219657407,LS,6
NY,2019-2023,1191495628290487,43.150171,-74.087747,0.8896429660466834,Transitioning LS,5
NY,2019-2023,1191495631290487,42.737881,-74.342708,0.7665729285029963,Not LSOG,1
NY,2019-2023,1191495634290487,42.128164,-73.835815,0.4497200474460014,Transitioning LS,4
NY,2019-2023,1191495635290487,41.901127,-73.803022,0.35889825854354157,Not LSOG,0
NY,2019-2023,1191495637290487,42.580363,-74.953527,0.9555569551505428,Not LSOG,3
NY,2019-2023,1191495639290487,43.99985,-73.706403,0.8767403783002027,LS,6
NY,2019-2023,1191495640290487,44.057484,-73.824321,0.8203730008193644,Not LSOG,3
NY,2019-2023,1191495641290487,43.836276,-73.812983,0.8650729822216768,Transitioning LS,4
NY,2019-2023,1191495642290487,43.920216,-73.861585,0.8774244810210192,Transitioning LS,4
NY,2019-2023,1191495643290487,43.784118,-73.830615,0.8661648650680799,Not LSOG,3
NY,2019-2023,1191495644290487,43.800099,-73.98199,0.7665729285029963,Not LSOG,1
NY,2019-2023,1191495645290487,44.415084,-73.707295,0.8773849697853262,Transitioning LS,5
NY,2019-2023,1191495646290487,43.69441,-73.857973,0.7665729285029963,Not LSOG,1
NY,2019-2023,1191495647290487,43.566716,-74.043164,0.7856458444806332,Not LSOG,2
NY,2019-2023,1191495651290487,42.341794,-74.015345,0.8217520793104077,Not LSOG,2
NY,2019-2023,1191495654290487,42.037552,-74.138453,0.4400532344947743,Not LSOG,1
NY,2019-2023,1191495655290487,42.184297,-74.181126,0.84343352165335,Transitioning LS,4
NY,2019-2023,1191495656290487,41.780949,-73.858383,0.35889825854354157,Not LSOG,0
NY,2019-2023,1191495658290487,41.480845,-74.12484,0.5609392565656609,Transitioning LS,4
NY,2019-2023,1191495659290487,41.527696,-74.171688,0.9620784686830145,Not LSOG,3
NY,2019-2023,1191495662290487,42.608032,-74.062302,0.35889825854354157,Not LSOG,0
NY,2019-2023,1191495663290487,42.458749,-73.999154,0.8585830515288004,Not LSOG,3
NY,2019-2023,1191495664290487,42.553094,-74.130473,0.7856458444806332,Not LSOG,2
NY,2019-2023,1191495666290487,42.310925,-74.097837,0.837273478312726,Not LSOG,3
NY,2019-2023,1191495667290487,42.238204,-74.121598,0.6039845747244761,Transitioning LS,5
NY,2019-2023,1191495668290487,42.290092,-74.260551,0.6420282107162432,Transitioning LS,5
NY,2019-2023,1191495669290487,42.342811,-74.419453,0.49241742946031425,Not LSOG,3
NY,2019-2023,1191495670290487,41.953532,-74.097016,0.837273478312726,Not LSOG,3
NY,2019-2023,1191495671290487,41.927169,-74.186398,0.8767403783002027,LS,6
NY,2019-2023,1191495673290487,41.863267,-74.223706,0.8713992043411672,Transitioning LS,4
NY,2019-2023,1191495674290487,41.889448,-74.32692,0.84343352165335,Transitioning LS,4
NY,2019-2023,1191495675290487,41.809718,-74.202442,0.46501998657175836,Not LSOG,2
NY,2019-2023,1191495676290487,41.772344,-74.252604,0.46501998657175836,Not LSOG,2
NY,2019-2023,1191495677290487,41.55576,-74.245405,0.3845374708426333,Not LSOG,1
NY,2019-2023,1191495678290487,41.641121,-74.347855,0.8767403783002027,LS,6
NY,2019-2023,1191495679290487,41.747612,-74.48003,0.8490180733078478,LS,6
NY,2019-2023,1191495680290487,41.495966,-74.379927,0.8713992043411672,Transitioning LS,4
NY,2019-2023,1191495682290487,41.432676,-74.334384,0.43774160768540166,Not LSOG,2
NY,2019-2023,1191495684290487,43.230413,-73.290585,0.35889825854354157,Not LSOG,0
NY,2019-2023,1191495685290487,43.264533,-73.451576,0.5480286265220771,Transitioning LS,5
NY,2019-2023,1191495686290487,42.613563,-73.344056,0.8713992043411672,Transitioning LS,4
NY,2019-2023,1191495687290487,42.578053,-73.518424,0.35889825854354157,Not LSOG,0
NY,2019-2023,1191495688290487,42.584737,-73.437013,0.8217520793104077,Not LSOG,2
NY,2019-2023,1191495689290487,42.326624,-73.514386,0.8434820216567019,Not LSOG,3
NY,2019-2023,1191495690290487,42.100907,-74.417392,0.9089698577917759,LS,7
NY,2019-2023,1191495691290487,41.957972,-74.502883,0.7856458444806332,Not LSOG,2
NY,2019-2023,1191495692290487,41.891092,-74.406166,0.8516872467889065,Transitioning LS,4
NY,2019-2023,1191495694290487,41.691269,-74.614588,0.8832118616472985,Transitioning LS,5
NY,2019-2023,1191495695290487,41.574881,-74.577292,0.5222030120440209,Not LSOG,3
NY,2019-2023,1191495699290487,41.426764,-74.672009,0.5480286265220771,Transitioning LS,5
NY,2019-2023,1191495700290487,43.664133,-73.490165,0.5480286265220771,Transitioning LS,5
NY,2019-2023,1191495701290487,43.643729,-73.550491,0.9089698577917759,LS,7
NY,2019-2023,1191495703290487,43.323808,-73.363926,0.7665729285029963,Not LSOG,1
NY,2019-2023,1191495707290487,43.072562,-73.377143,0.8026725062172125,Not LSOG,3
NY,2019-2023,1191495708290487,42.850144,-73.334326,0.35889825854354157,Not LSOG,0
NY,2019-2023,1191495709290487,42.968971,-73.397897,0.41092347073227586,Not LSOG,1
NY,2019-2023,1191495713290487,42.79643,-73.589138,0.41092347073227586,Not LSOG,1
NY,2019-2023,1191495714290487,42.725737,-73.463975,0.869963093237691,LS,7
NY,2019-2023,1191495718290487,42.82175,-76.649504,0.4932693793385969,Not LSOG,3
NY,2019-2023,1191495720290487,42.466243,-76.636005,0.35889825854354157,Not LSOG,0
NY,2019-2023,1191495721290487,42.423523,-76.689307,0.8036176777332611,Not LSOG,2
NY,2019-2023,1191495723290487,42.272861,-76.784181,0.8283792514818312,Not LSOG,3
NY,2019-2023,1191495724290487,42.262559,-76.936157,0.7665729285029963,Not LSOG,1
NY,2019-2023,1191495726290487,44.382703,-75.444995,0.7665729285029963,Not LSOG,1
NY,2019-2023,1191495728290487,44.338455,-75.638519,0.35889825854354157,Not LSOG,0
NY,2019-2023,1191495729290487,44.229547,-75.543846,0.7665729285029963,Not LSOG,1
NY,2019-2023,1191495730290487,44.227724,-75.699084,0.35889825854354157,Not LSOG,0
NY,2019-2023,1191495734290487,44.206728,-74.630149,0.7856458444806332,Not LSOG,2
NY,2019-2023,1191495735290487,44.078743,-74.672257,0.7856458444806332,Not LSOG,2
NY,2019-2023,1191495736290487,44.071916,-74.731844,0.35889825854354157,Not LSOG,0
NY,2019-2023,1191495737290487,43.953143,-74.738001,0.7856458444806332,Not LSOG,2
NY,2019-2023,1191495738290487,43.99448,-74.805546,0.8650729822216768,Transitioning LS,4
NY,2019-2023,1191495739290487,43.933602,-74.840499,0.8516872467889065,Transitioning LS,4
NY,2019-2023,1191495740290487,44.031687,-74.930776,0.8359905191071977,Transitioning LS,4
NY,2019-2023,1191495742290487,43.696491,-74.736649,0.5198604916825833,Transitioning LS,4
NY,2019-2023,1191495743290487,43.820821,-74.942214,0.8217520793104077,Not LSOG,2
NY,2019-2023,1191495744290487,43.667637,-74.953344,0.837273478312726,Not LSOG,3
NY,2019-2023,1191495746290487,43.532809,-74.912047,0.7856458444806332,Not LSOG,2
NY,2019-2023,1191495748290487,43.029451,-76.817612,0.4400532344947743,Not LSOG,1
NY,2019-2023,1191495750290487,42.677905,-76.73182,0.49467189604198514,Not LSOG,3
NY,2019-2023,1191495751290487,42.513852,-76.791622,0.8203730008193644,Not LSOG,3
NY,2019-2023,1191495754290487,43.899947,-75.902181,0.8121997785872084,Not LSOG,2
NY,2019-2023,1191495755290487,42.195662,-75.592885,0.4513976092169017,Not LSOG,2
NY,2019-2023,1191495756290487,42.053088,-75.859374,0.35889825854354157,Not LSOG,0
NY,2019-2023,1191495757290487,44.906754,-74.417224,0.7665729285029963,Not LSOG,1
NY,2019-2023,1191495758290487,44.725508,-74.47644,0.7665729285029963,Not LSOG,1
NY,2019-2023,1191495760290487,44.859575,-74.535441,0.41092347073227586,Not LSOG,1
NY,2019-2023,1191495766290487,43.83833,-75.764385,0.7665729285029963,Not LSOG,1
NY,2019-2023,1191495767290487,43.784515,-75.854026,0.7856458444806332,Not LSOG,2
NY,2019-2023,1191495768290487,43.458479,-76.039351,0.837273478312726,Not LSOG,3
NY,2019-2023,1191495772290487,43.108282,-76.451961,0.5183681248853743,Transitioning LS,5
NY,2019-2023,1191495773290487,43.226131,-76.501566,0.869963093237691,LS,7
NY,2019-2023,1191495775290487,43.295355,-76.711898,0.43774160768540166,Not LSOG,2
NY,2019-2023,1191495776290487,42.931115,-75.273707,0.35889825854354157,Not LSOG,0
NY,2019-2023,1191495777290487,42.6322,-75.107204,0.8713992043411672,Transitioning LS,4
NY,2019-2023,1191495782290487,42.517824,-75.55654,0.7665729285029963,Not LSOG,1
NY,2019-2023,1191495785290487,44.469891,-74.102482,0.803559701870338,Not LSOG,3
NY,2019-2023,1191495786290487,44.400425,-73.941278,0.837273478312726,Not LSOG,3
NY,2019-2023,1191495787290487,44.31445,-74.198545,0.9256093048012587,OG,8
NY,2019-2023,1191495788290487,44.233002,-74.209456,0.4108345577109649,Not LSOG,2
NY,2019-2023,1191495789290487,44.106852,-74.138619,0.4649286067077748,Not LSOG,3
NY,2019-2023,1191495790290487,44.18787,-74.294009,0.8774244810210192,Transitioning LS,4
NY,2019-2023,1191495791290487,44.269292,-74.381292,0.9082208029776568,LS,7
NY,2019-2023,1191495792290487,43.46804,-75.285688,0.35889825854354157,Not LSOG,0
NY,2019-2023,1191495794290487,43.617586,-75.433478,0.5222030120440209,Not LSOG,3
NY,2019-2023,1191495801290487,42.361911,-76.550428,0.9726891412582497,Transitioning LS,4
NY,2019-2023,1191495802290487,42.124974,-76.491385,0.35889825854354157,Not LSOG,0
NY,2019-2023,1191495803290487,42.12251,-76.564267,0.837273478312726,Not LSOG,3
NY,2019-2023,1191495809290487,42.002347,-76.740899,0.7856458444806332,Not LSOG,2
NY,2019-2023,1191495810290487,44.103216,-75.051784,0.46726448961575995,Not LSOG,2
NY,2019-2023,1191495811290487,42.981243,-76.025312,0.8036176777332611,Not LSOG,2
NY,2019-2023,1191495812290487,42.845074,-76.047356,0.7665729285029963,Not LSOG,1
NY,2019-2023,1191495815290487,44.74488,-74.032873,0.35889825854354157,Not LSOG,0
NY,2019-2023,1191495817290487,44.670855,-74.252241,0.9256093048012587,OG,8
NY,2019-2023,1191495818290487,44.627277,-74.135009,0.8887543407188971,Transitioning LS,5
NY,2019-2023,1191495819290487,44.552535,-74.21877,0.7856458444806332,Not LSOG,2
NY,2019-2023,1191495822290487,43.872358,-75.067568,0.4400532344947743,Not LSOG,1
NY,2019-2023,1191495823290487,43.93924,-75.198915,0.7856458444806332,Not LSOG,2
NY,2019-2023,1191495824290487,43.846074,-75.202374,0.7665729285029963,Not LSOG,1
NY,2019-2023,1191495825290487,43.704826,-75.152382,0.7856458444806332,Not LSOG,2
NY,2019-2023,1191495826290487,43.78505,-75.257429,0.8203730008193644,Not LSOG,3
NY,2019-2023,1191495827290487,43.736961,-75.301299,0.8941061485582746,Transitioning LS,5
NY,2019-2023,1191495829290487,43.649509,-75.393894,0.46204679119065506,Transitioning LS,4
NY,2019-2023,1191495834290487,42.650525,-76.389775,0.5495998874225577,Not LSOG,3
NY,2019-2023,1191495837290487,44.653646,-75.017046,0.837273478312726,Not LSOG,3
NY,2019-2023,1191495840290487,44.48796,-74.985023,0.8036176777332611,Not LSOG,2
NY,2019-2023,1191495841290487,44.492269,-75.202327,0.8203730008193644,Not LSOG,3
NY,2019-2023,1191495842290487,44.308588,-75.099952,0.7856458444806332,Not LSOG,2
NY,2019-2023,1191495843290487,44.431342,-75.216468,0.7856458444806332,Not LSOG,2
NY,2019-2023,1191495844290487,44.264224,-75.139849,0.8121997785872084,Not LSOG,2
NY,2019-2023,1191495846290487,44.280353,-75.33789,0.7856458444806332,Not LSOG,2
NY,2019-2023,1191495847290487,42.212726,-76.991444,0.42437430288596234,Not LSOG,1
NY,2019-2023,1191495848290487,42.33075,-77.132268,0.7665729285029963,Not LSOG,1
NY,2019-2023,1191495850290487,42.149564,-77.199426,0.42437430288596234,Not LSOG,1
NY,2019-2023,1191495851290487,42.072263,-77.104632,0.7856458444806332,Not LSOG,2
NY,2019-2023,1191495852290487,44.004799,-75.887322,0.35889825854354157,Not LSOG,0
NY,2019-2023,1191495853290487,44.077811,-76.00927,0.35889825854354157,Not LSOG,0
NY,2019-2023,1191495854290487,44.198053,-76.117602,0.8928924427031723,OG,8
NY,2019-2023,1191495858290487,43.56857,-76.161555,0.8767403783002027,LS,6
NY,2019-2023,1191495859290487,43.230468,-74.719943,0.8767403783002027,LS,6
NY,2019-2023,1191495861290487,43.41283,-75.002984,0.8825491367378212,LS,6
NY,2019-2023,1191495862290487,43.228573,-74.927584,0.7856458444806332,Not LSOG,2
NY,2019-2023,1191495866290487,42.784489,-75.108206,0.8360408765445584,Not LSOG,3
NY,2019-2023,1191495867290487,42.216186,-75.756669,0.8713992043411672,Transitioning LS,4
NY,2019-2023,1191495870290487,42.039663,-76.002866,0.4649286067077748,Not LSOG,3
NY,2019-2023,1191495871290487,42.021419,-76.060048,0.41092347073227586,Not LSOG,1
NY,2019-2023,1191495873290487,43.958666,-74.236359,0.837273478312726,Not LSOG,3
NY,2019-2023,1191495874290487,43.869683,-74.326964,0.8577582585660947,Transitioning LS,5
NY,2019-2023,1191495880290487,42.915278,-75.856885,0.7665729285029963,Not LSOG,1
NY,2019-2023,1191495881290487,44.733237,-75.416071,0.3845374708426333,Not LSOG,1
NY,2019-2023,1191495883290487,44.382231,-75.536464,0.7665729285029963,Not LSOG,1
NY,2019-2023,1191495884290487,44.299159,-75.654278,0.8774244810210192,Transitioning LS,4
NY,2019-2023,1191495885290487,44.15884,-75.795954,0.35889825854354157,Not LSOG,0
NY,2019-2023,1191495887290487,43.909484,-74.41137,0.7665729285029963,Not LSOG,1
NY,2019-2023,1191495888290487,43.877125,-74.456237,0.8217520793104077,Not LSOG,2
NY,2019-2023,1191495889290487,43.668365,-74.472363,0.8661648650680799,Not LSOG,3
NY,2019-2023,1191495890290487,43.811821,-74.69615,0.869963093237691,LS,7
NY,2019-2023,1191495891290487,43.586723,-74.674471,0.9042888385755765,LS,7
NY,2019-2023,1191495892290487,43.516666,-74.56474,0.8217520793104077,Not LSOG,2
NY,2019-2023,1191495893290487,43.587398,-74.861559,0.8713992043411672,Transitioning LS,4
NY,2019-2023,1191495894290487,43.451001,-74.803712,0.8577582585660947,Transitioning LS,5
NY,2019-2023,1191495895290487,42.782861,-75.82125,0.837273478312726,Not LSOG,3
NY,2019-2023,1191495897290487,42.516491,-75.913627,0.4400532344947743,Not LSOG,1
NY,2019-2023,1191495898290487,42.68791,-76.0153,0.7665729285029963,Not LSOG,1
NY,2019-2023,1191495901290487,42.397112,-76.027472,0.4108345577109649,Not LSOG,2
NY,2019-2023,1191495902290487,42.482426,-76.153162,0.8932141185242756,LS,6
NY,2019-2023,1191495904290487,44.390698,-74.707864,0.878391225261428,Transitioning LS,4
NY,2019-2023,1191495905290487,44.290439,-74.760357,0.35889825854354157,Not LSOG,0
NY,2019-2023,1191495906290487,44.421254,-74.809269,0.35889825854354157,Not LSOG,0
NY,2019-2023,1191495907290487,44.409083,-74.85059,0.7665729285029963,Not LSOG,1
NY,2019-2023,1191495908290487,44.170526,-74.85589,0.8217520793104077,Not LSOG,2
NY,2019-2023,1191495909290487,43.553333,-75.825266,0.8713992043411672,Transitioning LS,4
NY,2019-2023,1191495916290487,42.987692,-75.994583,0.5085895169837219,Not LSOG,2
NY,2019-2023,1191495917290487,43.093419,-76.104363,0.42437430288596234,Not LSOG,1
NY,2019-2023,1191495918290487,43.278809,-76.279938,0.6039845747244761,Transitioning LS,5
NY,2019-2023,1191495923290487,42.85322,-76.407797,0.5085895169837219,Not LSOG,2
NY,2019-2023,1191495924290487,42.904156,-76.47311,0.35889825854354157,Not LSOG,0
NY,2019-2023,1191495928290487,42.49735,-75.045099,0.7665729285029963,Not LSOG,1
NY,2019-2023,1191495929290487,42.517544,-75.18488,0.7856458444806332,Not LSOG,2
NY,2019-2023,1191495932290487,42.16987,-75.266061,0.7856458444806332,Not LSOG,2
NY,2019-2023,1191495933290487,42.13397,-75.247968,0.9679315627538535,Transitioning LS,4
NY,2019-2023,1191495934290487,42.043627,-75.509881,0.35889825854354157,Not LSOG,0
NY,2019-2023,1191495935290487,44.300071,-73.806646,0.8217520793104077,Not LSOG,2
NY,2019-2023,1191495936290487,44.164697,-73.844481,0.9181357729688834,LS,6
NY,2019-2023,1191495937290487,44.25694,-74.053428,0.8650729822216768,Transitioning LS,4
NY,2019-2023,1191495938290487,44.031715,-74.078346,0.8650729822216768,Transitioning LS,4
NY,2019-2023,1191495939290487,43.997798,-74.182154,0.9037701694042112,OG,8
NY,2019-2023,1191495940290487,44.03951,-75.314692,0.5359821513544414,Not LSOG,3
NY,2019-2023,1191495941290487,43.895617,-75.417046,0.42437430288596234,Not LSOG,1
NY,2019-2023,1191495942290487,43.973226,-75.504307,0.8650729822216768,Transitioning LS,4
NY,2019-2023,1191495944290487,43.73931,-75.51775,0.35889825854354157,Not LSOG,0
NY,2019-2023,1191495945290487,43.43184,-75.680364,0.7665729285029963,Not LSOG,1
NY,2019-2023,1191495946290487,43.729938,-74.251108,0.8585830515288004,Not LSOG,3
NY,2019-2023,1191495947290487,43.597576,-74.264294,0.837273478312726,Not LSOG,3
NY,2019-2023,1191495948290487,43.534539,-74.486475,0.7856458444806332,Not LSOG,2
NY,2019-2023,1191495951290487,43.377514,-74.633339,0.837273478312726,Not LSOG,3
NY,2019-2023,1191495952290487,43.157249,-74.594806,0.8991573219657407,LS,6
NY,2019-2023,1191495953290487,45.00019,-73.475066,0.35889825854354157,Not LSOG,0
NY,2019-2023,1191495956290487,43.795014,-73.408565,0.35889825854354157,Not LSOG,0
NY,2019-2023,1191495957290487,43.829865,-73.713968,0.8928924427031723,OG,8
NY,2019-2023,1191495958290487,43.457956,-75.110897,0.7665729285029963,Not LSOG,1
NY,2019-2023,1191495959290487,43.294406,-75.040322,0.8360408765445584,Not LSOG,3
NY,2019-2023,1191495961290487,43.333243,-75.207183,0.49241742946031425,Not LSOG,3
NY,2019-2023,1191495963290487,43.169168,-75.32425,0.35889825854354157,Not LSOG,0
NY,2019-2023,1191495965290487,43.065599,-75.38099,0.8121997785872084,Not LSOG,2
NY,2019-2023,1191495966290487,43.030135,-75.432776,0.35889825854354157,Not LSOG,0
NY,2019-2023,1191495967290487,44.939539,-73.592715,0.8203730008193644,Not LSOG,3
NY,2019-2023,1191495969290487,44.726309,-73.519928,0.35889825854354157,Not LSOG,0
NY,2019-2023,1191495970290487,44.63059,-73.531334,0.8283792514818312,Not LSOG,3
NY,2019-2023,1191495971290487,44.669516,-73.738002,0.35889825854354157,Not LSOG,0
NY,2019-2023,1191495972290487,44.505979,-73.676837,0.837273478312726,Not LSOG,3
NY,2019-2023,1191495973290487,44.546987,-73.802939,0.7856458444806332,Not LSOG,2
NY,2019-2023,1191495974290487,43.794781,-73.995821,0.7665729285029963,Not LSOG,1
NY,2019-2023,1191495975290487,44.355738,-73.772709,0.8036176777332611,Not LSOG,2
NY,2019-2023,1191495977290487,42.443291,-74.500754,0.8121997785872084,Not LSOG,2
NY,2019-2023,1191495978290487,42.215165,-74.553205,0.8121997785872084,Not LSOG,2
NY,2019-2023,1191495980290487,42.287907,-74.655364,0.35889825854354157,Not LSOG,0
NY,2019-2023,1191495981290487,42.171113,-74.589411,0.7856458444806332,Not LSOG,2
NY,2019-2023,1191495982290487,42.084799,-74.570901,0.7665729285029963,Not LSOG,1
NY,2019-2023,1191495983290487,42.044069,-74.624812,0.8887543407188971,Transitioning LS,5
NY,2019-2023,1191495985290487,44.972347,-73.558731,0.41092347073227586,Not LSOG,1
NY,2019-2023,1191495986290487,44.924904,-73.700918,0.43774160768540166,Not LSOG,2
NY,2019-2023,1191495987290487,44.908866,-73.780904,0.7665729285029963,Not LSOG,1
NY,2019-2023,1191495988290487,44.806277,-73.644946,0.41092347073227586,Not LSOG,1
NY,2019-2023,1191495989290487,44.51845,-73.833585,0.837273478312726,Not LSOG,3
NY,2019-2023,1191495990290487,44.62144,-73.990304,0.7665729285029963,Not LSOG,1
NY,2019-2023,1191495991290487,44.686627,-74.078504,0.7665729285029963,Not LSOG,1
NY,2019-2023,1191495992290487,41.983565,-74.859834,0.9506528758763151,Not LSOG,2
NY,2019-2023,1191495993290487,41.845973,-74.935024,0.8283792514818312,Not LSOG,3
NY,2019-2023,1191495994290487,41.641306,-74.855302,0.5359821513544414,Not LSOG,3
NY,2019-2023,1191495995290487,43.737275,-73.684767,0.8773849697853262,Transitioning LS,5
NY,2019-2023,1191495998290487,43.355788,-73.732188,0.9040626863231132,LS,6
NY,2019-2023,1191496001290487,43.295509,-73.982,0.803559701870338,Not LSOG,3
NY,2019-2023,1191496002290487,43.178423,-73.48672,0.8585830515288004,Not LSOG,3
NY,2019-2023,1191496003290487,43.131812,-74.631109,0.8516872467889065,Transitioning LS,4
NY,2019-2023,1191496004290487,43.083544,-74.646128,0.8203730008193644,Not LSOG,3
NY,2019-2023,1191496009290487,42.83348,-75.078677,0.7665729285029963,Not LSOG,1
NY,2019-2023,1191496011290487,42.324971,-74.987176,0.35889825854354157,Not LSOG,0
NY,2019-2023,1191496012290487,42.196375,-75.014258,0.837273478312726,Not LSOG,3
NY,2019-2023,1191496014290487,42.07972,-75.134567,0.41092347073227586,Not LSOG,1
NY,2019-2023,1191496016290487,41.822278,-75.093565,0.46726448961575995,Not LSOG,2
NY,2019-2023,1191496019290487,42.909207,-73.665209,0.8121997785872084,Not LSOG,2
NY,2019-2023,1191496020290487,42.999239,-73.829663,0.35889825854354157,Not LSOG,0
NY,2019-2023,1191496021290487,42.989541,-73.996061,0.49467189604198514,Not LSOG,3
NY,2019-2023,1191496022290487,42.835011,-73.903719,0.592320044161303,Not LSOG,3
NY,2019-2023,1191496024290487,42.697889,-73.958231,0.35889825854354157,Not LSOG,0
NY,2019-2023,1191496025290487,44.987288,-74.828481,0.35889825854354157,Not LSOG,0
NY,2019-2023,1191496027290487,44.785637,-74.748849,0.8203730008193644,Not LSOG,3
NY,2019-2023,1191496029290487,44.852883,-74.964556,0.35889825854354157,Not LSOG,0
NY,2019-2023,1191496030290487,44.74614,-74.871633,0.35889825854354157,Not LSOG,0
NY,2019-2023,1191496031290487,44.592819,-74.892035,0.803559701870338,Not LSOG,3
NY,2019-2023,1191496032290487,44.673965,-75.068558,0.35889825854354157,Not LSOG,0
NY,2019-2023,1191496034290487,43.376581,-74.097726,0.8949916030871414,Transitioning LS,4
NY,2019-2023,1191496035290487,43.475471,-74.187874,0.8994659620234805,LS,6
NY,2019-2023,1191496036290487,43.357181,-74.321255,0.5068957967189133,Transitioning LS,4
NY,2019-2023,1191496037290487,43.074792,-74.120387,0.7665729285029963,Not LSOG,1
NY,2019-2023,1191496038290487,43.129186,-74.45194,0.35889825854354157,Not LSOG,0
NY,2019-2023,1191496042290487,43.065255,-73.923932,0.35889825854354157,Not LSOG,0
NY,2019-2023,1191496044290487,40.952492,-73.392455,0.4400532344947743,Not LSOG,1
NY,2019-2023,1191496047290487,40.851061,-72.897879,0.7665729285029963,Not LSOG,1
NY,2019-2023,1191496053290487,41.74467,-73.762528,0.8713992043411672,Transitioning LS,4
NY,2019-2023,1191496054290487,41.662635,-73.802394,0.8283792514818312,Not LSOG,3
NY,2019-2023,1191496055290487,41.462629,-73.712591,0.8585830515288004,Not LSOG,3
NY,2019-2023,1191496057290487,41.520049,-73.920277,0.46501998657175836,Not LSOG,2
NY,2019-2023,1191496070290487,41.454354,-73.614591,0.49476371628767646,Not LSOG,2
NY,2019-2023,1191496080290487,40.858472,-72.731163,0.8036176777332611,Not LSOG,2
NY,2019-2023,1191496083290487,42.454557,-78.298945,0.35889825854354157,Not LSOG,0
NY,2019-2023,1191496084290487,42.068058,-78.507895,0.7856458444806332,Not LSOG,2
NY,2019-2023,1191496085290487,42.076662,-78.678644,0.9089698577917759,LS,7
NY,2019-2023,1191496087290487,42.344913,-79.008646,0.49476371628767646,Not LSOG,2
NY,2019-2023,1191496089290487,42.029533,-74.271467,0.35889825854354157,Not LSOG,0
NY,2019-2023,1191496090290487,43.347961,-74.845804,0.837273478312726,Not LSOG,3
NY,2019-2023,1191496091290487,43.495259,-75.97828,0.8661648650680799,Not LSOG,3
NY,2019-2023,1191496093290487,41.253602,-74.455072,0.7665729285029963,Not LSOG,1
NY,2019-2023,1191496094290487,41.349544,-74.574432,0.8036176777332611,Not LSOG,2
NY,2019-2023,1191496095290487,42.243415,-74.311483,0.8639735902974572,Transitioning LS,5
NY,2019-2023,1191496096290487,41.910183,-74.704429,0.8217520793104077,Not LSOG,2
NY,2019-2023,1191496097290487,42.633896,-74.229046,0.4400532344947743,Not LSOG,1
NY,2019-2023,1191496098290487,41.747037,-74.828404,0.46726448961575995,Not LSOG,2
NY,2019-2023,1191496099290487,43.244136,-74.207627,0.8359905191071977,Transitioning LS,4
NY,2019-2023,1191496100290487,43.211807,-74.393577,0.8928924427031723,OG,8
NY,2019-2023,1191496101290487,42.226451,-74.864913,0.8217520793104077,Not LSOG,2
NY,2019-2023,1191496103290487,43.871616,-74.154657,0.9600082850070001,Not LSOG,3
NY,2019-2023,1191496104290487,43.761321,-74.587945,0.8643736713214049,Transitioning LS,5
NY,2019-2023,1191496105290487,42.711857,-75.257855,0.3845374708426333,Not LSOG,1
NY,2019-2023,1191496106290487,42.741869,-75.31517,0.837273478312726,Not LSOG,3
NY,2019-2023,1191496107290487,43.56692,-75.28401,0.7856458444806332,Not LSOG,2
NY,2019-2023,1191496108290487,42.298762,-75.863236,0.7665729285029963,Not LSOG,1
NY,2019-2023,1191496109290487,42.267131,-76.523618,0.869963093237691,LS,7
NY,2019-2023,1191496110290487,43.540271,-75.772252,0.7856458444806332,Not LSOG,2
NY,2019-2023,1191496113290487,42.014695,-76.973681,0.42437430288596234,Not LSOG,1
NY,2019-2023,1191496116290487,42.550115,-77.319729,0.9676504159069808,Transitioning LS,4
NY,2019-2023,1191496120290487,42.465469,-76.780563,0.8941061485582746,Transitioning LS,5
